
    Directory: C:\Users\bgstr\source\repos\nodalmerge\benchmarks\results

Mode                 LastWriteTime         Length Name
----                 -------------         ------ ----
d----           7/22/2026 11:22 PM                logs
Using Mongo container: nodalmerge-mongo
Readiness: 7979=1, 8787=1
using deprecated parameters for `initSync()`; pass a single object instead
SDK scenario benchmark config:
{
  "peerCounts": [
    6
  ],
  "iterations": 2,
  "mapOps": 2,
  "listOps": 2,
  "blobOps": 2,
  "blobSizeBytes": 1024,
  "warmupOps": 4,
  "timeoutMs": 30000,
  "opDelayMs": 2,
  "transport": "ws-only",
  "authMode": "none",
  "tokenExpirySecs": 3600,
  "authTokenCaps": [
    "read:bench/**",
    "write:bench/**"
  ],
  "targets": [
    "rust-integrated-hosted-server",
    "dotnet-host-runtime-alias"
  ]
}

Target: rust-integrated-hosted-server (ws://127.0.0.1:7979)
[nodalmerge] [sdk] direct upload failed; falling back to ws Error: upload-denied: use-ws
    at directUpload (file:///C:/Users/bgstr/source/repos/nodalmerge/clients/web/sdk.js:329:13)
    at process.processTicksAndRejections (node:internal/process/task_queues:103:5)
[nodalmerge] [sdk] direct upload failed; falling back to ws Error: upload-denied: use-ws
    at directUpload (file:///C:/Users/bgstr/source/repos/nodalmerge/clients/web/sdk.js:329:13)
    at process.processTicksAndRejections (node:internal/process/task_queues:103:5)
  peers=6 iter=0 warmup=47.186ms map=62.02ms list=77.404ms blob=60.883ms
[nodalmerge] [sdk] direct upload failed; falling back to ws Error: upload-denied: use-ws
    at directUpload (file:///C:/Users/bgstr/source/repos/nodalmerge/clients/web/sdk.js:329:13)
    at process.processTicksAndRejections (node:internal/process/task_queues:103:5)
[nodalmerge] [sdk] direct upload failed; falling back to ws Error: upload-denied: use-ws
    at directUpload (file:///C:/Users/bgstr/source/repos/nodalmerge/clients/web/sdk.js:329:13)
    at process.processTicksAndRejections (node:internal/process/task_queues:103:5)
  peers=6 iter=1 warmup=46.552ms map=61.902ms list=77.039ms blob=61.911ms
  peers=6 warmup_avg=46.869ms map_samples=2 map_avg=61.961ms list_samples=2 list_avg=77.221ms blob_samples=2 blob_avg=61.397ms

Target: dotnet-host-runtime-alias (ws://127.0.0.1:8787)
  peers=6 iter=0 warmup=139.03ms map=60.999ms list=61.578ms blob=62.456ms
  peers=6 iter=1 warmup=46.179ms map=76.999ms list=75.676ms blob=76.372ms
  peers=6 warmup_avg=92.605ms map_samples=2 map_avg=68.999ms list_samples=2 list_avg=68.627ms blob_samples=2 blob_avg=69.414ms

Wrote results: C:\Users\bgstr\source\repos\nodalmerge\benchmarks\results\sdk-scenarios-peers6-ops2-integrated-vs-dotnet-mongo-clean.json

Done.
Smoke Status: Rust=ok, Dotnet=ok
using deprecated parameters for `initSync()`; pass a single object instead
SDK scenario benchmark config:
{
  "peerCounts": [
    6
  ],
  "iterations": 15,
  "mapOps": 6,
  "listOps": 6,
  "blobOps": 6,
  "blobSizeBytes": 1024,
  "warmupOps": 4,
  "timeoutMs": 45000,
  "opDelayMs": 2,
  "transport": "ws-only",
  "authMode": "none",
  "tokenExpirySecs": 3600,
  "authTokenCaps": [
    "read:bench/**",
    "write:bench/**"
  ],
  "targets": [
    "rust-integrated-hosted-server",
    "dotnet-host-runtime-alias"
  ]
}

Target: rust-integrated-hosted-server (ws://127.0.0.1:7979)
[nodalmerge] [sdk] direct upload failed; falling back to ws Error: upload-denied: use-ws
    at directUpload (file:///C:/Users/bgstr/source/repos/nodalmerge/clients/web/sdk.js:329:13)
    at process.processTicksAndRejections (node:internal/process/task_queues:103:5)
[nodalmerge] [sdk] direct upload failed; falling back to ws Error: upload-denied: use-ws
    at directUpload (file:///C:/Users/bgstr/source/repos/nodalmerge/clients/web/sdk.js:329:13)
    at process.processTicksAndRejections (node:internal/process/task_queues:103:5)
[nodalmerge] [sdk] direct upload failed; falling back to ws Error: upload-denied: use-ws
    at directUpload (file:///C:/Users/bgstr/source/repos/nodalmerge/clients/web/sdk.js:329:13)
    at process.processTicksAndRejections (node:internal/process/task_queues:103:5)
[nodalmerge] [sdk] direct upload failed; falling back to ws Error: upload-denied: use-ws
    at directUpload (file:///C:/Users/bgstr/source/repos/nodalmerge/clients/web/sdk.js:329:13)
    at process.processTicksAndRejections (node:internal/process/task_queues:103:5)
[nodalmerge] [sdk] direct upload failed; falling back to ws Error: upload-denied: use-ws
    at directUpload (file:///C:/Users/bgstr/source/repos/nodalmerge/clients/web/sdk.js:329:13)
    at process.processTicksAndRejections (node:internal/process/task_queues:103:5)
[nodalmerge] [sdk] direct upload failed; falling back to ws Error: upload-denied: use-ws
    at directUpload (file:///C:/Users/bgstr/source/repos/nodalmerge/clients/web/sdk.js:329:13)
    at process.processTicksAndRejections (node:internal/process/task_queues:103:5)
  peers=6 iter=0 warmup=46.683ms map=90.791ms list=106.082ms blob=106.978ms
[nodalmerge] [sdk] direct upload failed; falling back to ws Error: upload-denied: use-ws
    at directUpload (file:///C:/Users/bgstr/source/repos/nodalmerge/clients/web/sdk.js:329:13)
    at process.processTicksAndRejections (node:internal/process/task_queues:103:5)
[nodalmerge] [sdk] direct upload failed; falling back to ws Error: upload-denied: use-ws
    at directUpload (file:///C:/Users/bgstr/source/repos/nodalmerge/clients/web/sdk.js:329:13)
    at process.processTicksAndRejections (node:internal/process/task_queues:103:5)
[nodalmerge] [sdk] direct upload failed; falling back to ws Error: upload-denied: use-ws
    at directUpload (file:///C:/Users/bgstr/source/repos/nodalmerge/clients/web/sdk.js:329:13)
    at process.processTicksAndRejections (node:internal/process/task_queues:103:5)
[nodalmerge] [sdk] direct upload failed; falling back to ws Error: upload-denied: use-ws
    at directUpload (file:///C:/Users/bgstr/source/repos/nodalmerge/clients/web/sdk.js:329:13)
    at process.processTicksAndRejections (node:internal/process/task_queues:103:5)
[nodalmerge] [sdk] direct upload failed; falling back to ws Error: upload-denied: use-ws
    at directUpload (file:///C:/Users/bgstr/source/repos/nodalmerge/clients/web/sdk.js:329:13)
    at process.processTicksAndRejections (node:internal/process/task_queues:103:5)
[nodalmerge] [sdk] direct upload failed; falling back to ws Error: upload-denied: use-ws
    at directUpload (file:///C:/Users/bgstr/source/repos/nodalmerge/clients/web/sdk.js:329:13)
    at process.processTicksAndRejections (node:internal/process/task_queues:103:5)
  peers=6 iter=1 warmup=45.124ms map=106.539ms list=122.334ms blob=105.574ms
[nodalmerge] [sdk] direct upload failed; falling back to ws Error: upload-denied: use-ws
    at directUpload (file:///C:/Users/bgstr/source/repos/nodalmerge/clients/web/sdk.js:329:13)
    at process.processTicksAndRejections (node:internal/process/task_queues:103:5)
[nodalmerge] [sdk] direct upload failed; falling back to ws Error: upload-denied: use-ws
    at directUpload (file:///C:/Users/bgstr/source/repos/nodalmerge/clients/web/sdk.js:329:13)
    at process.processTicksAndRejections (node:internal/process/task_queues:103:5)
[nodalmerge] [sdk] direct upload failed; falling back to ws Error: upload-denied: use-ws
    at directUpload (file:///C:/Users/bgstr/source/repos/nodalmerge/clients/web/sdk.js:329:13)
    at process.processTicksAndRejections (node:internal/process/task_queues:103:5)
[nodalmerge] [sdk] direct upload failed; falling back to ws Error: upload-denied: use-ws
    at directUpload (file:///C:/Users/bgstr/source/repos/nodalmerge/clients/web/sdk.js:329:13)
    at process.processTicksAndRejections (node:internal/process/task_queues:103:5)
[nodalmerge] [sdk] direct upload failed; falling back to ws Error: upload-denied: use-ws
    at directUpload (file:///C:/Users/bgstr/source/repos/nodalmerge/clients/web/sdk.js:329:13)
    at process.processTicksAndRejections (node:internal/process/task_queues:103:5)
[nodalmerge] [sdk] direct upload failed; falling back to ws Error: upload-denied: use-ws
    at directUpload (file:///C:/Users/bgstr/source/repos/nodalmerge/clients/web/sdk.js:329:13)
    at process.processTicksAndRejections (node:internal/process/task_queues:103:5)
  peers=6 iter=2 warmup=46.906ms map=106.28ms list=100.74ms blob=96.876ms
[nodalmerge] [sdk] direct upload failed; falling back to ws Error: upload-denied: use-ws
    at directUpload (file:///C:/Users/bgstr/source/repos/nodalmerge/clients/web/sdk.js:329:13)
    at process.processTicksAndRejections (node:internal/process/task_queues:103:5)
[nodalmerge] [sdk] direct upload failed; falling back to ws Error: upload-denied: use-ws
    at directUpload (file:///C:/Users/bgstr/source/repos/nodalmerge/clients/web/sdk.js:329:13)
    at process.processTicksAndRejections (node:internal/process/task_queues:103:5)
[nodalmerge] [sdk] direct upload failed; falling back to ws Error: upload-denied: use-ws
    at directUpload (file:///C:/Users/bgstr/source/repos/nodalmerge/clients/web/sdk.js:329:13)
    at process.processTicksAndRejections (node:internal/process/task_queues:103:5)
[nodalmerge] [sdk] direct upload failed; falling back to ws Error: upload-denied: use-ws
    at directUpload (file:///C:/Users/bgstr/source/repos/nodalmerge/clients/web/sdk.js:329:13)
    at process.processTicksAndRejections (node:internal/process/task_queues:103:5)
[nodalmerge] [sdk] direct upload failed; falling back to ws Error: upload-denied: use-ws
    at directUpload (file:///C:/Users/bgstr/source/repos/nodalmerge/clients/web/sdk.js:329:13)
    at process.processTicksAndRejections (node:internal/process/task_queues:103:5)
[nodalmerge] [sdk] direct upload failed; falling back to ws Error: upload-denied: use-ws
    at directUpload (file:///C:/Users/bgstr/source/repos/nodalmerge/clients/web/sdk.js:329:13)
    at process.processTicksAndRejections (node:internal/process/task_queues:103:5)
  peers=6 iter=3 warmup=47.311ms map=107.29ms list=122.639ms blob=92.685ms
[nodalmerge] [sdk] direct upload failed; falling back to ws Error: upload-denied: use-ws
    at directUpload (file:///C:/Users/bgstr/source/repos/nodalmerge/clients/web/sdk.js:329:13)
    at process.processTicksAndRejections (node:internal/process/task_queues:103:5)
[nodalmerge] [sdk] direct upload failed; falling back to ws Error: upload-denied: use-ws
    at directUpload (file:///C:/Users/bgstr/source/repos/nodalmerge/clients/web/sdk.js:329:13)
    at process.processTicksAndRejections (node:internal/process/task_queues:103:5)
[nodalmerge] [sdk] direct upload failed; falling back to ws Error: upload-denied: use-ws
    at directUpload (file:///C:/Users/bgstr/source/repos/nodalmerge/clients/web/sdk.js:329:13)
    at process.processTicksAndRejections (node:internal/process/task_queues:103:5)
[nodalmerge] [sdk] direct upload failed; falling back to ws Error: upload-denied: use-ws
    at directUpload (file:///C:/Users/bgstr/source/repos/nodalmerge/clients/web/sdk.js:329:13)
    at process.processTicksAndRejections (node:internal/process/task_queues:103:5)
[nodalmerge] [sdk] direct upload failed; falling back to ws Error: upload-denied: use-ws
    at directUpload (file:///C:/Users/bgstr/source/repos/nodalmerge/clients/web/sdk.js:329:13)
    at process.processTicksAndRejections (node:internal/process/task_queues:103:5)
[nodalmerge] [sdk] direct upload failed; falling back to ws Error: upload-denied: use-ws
    at directUpload (file:///C:/Users/bgstr/source/repos/nodalmerge/clients/web/sdk.js:329:13)
    at process.processTicksAndRejections (node:internal/process/task_queues:103:5)
  peers=6 iter=4 warmup=46.776ms map=107.517ms list=122.278ms blob=92.584ms
[nodalmerge] [sdk] direct upload failed; falling back to ws Error: upload-denied: use-ws
    at directUpload (file:///C:/Users/bgstr/source/repos/nodalmerge/clients/web/sdk.js:329:13)
    at process.processTicksAndRejections (node:internal/process/task_queues:103:5)
[nodalmerge] [sdk] direct upload failed; falling back to ws Error: upload-denied: use-ws
    at directUpload (file:///C:/Users/bgstr/source/repos/nodalmerge/clients/web/sdk.js:329:13)
    at process.processTicksAndRejections (node:internal/process/task_queues:103:5)
[nodalmerge] [sdk] direct upload failed; falling back to ws Error: upload-denied: use-ws
    at directUpload (file:///C:/Users/bgstr/source/repos/nodalmerge/clients/web/sdk.js:329:13)
    at process.processTicksAndRejections (node:internal/process/task_queues:103:5)
[nodalmerge] [sdk] direct upload failed; falling back to ws Error: upload-denied: use-ws
    at directUpload (file:///C:/Users/bgstr/source/repos/nodalmerge/clients/web/sdk.js:329:13)
    at process.processTicksAndRejections (node:internal/process/task_queues:103:5)
[nodalmerge] [sdk] direct upload failed; falling back to ws Error: upload-denied: use-ws
    at directUpload (file:///C:/Users/bgstr/source/repos/nodalmerge/clients/web/sdk.js:329:13)
    at process.processTicksAndRejections (node:internal/process/task_queues:103:5)
[nodalmerge] [sdk] direct upload failed; falling back to ws Error: upload-denied: use-ws
    at directUpload (file:///C:/Users/bgstr/source/repos/nodalmerge/clients/web/sdk.js:329:13)
    at process.processTicksAndRejections (node:internal/process/task_queues:103:5)
  peers=6 iter=5 warmup=46.358ms map=107.114ms list=124.22ms blob=108.046ms
[nodalmerge] [sdk] direct upload failed; falling back to ws Error: upload-denied: use-ws
    at directUpload (file:///C:/Users/bgstr/source/repos/nodalmerge/clients/web/sdk.js:329:13)
    at process.processTicksAndRejections (node:internal/process/task_queues:103:5)
[nodalmerge] [sdk] direct upload failed; falling back to ws Error: upload-denied: use-ws
    at directUpload (file:///C:/Users/bgstr/source/repos/nodalmerge/clients/web/sdk.js:329:13)
    at process.processTicksAndRejections (node:internal/process/task_queues:103:5)
[nodalmerge] [sdk] direct upload failed; falling back to ws Error: upload-denied: use-ws
    at directUpload (file:///C:/Users/bgstr/source/repos/nodalmerge/clients/web/sdk.js:329:13)
    at process.processTicksAndRejections (node:internal/process/task_queues:103:5)
[nodalmerge] [sdk] direct upload failed; falling back to ws Error: upload-denied: use-ws
    at directUpload (file:///C:/Users/bgstr/source/repos/nodalmerge/clients/web/sdk.js:329:13)
    at process.processTicksAndRejections (node:internal/process/task_queues:103:5)
[nodalmerge] [sdk] direct upload failed; falling back to ws Error: upload-denied: use-ws
    at directUpload (file:///C:/Users/bgstr/source/repos/nodalmerge/clients/web/sdk.js:329:13)
    at process.processTicksAndRejections (node:internal/process/task_queues:103:5)
[nodalmerge] [sdk] direct upload failed; falling back to ws Error: upload-denied: use-ws
    at directUpload (file:///C:/Users/bgstr/source/repos/nodalmerge/clients/web/sdk.js:329:13)
    at process.processTicksAndRejections (node:internal/process/task_queues:103:5)
  peers=6 iter=6 warmup=45.747ms map=106.411ms list=122.911ms blob=92.54ms
[nodalmerge] [sdk] direct upload failed; falling back to ws Error: upload-denied: use-ws
    at directUpload (file:///C:/Users/bgstr/source/repos/nodalmerge/clients/web/sdk.js:329:13)
    at process.processTicksAndRejections (node:internal/process/task_queues:103:5)
[nodalmerge] [sdk] direct upload failed; falling back to ws Error: upload-denied: use-ws
    at directUpload (file:///C:/Users/bgstr/source/repos/nodalmerge/clients/web/sdk.js:329:13)
    at process.processTicksAndRejections (node:internal/process/task_queues:103:5)
[nodalmerge] [sdk] direct upload failed; falling back to ws Error: upload-denied: use-ws
    at directUpload (file:///C:/Users/bgstr/source/repos/nodalmerge/clients/web/sdk.js:329:13)
    at process.processTicksAndRejections (node:internal/process/task_queues:103:5)
[nodalmerge] [sdk] direct upload failed; falling back to ws Error: upload-denied: use-ws
    at directUpload (file:///C:/Users/bgstr/source/repos/nodalmerge/clients/web/sdk.js:329:13)
    at process.processTicksAndRejections (node:internal/process/task_queues:103:5)
[nodalmerge] [sdk] direct upload failed; falling back to ws Error: upload-denied: use-ws
    at directUpload (file:///C:/Users/bgstr/source/repos/nodalmerge/clients/web/sdk.js:329:13)
    at process.processTicksAndRejections (node:internal/process/task_queues:103:5)
[nodalmerge] [sdk] direct upload failed; falling back to ws Error: upload-denied: use-ws
    at directUpload (file:///C:/Users/bgstr/source/repos/nodalmerge/clients/web/sdk.js:329:13)
    at process.processTicksAndRejections (node:internal/process/task_queues:103:5)
  peers=6 iter=7 warmup=45.646ms map=107.1ms list=122.877ms blob=108.264ms
[nodalmerge] [sdk] direct upload failed; falling back to ws Error: upload-denied: use-ws
    at directUpload (file:///C:/Users/bgstr/source/repos/nodalmerge/clients/web/sdk.js:329:13)
    at process.processTicksAndRejections (node:internal/process/task_queues:103:5)
[nodalmerge] [sdk] direct upload failed; falling back to ws Error: upload-denied: use-ws
    at directUpload (file:///C:/Users/bgstr/source/repos/nodalmerge/clients/web/sdk.js:329:13)
    at process.processTicksAndRejections (node:internal/process/task_queues:103:5)
[nodalmerge] [sdk] direct upload failed; falling back to ws Error: upload-denied: use-ws
    at directUpload (file:///C:/Users/bgstr/source/repos/nodalmerge/clients/web/sdk.js:329:13)
    at process.processTicksAndRejections (node:internal/process/task_queues:103:5)
[nodalmerge] [sdk] direct upload failed; falling back to ws Error: upload-denied: use-ws
    at directUpload (file:///C:/Users/bgstr/source/repos/nodalmerge/clients/web/sdk.js:329:13)
    at process.processTicksAndRejections (node:internal/process/task_queues:103:5)
[nodalmerge] [sdk] direct upload failed; falling back to ws Error: upload-denied: use-ws
    at directUpload (file:///C:/Users/bgstr/source/repos/nodalmerge/clients/web/sdk.js:329:13)
    at process.processTicksAndRejections (node:internal/process/task_queues:103:5)
[nodalmerge] [sdk] direct upload failed; falling back to ws Error: upload-denied: use-ws
    at directUpload (file:///C:/Users/bgstr/source/repos/nodalmerge/clients/web/sdk.js:329:13)
    at process.processTicksAndRejections (node:internal/process/task_queues:103:5)
  peers=6 iter=8 warmup=46.793ms map=107.844ms list=122.101ms blob=107.206ms
[nodalmerge] [sdk] direct upload failed; falling back to ws Error: upload-denied: use-ws
    at directUpload (file:///C:/Users/bgstr/source/repos/nodalmerge/clients/web/sdk.js:329:13)
    at process.processTicksAndRejections (node:internal/process/task_queues:103:5)
[nodalmerge] [sdk] direct upload failed; falling back to ws Error: upload-denied: use-ws
    at directUpload (file:///C:/Users/bgstr/source/repos/nodalmerge/clients/web/sdk.js:329:13)
    at process.processTicksAndRejections (node:internal/process/task_queues:103:5)
[nodalmerge] [sdk] direct upload failed; falling back to ws Error: upload-denied: use-ws
    at directUpload (file:///C:/Users/bgstr/source/repos/nodalmerge/clients/web/sdk.js:329:13)
    at process.processTicksAndRejections (node:internal/process/task_queues:103:5)
[nodalmerge] [sdk] direct upload failed; falling back to ws Error: upload-denied: use-ws
    at directUpload (file:///C:/Users/bgstr/source/repos/nodalmerge/clients/web/sdk.js:329:13)
    at process.processTicksAndRejections (node:internal/process/task_queues:103:5)
[nodalmerge] [sdk] direct upload failed; falling back to ws Error: upload-denied: use-ws
    at directUpload (file:///C:/Users/bgstr/source/repos/nodalmerge/clients/web/sdk.js:329:13)
    at process.processTicksAndRejections (node:internal/process/task_queues:103:5)
[nodalmerge] [sdk] direct upload failed; falling back to ws Error: upload-denied: use-ws
    at directUpload (file:///C:/Users/bgstr/source/repos/nodalmerge/clients/web/sdk.js:329:13)
    at process.processTicksAndRejections (node:internal/process/task_queues:103:5)
  peers=6 iter=9 warmup=46.568ms map=91.621ms list=122.146ms blob=92.546ms
[nodalmerge] [sdk] direct upload failed; falling back to ws Error: upload-denied: use-ws
    at directUpload (file:///C:/Users/bgstr/source/repos/nodalmerge/clients/web/sdk.js:329:13)
    at process.processTicksAndRejections (node:internal/process/task_queues:103:5)
[nodalmerge] [sdk] direct upload failed; falling back to ws Error: upload-denied: use-ws
    at directUpload (file:///C:/Users/bgstr/source/repos/nodalmerge/clients/web/sdk.js:329:13)
    at process.processTicksAndRejections (node:internal/process/task_queues:103:5)
[nodalmerge] [sdk] direct upload failed; falling back to ws Error: upload-denied: use-ws
    at directUpload (file:///C:/Users/bgstr/source/repos/nodalmerge/clients/web/sdk.js:329:13)
    at process.processTicksAndRejections (node:internal/process/task_queues:103:5)
[nodalmerge] [sdk] direct upload failed; falling back to ws Error: upload-denied: use-ws
    at directUpload (file:///C:/Users/bgstr/source/repos/nodalmerge/clients/web/sdk.js:329:13)
    at process.processTicksAndRejections (node:internal/process/task_queues:103:5)
[nodalmerge] [sdk] direct upload failed; falling back to ws Error: upload-denied: use-ws
    at directUpload (file:///C:/Users/bgstr/source/repos/nodalmerge/clients/web/sdk.js:329:13)
    at process.processTicksAndRejections (node:internal/process/task_queues:103:5)
[nodalmerge] [sdk] direct upload failed; falling back to ws Error: upload-denied: use-ws
    at directUpload (file:///C:/Users/bgstr/source/repos/nodalmerge/clients/web/sdk.js:329:13)
    at process.processTicksAndRejections (node:internal/process/task_queues:103:5)
  peers=6 iter=10 warmup=45.48ms map=106.023ms list=122.343ms blob=107.963ms
[nodalmerge] [sdk] direct upload failed; falling back to ws Error: upload-denied: use-ws
    at directUpload (file:///C:/Users/bgstr/source/repos/nodalmerge/clients/web/sdk.js:329:13)
    at process.processTicksAndRejections (node:internal/process/task_queues:103:5)
[nodalmerge] [sdk] direct upload failed; falling back to ws Error: upload-denied: use-ws
    at directUpload (file:///C:/Users/bgstr/source/repos/nodalmerge/clients/web/sdk.js:329:13)
    at process.processTicksAndRejections (node:internal/process/task_queues:103:5)
[nodalmerge] [sdk] direct upload failed; falling back to ws Error: upload-denied: use-ws
    at directUpload (file:///C:/Users/bgstr/source/repos/nodalmerge/clients/web/sdk.js:329:13)
    at process.processTicksAndRejections (node:internal/process/task_queues:103:5)
[nodalmerge] [sdk] direct upload failed; falling back to ws Error: upload-denied: use-ws
    at directUpload (file:///C:/Users/bgstr/source/repos/nodalmerge/clients/web/sdk.js:329:13)
    at process.processTicksAndRejections (node:internal/process/task_queues:103:5)
[nodalmerge] [sdk] direct upload failed; falling back to ws Error: upload-denied: use-ws
    at directUpload (file:///C:/Users/bgstr/source/repos/nodalmerge/clients/web/sdk.js:329:13)
    at process.processTicksAndRejections (node:internal/process/task_queues:103:5)
[nodalmerge] [sdk] direct upload failed; falling back to ws Error: upload-denied: use-ws
    at directUpload (file:///C:/Users/bgstr/source/repos/nodalmerge/clients/web/sdk.js:329:13)
    at process.processTicksAndRejections (node:internal/process/task_queues:103:5)
  peers=6 iter=11 warmup=46.462ms map=107.257ms list=122.311ms blob=107.829ms
[nodalmerge] [sdk] direct upload failed; falling back to ws Error: upload-denied: use-ws
    at directUpload (file:///C:/Users/bgstr/source/repos/nodalmerge/clients/web/sdk.js:329:13)
    at process.processTicksAndRejections (node:internal/process/task_queues:103:5)
[nodalmerge] [sdk] direct upload failed; falling back to ws Error: upload-denied: use-ws
    at directUpload (file:///C:/Users/bgstr/source/repos/nodalmerge/clients/web/sdk.js:329:13)
    at process.processTicksAndRejections (node:internal/process/task_queues:103:5)
[nodalmerge] [sdk] direct upload failed; falling back to ws Error: upload-denied: use-ws
    at directUpload (file:///C:/Users/bgstr/source/repos/nodalmerge/clients/web/sdk.js:329:13)
    at process.processTicksAndRejections (node:internal/process/task_queues:103:5)
[nodalmerge] [sdk] direct upload failed; falling back to ws Error: upload-denied: use-ws
    at directUpload (file:///C:/Users/bgstr/source/repos/nodalmerge/clients/web/sdk.js:329:13)
    at process.processTicksAndRejections (node:internal/process/task_queues:103:5)
[nodalmerge] [sdk] direct upload failed; falling back to ws Error: upload-denied: use-ws
    at directUpload (file:///C:/Users/bgstr/source/repos/nodalmerge/clients/web/sdk.js:329:13)
    at process.processTicksAndRejections (node:internal/process/task_queues:103:5)
[nodalmerge] [sdk] direct upload failed; falling back to ws Error: upload-denied: use-ws
    at directUpload (file:///C:/Users/bgstr/source/repos/nodalmerge/clients/web/sdk.js:329:13)
    at process.processTicksAndRejections (node:internal/process/task_queues:103:5)
  peers=6 iter=12 warmup=45.717ms map=93.318ms list=106.671ms blob=106.793ms
[nodalmerge] [sdk] direct upload failed; falling back to ws Error: upload-denied: use-ws
    at directUpload (file:///C:/Users/bgstr/source/repos/nodalmerge/clients/web/sdk.js:329:13)
    at process.processTicksAndRejections (node:internal/process/task_queues:103:5)
[nodalmerge] [sdk] direct upload failed; falling back to ws Error: upload-denied: use-ws
    at directUpload (file:///C:/Users/bgstr/source/repos/nodalmerge/clients/web/sdk.js:329:13)
    at process.processTicksAndRejections (node:internal/process/task_queues:103:5)
[nodalmerge] [sdk] direct upload failed; falling back to ws Error: upload-denied: use-ws
    at directUpload (file:///C:/Users/bgstr/source/repos/nodalmerge/clients/web/sdk.js:329:13)
    at process.processTicksAndRejections (node:internal/process/task_queues:103:5)
[nodalmerge] [sdk] direct upload failed; falling back to ws Error: upload-denied: use-ws
    at directUpload (file:///C:/Users/bgstr/source/repos/nodalmerge/clients/web/sdk.js:329:13)
    at process.processTicksAndRejections (node:internal/process/task_queues:103:5)
[nodalmerge] [sdk] direct upload failed; falling back to ws Error: upload-denied: use-ws
    at directUpload (file:///C:/Users/bgstr/source/repos/nodalmerge/clients/web/sdk.js:329:13)
    at process.processTicksAndRejections (node:internal/process/task_queues:103:5)
[nodalmerge] [sdk] direct upload failed; falling back to ws Error: upload-denied: use-ws
    at directUpload (file:///C:/Users/bgstr/source/repos/nodalmerge/clients/web/sdk.js:329:13)
    at process.processTicksAndRejections (node:internal/process/task_queues:103:5)
  peers=6 iter=13 warmup=46.927ms map=106.749ms list=107.441ms blob=107.135ms
[nodalmerge] [sdk] direct upload failed; falling back to ws Error: upload-denied: use-ws
    at directUpload (file:///C:/Users/bgstr/source/repos/nodalmerge/clients/web/sdk.js:329:13)
    at process.processTicksAndRejections (node:internal/process/task_queues:103:5)
[nodalmerge] [sdk] direct upload failed; falling back to ws Error: upload-denied: use-ws
    at directUpload (file:///C:/Users/bgstr/source/repos/nodalmerge/clients/web/sdk.js:329:13)
    at process.processTicksAndRejections (node:internal/process/task_queues:103:5)
[nodalmerge] [sdk] direct upload failed; falling back to ws Error: upload-denied: use-ws
    at directUpload (file:///C:/Users/bgstr/source/repos/nodalmerge/clients/web/sdk.js:329:13)
    at process.processTicksAndRejections (node:internal/process/task_queues:103:5)
[nodalmerge] [sdk] direct upload failed; falling back to ws Error: upload-denied: use-ws
    at directUpload (file:///C:/Users/bgstr/source/repos/nodalmerge/clients/web/sdk.js:329:13)
    at process.processTicksAndRejections (node:internal/process/task_queues:103:5)
[nodalmerge] [sdk] direct upload failed; falling back to ws Error: upload-denied: use-ws
    at directUpload (file:///C:/Users/bgstr/source/repos/nodalmerge/clients/web/sdk.js:329:13)
    at process.processTicksAndRejections (node:internal/process/task_queues:103:5)
[nodalmerge] [sdk] direct upload failed; falling back to ws Error: upload-denied: use-ws
    at directUpload (file:///C:/Users/bgstr/source/repos/nodalmerge/clients/web/sdk.js:329:13)
    at process.processTicksAndRejections (node:internal/process/task_queues:103:5)
  peers=6 iter=14 warmup=46.244ms map=92.466ms list=122.513ms blob=105.649ms
  peers=6 warmup_avg=46.316ms map_samples=15 map_avg=102.955ms list_samples=15 list_avg=117.974ms blob_samples=15 blob_avg=102.578ms

Target: dotnet-host-runtime-alias (ws://127.0.0.1:8787)
  peers=6 iter=0 warmup=47.042ms map=92.883ms list=106.928ms blob=91.67ms
  peers=6 iter=1 warmup=46.057ms map=107.135ms list=106.826ms blob=91.742ms
  peers=6 iter=2 warmup=45.659ms map=106.42ms list=106.535ms blob=91.167ms
  peers=6 iter=3 warmup=45.641ms map=92.52ms list=106.262ms blob=90.654ms
  peers=6 iter=4 warmup=46.253ms map=106.647ms list=107.285ms blob=91.886ms
  peers=6 iter=5 warmup=45.732ms map=106.322ms list=106.343ms blob=77.474ms
  peers=6 iter=6 warmup=46.074ms map=106.279ms list=107.631ms blob=91.597ms
  peers=6 iter=7 warmup=46.467ms map=105.9ms list=107.6ms blob=93.751ms
  peers=6 iter=8 warmup=45.839ms map=107.644ms list=106.796ms blob=92.826ms
  peers=6 iter=9 warmup=46.536ms map=106.394ms list=92.908ms blob=76.792ms
  peers=6 iter=10 warmup=46.289ms map=92.514ms list=122.166ms blob=91.894ms
  peers=6 iter=11 warmup=46.874ms map=108.682ms list=106.643ms blob=92.396ms
  peers=6 iter=12 warmup=45.009ms map=92.055ms list=106.922ms blob=93.142ms
  peers=6 iter=13 warmup=45.166ms map=92.43ms list=122.921ms blob=92.187ms
  peers=6 iter=14 warmup=46.479ms map=108.054ms list=107.129ms blob=92.731ms
  peers=6 warmup_avg=46.074ms map_samples=15 map_avg=102.125ms list_samples=15 list_avg=108.06ms blob_samples=15 blob_avg=90.127ms

Wrote results: C:\Users\bgstr\source\repos\nodalmerge\benchmarks\results\sdk-scenarios-peers6-ops6-integrated-vs-dotnet-mongo-clean.json

Done.
using deprecated parameters for `initSync()`; pass a single object instead
SDK scenario benchmark config:
{
  "peerCounts": [
    6
  ],
  "iterations": 15,
  "mapOps": 12,
  "listOps": 12,
  "blobOps": 12,
  "blobSizeBytes": 1024,
  "warmupOps": 4,
  "timeoutMs": 45000,
  "opDelayMs": 2,
  "transport": "ws-only",
  "authMode": "none",
  "tokenExpirySecs": 3600,
  "authTokenCaps": [
    "read:bench/**",
    "write:bench/**"
  ],
  "targets": [
    "rust-integrated-hosted-server",
    "dotnet-host-runtime-alias"
  ]
}

Target: rust-integrated-hosted-server (ws://127.0.0.1:7979)
[nodalmerge] [sdk] direct upload failed; falling back to ws Error: upload-denied: use-ws
    at directUpload (file:///C:/Users/bgstr/source/repos/nodalmerge/clients/web/sdk.js:329:13)
    at process.processTicksAndRejections (node:internal/process/task_queues:103:5)
[nodalmerge] [sdk] direct upload failed; falling back to ws Error: upload-denied: use-ws
    at directUpload (file:///C:/Users/bgstr/source/repos/nodalmerge/clients/web/sdk.js:329:13)
    at process.processTicksAndRejections (node:internal/process/task_queues:103:5)
[nodalmerge] [sdk] direct upload failed; falling back to ws Error: upload-denied: use-ws
    at directUpload (file:///C:/Users/bgstr/source/repos/nodalmerge/clients/web/sdk.js:329:13)
    at process.processTicksAndRejections (node:internal/process/task_queues:103:5)
[nodalmerge] [sdk] direct upload failed; falling back to ws Error: upload-denied: use-ws
    at directUpload (file:///C:/Users/bgstr/source/repos/nodalmerge/clients/web/sdk.js:329:13)
    at process.processTicksAndRejections (node:internal/process/task_queues:103:5)
[nodalmerge] [sdk] direct upload failed; falling back to ws Error: upload-denied: use-ws
    at directUpload (file:///C:/Users/bgstr/source/repos/nodalmerge/clients/web/sdk.js:329:13)
    at process.processTicksAndRejections (node:internal/process/task_queues:103:5)
[nodalmerge] [sdk] direct upload failed; falling back to ws Error: upload-denied: use-ws
    at directUpload (file:///C:/Users/bgstr/source/repos/nodalmerge/clients/web/sdk.js:329:13)
    at process.processTicksAndRejections (node:internal/process/task_queues:103:5)
[nodalmerge] [sdk] direct upload failed; falling back to ws Error: upload-denied: use-ws
    at directUpload (file:///C:/Users/bgstr/source/repos/nodalmerge/clients/web/sdk.js:329:13)
    at process.processTicksAndRejections (node:internal/process/task_queues:103:5)
[nodalmerge] [sdk] direct upload failed; falling back to ws Error: upload-denied: use-ws
    at directUpload (file:///C:/Users/bgstr/source/repos/nodalmerge/clients/web/sdk.js:329:13)
    at process.processTicksAndRejections (node:internal/process/task_queues:103:5)
[nodalmerge] [sdk] direct upload failed; falling back to ws Error: upload-denied: use-ws
    at directUpload (file:///C:/Users/bgstr/source/repos/nodalmerge/clients/web/sdk.js:329:13)
    at process.processTicksAndRejections (node:internal/process/task_queues:103:5)
[nodalmerge] [sdk] direct upload failed; falling back to ws Error: upload-denied: use-ws
    at directUpload (file:///C:/Users/bgstr/source/repos/nodalmerge/clients/web/sdk.js:329:13)
    at process.processTicksAndRejections (node:internal/process/task_queues:103:5)
[nodalmerge] [sdk] direct upload failed; falling back to ws Error: upload-denied: use-ws
    at directUpload (file:///C:/Users/bgstr/source/repos/nodalmerge/clients/web/sdk.js:329:13)
    at process.processTicksAndRejections (node:internal/process/task_queues:103:5)
[nodalmerge] [sdk] direct upload failed; falling back to ws Error: upload-denied: use-ws
    at directUpload (file:///C:/Users/bgstr/source/repos/nodalmerge/clients/web/sdk.js:329:13)
    at process.processTicksAndRejections (node:internal/process/task_queues:103:5)
  peers=6 iter=0 warmup=46.548ms map=153.53ms list=227.215ms blob=170.688ms
[nodalmerge] [sdk] direct upload failed; falling back to ws Error: upload-denied: use-ws
    at directUpload (file:///C:/Users/bgstr/source/repos/nodalmerge/clients/web/sdk.js:329:13)
    at process.processTicksAndRejections (node:internal/process/task_queues:103:5)
[nodalmerge] [sdk] direct upload failed; falling back to ws Error: upload-denied: use-ws
    at directUpload (file:///C:/Users/bgstr/source/repos/nodalmerge/clients/web/sdk.js:329:13)
    at process.processTicksAndRejections (node:internal/process/task_queues:103:5)
[nodalmerge] [sdk] direct upload failed; falling back to ws Error: upload-denied: use-ws
    at directUpload (file:///C:/Users/bgstr/source/repos/nodalmerge/clients/web/sdk.js:329:13)
    at process.processTicksAndRejections (node:internal/process/task_queues:103:5)
[nodalmerge] [sdk] direct upload failed; falling back to ws Error: upload-denied: use-ws
    at directUpload (file:///C:/Users/bgstr/source/repos/nodalmerge/clients/web/sdk.js:329:13)
    at process.processTicksAndRejections (node:internal/process/task_queues:103:5)
[nodalmerge] [sdk] direct upload failed; falling back to ws Error: upload-denied: use-ws
    at directUpload (file:///C:/Users/bgstr/source/repos/nodalmerge/clients/web/sdk.js:329:13)
    at process.processTicksAndRejections (node:internal/process/task_queues:103:5)
[nodalmerge] [sdk] direct upload failed; falling back to ws Error: upload-denied: use-ws
    at directUpload (file:///C:/Users/bgstr/source/repos/nodalmerge/clients/web/sdk.js:329:13)
    at process.processTicksAndRejections (node:internal/process/task_queues:103:5)
[nodalmerge] [sdk] direct upload failed; falling back to ws Error: upload-denied: use-ws
    at directUpload (file:///C:/Users/bgstr/source/repos/nodalmerge/clients/web/sdk.js:329:13)
    at process.processTicksAndRejections (node:internal/process/task_queues:103:5)
[nodalmerge] [sdk] direct upload failed; falling back to ws Error: upload-denied: use-ws
    at directUpload (file:///C:/Users/bgstr/source/repos/nodalmerge/clients/web/sdk.js:329:13)
    at process.processTicksAndRejections (node:internal/process/task_queues:103:5)
[nodalmerge] [sdk] direct upload failed; falling back to ws Error: upload-denied: use-ws
    at directUpload (file:///C:/Users/bgstr/source/repos/nodalmerge/clients/web/sdk.js:329:13)
    at process.processTicksAndRejections (node:internal/process/task_queues:103:5)
[nodalmerge] [sdk] direct upload failed; falling back to ws Error: upload-denied: use-ws
    at directUpload (file:///C:/Users/bgstr/source/repos/nodalmerge/clients/web/sdk.js:329:13)
    at process.processTicksAndRejections (node:internal/process/task_queues:103:5)
[nodalmerge] [sdk] direct upload failed; falling back to ws Error: upload-denied: use-ws
    at directUpload (file:///C:/Users/bgstr/source/repos/nodalmerge/clients/web/sdk.js:329:13)
    at process.processTicksAndRejections (node:internal/process/task_queues:103:5)
[nodalmerge] [sdk] direct upload failed; falling back to ws Error: upload-denied: use-ws
    at directUpload (file:///C:/Users/bgstr/source/repos/nodalmerge/clients/web/sdk.js:329:13)
    at process.processTicksAndRejections (node:internal/process/task_queues:103:5)
  peers=6 iter=1 warmup=45.913ms map=166.941ms list=229.898ms blob=150.544ms
[nodalmerge] [sdk] direct upload failed; falling back to ws Error: upload-denied: use-ws
    at directUpload (file:///C:/Users/bgstr/source/repos/nodalmerge/clients/web/sdk.js:329:13)
    at process.processTicksAndRejections (node:internal/process/task_queues:103:5)
[nodalmerge] [sdk] direct upload failed; falling back to ws Error: upload-denied: use-ws
    at directUpload (file:///C:/Users/bgstr/source/repos/nodalmerge/clients/web/sdk.js:329:13)
    at process.processTicksAndRejections (node:internal/process/task_queues:103:5)
[nodalmerge] [sdk] direct upload failed; falling back to ws Error: upload-denied: use-ws
    at directUpload (file:///C:/Users/bgstr/source/repos/nodalmerge/clients/web/sdk.js:329:13)
    at process.processTicksAndRejections (node:internal/process/task_queues:103:5)
[nodalmerge] [sdk] direct upload failed; falling back to ws Error: upload-denied: use-ws
    at directUpload (file:///C:/Users/bgstr/source/repos/nodalmerge/clients/web/sdk.js:329:13)
    at process.processTicksAndRejections (node:internal/process/task_queues:103:5)
[nodalmerge] [sdk] direct upload failed; falling back to ws Error: upload-denied: use-ws
    at directUpload (file:///C:/Users/bgstr/source/repos/nodalmerge/clients/web/sdk.js:329:13)
    at process.processTicksAndRejections (node:internal/process/task_queues:103:5)
[nodalmerge] [sdk] direct upload failed; falling back to ws Error: upload-denied: use-ws
    at directUpload (file:///C:/Users/bgstr/source/repos/nodalmerge/clients/web/sdk.js:329:13)
    at process.processTicksAndRejections (node:internal/process/task_queues:103:5)
[nodalmerge] [sdk] direct upload failed; falling back to ws Error: upload-denied: use-ws
    at directUpload (file:///C:/Users/bgstr/source/repos/nodalmerge/clients/web/sdk.js:329:13)
    at process.processTicksAndRejections (node:internal/process/task_queues:103:5)
[nodalmerge] [sdk] direct upload failed; falling back to ws Error: upload-denied: use-ws
    at directUpload (file:///C:/Users/bgstr/source/repos/nodalmerge/clients/web/sdk.js:329:13)
    at process.processTicksAndRejections (node:internal/process/task_queues:103:5)
[nodalmerge] [sdk] direct upload failed; falling back to ws Error: upload-denied: use-ws
    at directUpload (file:///C:/Users/bgstr/source/repos/nodalmerge/clients/web/sdk.js:329:13)
    at process.processTicksAndRejections (node:internal/process/task_queues:103:5)
[nodalmerge] [sdk] direct upload failed; falling back to ws Error: upload-denied: use-ws
    at directUpload (file:///C:/Users/bgstr/source/repos/nodalmerge/clients/web/sdk.js:329:13)
    at process.processTicksAndRejections (node:internal/process/task_queues:103:5)
[nodalmerge] [sdk] direct upload failed; falling back to ws Error: upload-denied: use-ws
    at directUpload (file:///C:/Users/bgstr/source/repos/nodalmerge/clients/web/sdk.js:329:13)
    at process.processTicksAndRejections (node:internal/process/task_queues:103:5)
[nodalmerge] [sdk] direct upload failed; falling back to ws Error: upload-denied: use-ws
    at directUpload (file:///C:/Users/bgstr/source/repos/nodalmerge/clients/web/sdk.js:329:13)
    at process.processTicksAndRejections (node:internal/process/task_queues:103:5)
  peers=6 iter=2 warmup=46.91ms map=153.982ms list=213.985ms blob=170.001ms
[nodalmerge] [sdk] direct upload failed; falling back to ws Error: upload-denied: use-ws
    at directUpload (file:///C:/Users/bgstr/source/repos/nodalmerge/clients/web/sdk.js:329:13)
    at process.processTicksAndRejections (node:internal/process/task_queues:103:5)
[nodalmerge] [sdk] direct upload failed; falling back to ws Error: upload-denied: use-ws
    at directUpload (file:///C:/Users/bgstr/source/repos/nodalmerge/clients/web/sdk.js:329:13)
    at process.processTicksAndRejections (node:internal/process/task_queues:103:5)
[nodalmerge] [sdk] direct upload failed; falling back to ws Error: upload-denied: use-ws
    at directUpload (file:///C:/Users/bgstr/source/repos/nodalmerge/clients/web/sdk.js:329:13)
    at process.processTicksAndRejections (node:internal/process/task_queues:103:5)
[nodalmerge] [sdk] direct upload failed; falling back to ws Error: upload-denied: use-ws
    at directUpload (file:///C:/Users/bgstr/source/repos/nodalmerge/clients/web/sdk.js:329:13)
    at process.processTicksAndRejections (node:internal/process/task_queues:103:5)
[nodalmerge] [sdk] direct upload failed; falling back to ws Error: upload-denied: use-ws
    at directUpload (file:///C:/Users/bgstr/source/repos/nodalmerge/clients/web/sdk.js:329:13)
    at process.processTicksAndRejections (node:internal/process/task_queues:103:5)
[nodalmerge] [sdk] direct upload failed; falling back to ws Error: upload-denied: use-ws
    at directUpload (file:///C:/Users/bgstr/source/repos/nodalmerge/clients/web/sdk.js:329:13)
    at process.processTicksAndRejections (node:internal/process/task_queues:103:5)
[nodalmerge] [sdk] direct upload failed; falling back to ws Error: upload-denied: use-ws
    at directUpload (file:///C:/Users/bgstr/source/repos/nodalmerge/clients/web/sdk.js:329:13)
    at process.processTicksAndRejections (node:internal/process/task_queues:103:5)
[nodalmerge] [sdk] direct upload failed; falling back to ws Error: upload-denied: use-ws
    at directUpload (file:///C:/Users/bgstr/source/repos/nodalmerge/clients/web/sdk.js:329:13)
    at process.processTicksAndRejections (node:internal/process/task_queues:103:5)
[nodalmerge] [sdk] direct upload failed; falling back to ws Error: upload-denied: use-ws
    at directUpload (file:///C:/Users/bgstr/source/repos/nodalmerge/clients/web/sdk.js:329:13)
    at process.processTicksAndRejections (node:internal/process/task_queues:103:5)
[nodalmerge] [sdk] direct upload failed; falling back to ws Error: upload-denied: use-ws
    at directUpload (file:///C:/Users/bgstr/source/repos/nodalmerge/clients/web/sdk.js:329:13)
    at process.processTicksAndRejections (node:internal/process/task_queues:103:5)
[nodalmerge] [sdk] direct upload failed; falling back to ws Error: upload-denied: use-ws
    at directUpload (file:///C:/Users/bgstr/source/repos/nodalmerge/clients/web/sdk.js:329:13)
    at process.processTicksAndRejections (node:internal/process/task_queues:103:5)
[nodalmerge] [sdk] direct upload failed; falling back to ws Error: upload-denied: use-ws
    at directUpload (file:///C:/Users/bgstr/source/repos/nodalmerge/clients/web/sdk.js:329:13)
    at process.processTicksAndRejections (node:internal/process/task_queues:103:5)
  peers=6 iter=3 warmup=47.526ms map=168.222ms list=214.2ms blob=183.422ms
[nodalmerge] [sdk] direct upload failed; falling back to ws Error: upload-denied: use-ws
    at directUpload (file:///C:/Users/bgstr/source/repos/nodalmerge/clients/web/sdk.js:329:13)
    at process.processTicksAndRejections (node:internal/process/task_queues:103:5)
[nodalmerge] [sdk] direct upload failed; falling back to ws Error: upload-denied: use-ws
    at directUpload (file:///C:/Users/bgstr/source/repos/nodalmerge/clients/web/sdk.js:329:13)
    at process.processTicksAndRejections (node:internal/process/task_queues:103:5)
[nodalmerge] [sdk] direct upload failed; falling back to ws Error: upload-denied: use-ws
    at directUpload (file:///C:/Users/bgstr/source/repos/nodalmerge/clients/web/sdk.js:329:13)
    at process.processTicksAndRejections (node:internal/process/task_queues:103:5)
[nodalmerge] [sdk] direct upload failed; falling back to ws Error: upload-denied: use-ws
    at directUpload (file:///C:/Users/bgstr/source/repos/nodalmerge/clients/web/sdk.js:329:13)
    at process.processTicksAndRejections (node:internal/process/task_queues:103:5)
[nodalmerge] [sdk] direct upload failed; falling back to ws Error: upload-denied: use-ws
    at directUpload (file:///C:/Users/bgstr/source/repos/nodalmerge/clients/web/sdk.js:329:13)
    at process.processTicksAndRejections (node:internal/process/task_queues:103:5)
[nodalmerge] [sdk] direct upload failed; falling back to ws Error: upload-denied: use-ws
    at directUpload (file:///C:/Users/bgstr/source/repos/nodalmerge/clients/web/sdk.js:329:13)
    at process.processTicksAndRejections (node:internal/process/task_queues:103:5)
[nodalmerge] [sdk] direct upload failed; falling back to ws Error: upload-denied: use-ws
    at directUpload (file:///C:/Users/bgstr/source/repos/nodalmerge/clients/web/sdk.js:329:13)
    at process.processTicksAndRejections (node:internal/process/task_queues:103:5)
[nodalmerge] [sdk] direct upload failed; falling back to ws Error: upload-denied: use-ws
    at directUpload (file:///C:/Users/bgstr/source/repos/nodalmerge/clients/web/sdk.js:329:13)
    at process.processTicksAndRejections (node:internal/process/task_queues:103:5)
[nodalmerge] [sdk] direct upload failed; falling back to ws Error: upload-denied: use-ws
    at directUpload (file:///C:/Users/bgstr/source/repos/nodalmerge/clients/web/sdk.js:329:13)
    at process.processTicksAndRejections (node:internal/process/task_queues:103:5)
[nodalmerge] [sdk] direct upload failed; falling back to ws Error: upload-denied: use-ws
    at directUpload (file:///C:/Users/bgstr/source/repos/nodalmerge/clients/web/sdk.js:329:13)
    at process.processTicksAndRejections (node:internal/process/task_queues:103:5)
[nodalmerge] [sdk] direct upload failed; falling back to ws Error: upload-denied: use-ws
    at directUpload (file:///C:/Users/bgstr/source/repos/nodalmerge/clients/web/sdk.js:329:13)
    at process.processTicksAndRejections (node:internal/process/task_queues:103:5)
[nodalmerge] [sdk] direct upload failed; falling back to ws Error: upload-denied: use-ws
    at directUpload (file:///C:/Users/bgstr/source/repos/nodalmerge/clients/web/sdk.js:329:13)
    at process.processTicksAndRejections (node:internal/process/task_queues:103:5)
  peers=6 iter=4 warmup=46.395ms map=152.074ms list=228.6ms blob=184.846ms
[nodalmerge] [sdk] direct upload failed; falling back to ws Error: upload-denied: use-ws
    at directUpload (file:///C:/Users/bgstr/source/repos/nodalmerge/clients/web/sdk.js:329:13)
    at process.processTicksAndRejections (node:internal/process/task_queues:103:5)
[nodalmerge] [sdk] direct upload failed; falling back to ws Error: upload-denied: use-ws
    at directUpload (file:///C:/Users/bgstr/source/repos/nodalmerge/clients/web/sdk.js:329:13)
    at process.processTicksAndRejections (node:internal/process/task_queues:103:5)
[nodalmerge] [sdk] direct upload failed; falling back to ws Error: upload-denied: use-ws
    at directUpload (file:///C:/Users/bgstr/source/repos/nodalmerge/clients/web/sdk.js:329:13)
    at process.processTicksAndRejections (node:internal/process/task_queues:103:5)
[nodalmerge] [sdk] direct upload failed; falling back to ws Error: upload-denied: use-ws
    at directUpload (file:///C:/Users/bgstr/source/repos/nodalmerge/clients/web/sdk.js:329:13)
    at process.processTicksAndRejections (node:internal/process/task_queues:103:5)
[nodalmerge] [sdk] direct upload failed; falling back to ws Error: upload-denied: use-ws
    at directUpload (file:///C:/Users/bgstr/source/repos/nodalmerge/clients/web/sdk.js:329:13)
    at process.processTicksAndRejections (node:internal/process/task_queues:103:5)
[nodalmerge] [sdk] direct upload failed; falling back to ws Error: upload-denied: use-ws
    at directUpload (file:///C:/Users/bgstr/source/repos/nodalmerge/clients/web/sdk.js:329:13)
    at process.processTicksAndRejections (node:internal/process/task_queues:103:5)
[nodalmerge] [sdk] direct upload failed; falling back to ws Error: upload-denied: use-ws
    at directUpload (file:///C:/Users/bgstr/source/repos/nodalmerge/clients/web/sdk.js:329:13)
    at process.processTicksAndRejections (node:internal/process/task_queues:103:5)
[nodalmerge] [sdk] direct upload failed; falling back to ws Error: upload-denied: use-ws
    at directUpload (file:///C:/Users/bgstr/source/repos/nodalmerge/clients/web/sdk.js:329:13)
    at process.processTicksAndRejections (node:internal/process/task_queues:103:5)
[nodalmerge] [sdk] direct upload failed; falling back to ws Error: upload-denied: use-ws
    at directUpload (file:///C:/Users/bgstr/source/repos/nodalmerge/clients/web/sdk.js:329:13)
    at process.processTicksAndRejections (node:internal/process/task_queues:103:5)
[nodalmerge] [sdk] direct upload failed; falling back to ws Error: upload-denied: use-ws
    at directUpload (file:///C:/Users/bgstr/source/repos/nodalmerge/clients/web/sdk.js:329:13)
    at process.processTicksAndRejections (node:internal/process/task_queues:103:5)
[nodalmerge] [sdk] direct upload failed; falling back to ws Error: upload-denied: use-ws
    at directUpload (file:///C:/Users/bgstr/source/repos/nodalmerge/clients/web/sdk.js:329:13)
    at process.processTicksAndRejections (node:internal/process/task_queues:103:5)
[nodalmerge] [sdk] direct upload failed; falling back to ws Error: upload-denied: use-ws
    at directUpload (file:///C:/Users/bgstr/source/repos/nodalmerge/clients/web/sdk.js:329:13)
    at process.processTicksAndRejections (node:internal/process/task_queues:103:5)
  peers=6 iter=5 warmup=46.182ms map=153.005ms list=212.727ms blob=184.078ms
[nodalmerge] [sdk] direct upload failed; falling back to ws Error: upload-denied: use-ws
    at directUpload (file:///C:/Users/bgstr/source/repos/nodalmerge/clients/web/sdk.js:329:13)
    at process.processTicksAndRejections (node:internal/process/task_queues:103:5)
[nodalmerge] [sdk] direct upload failed; falling back to ws Error: upload-denied: use-ws
    at directUpload (file:///C:/Users/bgstr/source/repos/nodalmerge/clients/web/sdk.js:329:13)
    at process.processTicksAndRejections (node:internal/process/task_queues:103:5)
[nodalmerge] [sdk] direct upload failed; falling back to ws Error: upload-denied: use-ws
    at directUpload (file:///C:/Users/bgstr/source/repos/nodalmerge/clients/web/sdk.js:329:13)
    at process.processTicksAndRejections (node:internal/process/task_queues:103:5)
[nodalmerge] [sdk] direct upload failed; falling back to ws Error: upload-denied: use-ws
    at directUpload (file:///C:/Users/bgstr/source/repos/nodalmerge/clients/web/sdk.js:329:13)
    at process.processTicksAndRejections (node:internal/process/task_queues:103:5)
[nodalmerge] [sdk] direct upload failed; falling back to ws Error: upload-denied: use-ws
    at directUpload (file:///C:/Users/bgstr/source/repos/nodalmerge/clients/web/sdk.js:329:13)
    at process.processTicksAndRejections (node:internal/process/task_queues:103:5)
[nodalmerge] [sdk] direct upload failed; falling back to ws Error: upload-denied: use-ws
    at directUpload (file:///C:/Users/bgstr/source/repos/nodalmerge/clients/web/sdk.js:329:13)
    at process.processTicksAndRejections (node:internal/process/task_queues:103:5)
[nodalmerge] [sdk] direct upload failed; falling back to ws Error: upload-denied: use-ws
    at directUpload (file:///C:/Users/bgstr/source/repos/nodalmerge/clients/web/sdk.js:329:13)
    at process.processTicksAndRejections (node:internal/process/task_queues:103:5)
[nodalmerge] [sdk] direct upload failed; falling back to ws Error: upload-denied: use-ws
    at directUpload (file:///C:/Users/bgstr/source/repos/nodalmerge/clients/web/sdk.js:329:13)
    at process.processTicksAndRejections (node:internal/process/task_queues:103:5)
[nodalmerge] [sdk] direct upload failed; falling back to ws Error: upload-denied: use-ws
    at directUpload (file:///C:/Users/bgstr/source/repos/nodalmerge/clients/web/sdk.js:329:13)
    at process.processTicksAndRejections (node:internal/process/task_queues:103:5)
[nodalmerge] [sdk] direct upload failed; falling back to ws Error: upload-denied: use-ws
    at directUpload (file:///C:/Users/bgstr/source/repos/nodalmerge/clients/web/sdk.js:329:13)
    at process.processTicksAndRejections (node:internal/process/task_queues:103:5)
[nodalmerge] [sdk] direct upload failed; falling back to ws Error: upload-denied: use-ws
    at directUpload (file:///C:/Users/bgstr/source/repos/nodalmerge/clients/web/sdk.js:329:13)
    at process.processTicksAndRejections (node:internal/process/task_queues:103:5)
[nodalmerge] [sdk] direct upload failed; falling back to ws Error: upload-denied: use-ws
    at directUpload (file:///C:/Users/bgstr/source/repos/nodalmerge/clients/web/sdk.js:329:13)
    at process.processTicksAndRejections (node:internal/process/task_queues:103:5)
  peers=6 iter=6 warmup=44.562ms map=154.411ms list=213.835ms blob=196.086ms
[nodalmerge] [sdk] direct upload failed; falling back to ws Error: upload-denied: use-ws
    at directUpload (file:///C:/Users/bgstr/source/repos/nodalmerge/clients/web/sdk.js:329:13)
    at process.processTicksAndRejections (node:internal/process/task_queues:103:5)
[nodalmerge] [sdk] direct upload failed; falling back to ws Error: upload-denied: use-ws
    at directUpload (file:///C:/Users/bgstr/source/repos/nodalmerge/clients/web/sdk.js:329:13)
    at process.processTicksAndRejections (node:internal/process/task_queues:103:5)
[nodalmerge] [sdk] direct upload failed; falling back to ws Error: upload-denied: use-ws
    at directUpload (file:///C:/Users/bgstr/source/repos/nodalmerge/clients/web/sdk.js:329:13)
    at process.processTicksAndRejections (node:internal/process/task_queues:103:5)
[nodalmerge] [sdk] direct upload failed; falling back to ws Error: upload-denied: use-ws
    at directUpload (file:///C:/Users/bgstr/source/repos/nodalmerge/clients/web/sdk.js:329:13)
    at process.processTicksAndRejections (node:internal/process/task_queues:103:5)
[nodalmerge] [sdk] direct upload failed; falling back to ws Error: upload-denied: use-ws
    at directUpload (file:///C:/Users/bgstr/source/repos/nodalmerge/clients/web/sdk.js:329:13)
    at process.processTicksAndRejections (node:internal/process/task_queues:103:5)
[nodalmerge] [sdk] direct upload failed; falling back to ws Error: upload-denied: use-ws
    at directUpload (file:///C:/Users/bgstr/source/repos/nodalmerge/clients/web/sdk.js:329:13)
    at process.processTicksAndRejections (node:internal/process/task_queues:103:5)
[nodalmerge] [sdk] direct upload failed; falling back to ws Error: upload-denied: use-ws
    at directUpload (file:///C:/Users/bgstr/source/repos/nodalmerge/clients/web/sdk.js:329:13)
    at process.processTicksAndRejections (node:internal/process/task_queues:103:5)
[nodalmerge] [sdk] direct upload failed; falling back to ws Error: upload-denied: use-ws
    at directUpload (file:///C:/Users/bgstr/source/repos/nodalmerge/clients/web/sdk.js:329:13)
    at process.processTicksAndRejections (node:internal/process/task_queues:103:5)
[nodalmerge] [sdk] direct upload failed; falling back to ws Error: upload-denied: use-ws
    at directUpload (file:///C:/Users/bgstr/source/repos/nodalmerge/clients/web/sdk.js:329:13)
    at process.processTicksAndRejections (node:internal/process/task_queues:103:5)
[nodalmerge] [sdk] direct upload failed; falling back to ws Error: upload-denied: use-ws
    at directUpload (file:///C:/Users/bgstr/source/repos/nodalmerge/clients/web/sdk.js:329:13)
    at process.processTicksAndRejections (node:internal/process/task_queues:103:5)
[nodalmerge] [sdk] direct upload failed; falling back to ws Error: upload-denied: use-ws
    at directUpload (file:///C:/Users/bgstr/source/repos/nodalmerge/clients/web/sdk.js:329:13)
    at process.processTicksAndRejections (node:internal/process/task_queues:103:5)
[nodalmerge] [sdk] direct upload failed; falling back to ws Error: upload-denied: use-ws
    at directUpload (file:///C:/Users/bgstr/source/repos/nodalmerge/clients/web/sdk.js:329:13)
    at process.processTicksAndRejections (node:internal/process/task_queues:103:5)
  peers=6 iter=7 warmup=45.774ms map=153.162ms list=197.191ms blob=185.758ms
[nodalmerge] [sdk] direct upload failed; falling back to ws Error: upload-denied: use-ws
    at directUpload (file:///C:/Users/bgstr/source/repos/nodalmerge/clients/web/sdk.js:329:13)
    at process.processTicksAndRejections (node:internal/process/task_queues:103:5)
[nodalmerge] [sdk] direct upload failed; falling back to ws Error: upload-denied: use-ws
    at directUpload (file:///C:/Users/bgstr/source/repos/nodalmerge/clients/web/sdk.js:329:13)
    at process.processTicksAndRejections (node:internal/process/task_queues:103:5)
[nodalmerge] [sdk] direct upload failed; falling back to ws Error: upload-denied: use-ws
    at directUpload (file:///C:/Users/bgstr/source/repos/nodalmerge/clients/web/sdk.js:329:13)
    at process.processTicksAndRejections (node:internal/process/task_queues:103:5)
[nodalmerge] [sdk] direct upload failed; falling back to ws Error: upload-denied: use-ws
    at directUpload (file:///C:/Users/bgstr/source/repos/nodalmerge/clients/web/sdk.js:329:13)
    at process.processTicksAndRejections (node:internal/process/task_queues:103:5)
[nodalmerge] [sdk] direct upload failed; falling back to ws Error: upload-denied: use-ws
    at directUpload (file:///C:/Users/bgstr/source/repos/nodalmerge/clients/web/sdk.js:329:13)
    at process.processTicksAndRejections (node:internal/process/task_queues:103:5)
[nodalmerge] [sdk] direct upload failed; falling back to ws Error: upload-denied: use-ws
    at directUpload (file:///C:/Users/bgstr/source/repos/nodalmerge/clients/web/sdk.js:329:13)
    at process.processTicksAndRejections (node:internal/process/task_queues:103:5)
[nodalmerge] [sdk] direct upload failed; falling back to ws Error: upload-denied: use-ws
    at directUpload (file:///C:/Users/bgstr/source/repos/nodalmerge/clients/web/sdk.js:329:13)
    at process.processTicksAndRejections (node:internal/process/task_queues:103:5)
[nodalmerge] [sdk] direct upload failed; falling back to ws Error: upload-denied: use-ws
    at directUpload (file:///C:/Users/bgstr/source/repos/nodalmerge/clients/web/sdk.js:329:13)
    at process.processTicksAndRejections (node:internal/process/task_queues:103:5)
[nodalmerge] [sdk] direct upload failed; falling back to ws Error: upload-denied: use-ws
    at directUpload (file:///C:/Users/bgstr/source/repos/nodalmerge/clients/web/sdk.js:329:13)
    at process.processTicksAndRejections (node:internal/process/task_queues:103:5)
[nodalmerge] [sdk] direct upload failed; falling back to ws Error: upload-denied: use-ws
    at directUpload (file:///C:/Users/bgstr/source/repos/nodalmerge/clients/web/sdk.js:329:13)
    at process.processTicksAndRejections (node:internal/process/task_queues:103:5)
[nodalmerge] [sdk] direct upload failed; falling back to ws Error: upload-denied: use-ws
    at directUpload (file:///C:/Users/bgstr/source/repos/nodalmerge/clients/web/sdk.js:329:13)
    at process.processTicksAndRejections (node:internal/process/task_queues:103:5)
[nodalmerge] [sdk] direct upload failed; falling back to ws Error: upload-denied: use-ws
    at directUpload (file:///C:/Users/bgstr/source/repos/nodalmerge/clients/web/sdk.js:329:13)
    at process.processTicksAndRejections (node:internal/process/task_queues:103:5)
  peers=6 iter=8 warmup=45.725ms map=138.826ms list=211.951ms blob=185.932ms
[nodalmerge] [sdk] direct upload failed; falling back to ws Error: upload-denied: use-ws
    at directUpload (file:///C:/Users/bgstr/source/repos/nodalmerge/clients/web/sdk.js:329:13)
    at process.processTicksAndRejections (node:internal/process/task_queues:103:5)
[nodalmerge] [sdk] direct upload failed; falling back to ws Error: upload-denied: use-ws
    at directUpload (file:///C:/Users/bgstr/source/repos/nodalmerge/clients/web/sdk.js:329:13)
    at process.processTicksAndRejections (node:internal/process/task_queues:103:5)
[nodalmerge] [sdk] direct upload failed; falling back to ws Error: upload-denied: use-ws
    at directUpload (file:///C:/Users/bgstr/source/repos/nodalmerge/clients/web/sdk.js:329:13)
    at process.processTicksAndRejections (node:internal/process/task_queues:103:5)
[nodalmerge] [sdk] direct upload failed; falling back to ws Error: upload-denied: use-ws
    at directUpload (file:///C:/Users/bgstr/source/repos/nodalmerge/clients/web/sdk.js:329:13)
    at process.processTicksAndRejections (node:internal/process/task_queues:103:5)
[nodalmerge] [sdk] direct upload failed; falling back to ws Error: upload-denied: use-ws
    at directUpload (file:///C:/Users/bgstr/source/repos/nodalmerge/clients/web/sdk.js:329:13)
    at process.processTicksAndRejections (node:internal/process/task_queues:103:5)
[nodalmerge] [sdk] direct upload failed; falling back to ws Error: upload-denied: use-ws
    at directUpload (file:///C:/Users/bgstr/source/repos/nodalmerge/clients/web/sdk.js:329:13)
    at process.processTicksAndRejections (node:internal/process/task_queues:103:5)
[nodalmerge] [sdk] direct upload failed; falling back to ws Error: upload-denied: use-ws
    at directUpload (file:///C:/Users/bgstr/source/repos/nodalmerge/clients/web/sdk.js:329:13)
    at process.processTicksAndRejections (node:internal/process/task_queues:103:5)
[nodalmerge] [sdk] direct upload failed; falling back to ws Error: upload-denied: use-ws
    at directUpload (file:///C:/Users/bgstr/source/repos/nodalmerge/clients/web/sdk.js:329:13)
    at process.processTicksAndRejections (node:internal/process/task_queues:103:5)
[nodalmerge] [sdk] direct upload failed; falling back to ws Error: upload-denied: use-ws
    at directUpload (file:///C:/Users/bgstr/source/repos/nodalmerge/clients/web/sdk.js:329:13)
    at process.processTicksAndRejections (node:internal/process/task_queues:103:5)
[nodalmerge] [sdk] direct upload failed; falling back to ws Error: upload-denied: use-ws
    at directUpload (file:///C:/Users/bgstr/source/repos/nodalmerge/clients/web/sdk.js:329:13)
    at process.processTicksAndRejections (node:internal/process/task_queues:103:5)
[nodalmerge] [sdk] direct upload failed; falling back to ws Error: upload-denied: use-ws
    at directUpload (file:///C:/Users/bgstr/source/repos/nodalmerge/clients/web/sdk.js:329:13)
    at process.processTicksAndRejections (node:internal/process/task_queues:103:5)
[nodalmerge] [sdk] direct upload failed; falling back to ws Error: upload-denied: use-ws
    at directUpload (file:///C:/Users/bgstr/source/repos/nodalmerge/clients/web/sdk.js:329:13)
    at process.processTicksAndRejections (node:internal/process/task_queues:103:5)
  peers=6 iter=9 warmup=46.183ms map=137.603ms list=198.341ms blob=184.677ms
[nodalmerge] [sdk] direct upload failed; falling back to ws Error: upload-denied: use-ws
    at directUpload (file:///C:/Users/bgstr/source/repos/nodalmerge/clients/web/sdk.js:329:13)
    at process.processTicksAndRejections (node:internal/process/task_queues:103:5)
[nodalmerge] [sdk] direct upload failed; falling back to ws Error: upload-denied: use-ws
    at directUpload (file:///C:/Users/bgstr/source/repos/nodalmerge/clients/web/sdk.js:329:13)
    at process.processTicksAndRejections (node:internal/process/task_queues:103:5)
[nodalmerge] [sdk] direct upload failed; falling back to ws Error: upload-denied: use-ws
    at directUpload (file:///C:/Users/bgstr/source/repos/nodalmerge/clients/web/sdk.js:329:13)
    at process.processTicksAndRejections (node:internal/process/task_queues:103:5)
[nodalmerge] [sdk] direct upload failed; falling back to ws Error: upload-denied: use-ws
    at directUpload (file:///C:/Users/bgstr/source/repos/nodalmerge/clients/web/sdk.js:329:13)
    at process.processTicksAndRejections (node:internal/process/task_queues:103:5)
[nodalmerge] [sdk] direct upload failed; falling back to ws Error: upload-denied: use-ws
    at directUpload (file:///C:/Users/bgstr/source/repos/nodalmerge/clients/web/sdk.js:329:13)
    at process.processTicksAndRejections (node:internal/process/task_queues:103:5)
[nodalmerge] [sdk] direct upload failed; falling back to ws Error: upload-denied: use-ws
    at directUpload (file:///C:/Users/bgstr/source/repos/nodalmerge/clients/web/sdk.js:329:13)
    at process.processTicksAndRejections (node:internal/process/task_queues:103:5)
[nodalmerge] [sdk] direct upload failed; falling back to ws Error: upload-denied: use-ws
    at directUpload (file:///C:/Users/bgstr/source/repos/nodalmerge/clients/web/sdk.js:329:13)
    at process.processTicksAndRejections (node:internal/process/task_queues:103:5)
[nodalmerge] [sdk] direct upload failed; falling back to ws Error: upload-denied: use-ws
    at directUpload (file:///C:/Users/bgstr/source/repos/nodalmerge/clients/web/sdk.js:329:13)
    at process.processTicksAndRejections (node:internal/process/task_queues:103:5)
[nodalmerge] [sdk] direct upload failed; falling back to ws Error: upload-denied: use-ws
    at directUpload (file:///C:/Users/bgstr/source/repos/nodalmerge/clients/web/sdk.js:329:13)
    at process.processTicksAndRejections (node:internal/process/task_queues:103:5)
[nodalmerge] [sdk] direct upload failed; falling back to ws Error: upload-denied: use-ws
    at directUpload (file:///C:/Users/bgstr/source/repos/nodalmerge/clients/web/sdk.js:329:13)
    at process.processTicksAndRejections (node:internal/process/task_queues:103:5)
[nodalmerge] [sdk] direct upload failed; falling back to ws Error: upload-denied: use-ws
    at directUpload (file:///C:/Users/bgstr/source/repos/nodalmerge/clients/web/sdk.js:329:13)
    at process.processTicksAndRejections (node:internal/process/task_queues:103:5)
[nodalmerge] [sdk] direct upload failed; falling back to ws Error: upload-denied: use-ws
    at directUpload (file:///C:/Users/bgstr/source/repos/nodalmerge/clients/web/sdk.js:329:13)
    at process.processTicksAndRejections (node:internal/process/task_queues:103:5)
  peers=6 iter=10 warmup=45.883ms map=152.82ms list=213.283ms blob=154.14ms
[nodalmerge] [sdk] direct upload failed; falling back to ws Error: upload-denied: use-ws
    at directUpload (file:///C:/Users/bgstr/source/repos/nodalmerge/clients/web/sdk.js:329:13)
    at process.processTicksAndRejections (node:internal/process/task_queues:103:5)
[nodalmerge] [sdk] direct upload failed; falling back to ws Error: upload-denied: use-ws
    at directUpload (file:///C:/Users/bgstr/source/repos/nodalmerge/clients/web/sdk.js:329:13)
    at process.processTicksAndRejections (node:internal/process/task_queues:103:5)
[nodalmerge] [sdk] direct upload failed; falling back to ws Error: upload-denied: use-ws
    at directUpload (file:///C:/Users/bgstr/source/repos/nodalmerge/clients/web/sdk.js:329:13)
    at process.processTicksAndRejections (node:internal/process/task_queues:103:5)
[nodalmerge] [sdk] direct upload failed; falling back to ws Error: upload-denied: use-ws
    at directUpload (file:///C:/Users/bgstr/source/repos/nodalmerge/clients/web/sdk.js:329:13)
    at process.processTicksAndRejections (node:internal/process/task_queues:103:5)
[nodalmerge] [sdk] direct upload failed; falling back to ws Error: upload-denied: use-ws
    at directUpload (file:///C:/Users/bgstr/source/repos/nodalmerge/clients/web/sdk.js:329:13)
    at process.processTicksAndRejections (node:internal/process/task_queues:103:5)
[nodalmerge] [sdk] direct upload failed; falling back to ws Error: upload-denied: use-ws
    at directUpload (file:///C:/Users/bgstr/source/repos/nodalmerge/clients/web/sdk.js:329:13)
    at process.processTicksAndRejections (node:internal/process/task_queues:103:5)
[nodalmerge] [sdk] direct upload failed; falling back to ws Error: upload-denied: use-ws
    at directUpload (file:///C:/Users/bgstr/source/repos/nodalmerge/clients/web/sdk.js:329:13)
    at process.processTicksAndRejections (node:internal/process/task_queues:103:5)
[nodalmerge] [sdk] direct upload failed; falling back to ws Error: upload-denied: use-ws
    at directUpload (file:///C:/Users/bgstr/source/repos/nodalmerge/clients/web/sdk.js:329:13)
    at process.processTicksAndRejections (node:internal/process/task_queues:103:5)
[nodalmerge] [sdk] direct upload failed; falling back to ws Error: upload-denied: use-ws
    at directUpload (file:///C:/Users/bgstr/source/repos/nodalmerge/clients/web/sdk.js:329:13)
    at process.processTicksAndRejections (node:internal/process/task_queues:103:5)
[nodalmerge] [sdk] direct upload failed; falling back to ws Error: upload-denied: use-ws
    at directUpload (file:///C:/Users/bgstr/source/repos/nodalmerge/clients/web/sdk.js:329:13)
    at process.processTicksAndRejections (node:internal/process/task_queues:103:5)
[nodalmerge] [sdk] direct upload failed; falling back to ws Error: upload-denied: use-ws
    at directUpload (file:///C:/Users/bgstr/source/repos/nodalmerge/clients/web/sdk.js:329:13)
    at process.processTicksAndRejections (node:internal/process/task_queues:103:5)
[nodalmerge] [sdk] direct upload failed; falling back to ws Error: upload-denied: use-ws
    at directUpload (file:///C:/Users/bgstr/source/repos/nodalmerge/clients/web/sdk.js:329:13)
    at process.processTicksAndRejections (node:internal/process/task_queues:103:5)
  peers=6 iter=11 warmup=46.295ms map=154.056ms list=181.815ms blob=148.826ms
[nodalmerge] [sdk] direct upload failed; falling back to ws Error: upload-denied: use-ws
    at directUpload (file:///C:/Users/bgstr/source/repos/nodalmerge/clients/web/sdk.js:329:13)
    at process.processTicksAndRejections (node:internal/process/task_queues:103:5)
[nodalmerge] [sdk] direct upload failed; falling back to ws Error: upload-denied: use-ws
    at directUpload (file:///C:/Users/bgstr/source/repos/nodalmerge/clients/web/sdk.js:329:13)
    at process.processTicksAndRejections (node:internal/process/task_queues:103:5)
[nodalmerge] [sdk] direct upload failed; falling back to ws Error: upload-denied: use-ws
    at directUpload (file:///C:/Users/bgstr/source/repos/nodalmerge/clients/web/sdk.js:329:13)
    at process.processTicksAndRejections (node:internal/process/task_queues:103:5)
[nodalmerge] [sdk] direct upload failed; falling back to ws Error: upload-denied: use-ws
    at directUpload (file:///C:/Users/bgstr/source/repos/nodalmerge/clients/web/sdk.js:329:13)
    at process.processTicksAndRejections (node:internal/process/task_queues:103:5)
[nodalmerge] [sdk] direct upload failed; falling back to ws Error: upload-denied: use-ws
    at directUpload (file:///C:/Users/bgstr/source/repos/nodalmerge/clients/web/sdk.js:329:13)
    at process.processTicksAndRejections (node:internal/process/task_queues:103:5)
[nodalmerge] [sdk] direct upload failed; falling back to ws Error: upload-denied: use-ws
    at directUpload (file:///C:/Users/bgstr/source/repos/nodalmerge/clients/web/sdk.js:329:13)
    at process.processTicksAndRejections (node:internal/process/task_queues:103:5)
[nodalmerge] [sdk] direct upload failed; falling back to ws Error: upload-denied: use-ws
    at directUpload (file:///C:/Users/bgstr/source/repos/nodalmerge/clients/web/sdk.js:329:13)
    at process.processTicksAndRejections (node:internal/process/task_queues:103:5)
[nodalmerge] [sdk] direct upload failed; falling back to ws Error: upload-denied: use-ws
    at directUpload (file:///C:/Users/bgstr/source/repos/nodalmerge/clients/web/sdk.js:329:13)
    at process.processTicksAndRejections (node:internal/process/task_queues:103:5)
[nodalmerge] [sdk] direct upload failed; falling back to ws Error: upload-denied: use-ws
    at directUpload (file:///C:/Users/bgstr/source/repos/nodalmerge/clients/web/sdk.js:329:13)
    at process.processTicksAndRejections (node:internal/process/task_queues:103:5)
[nodalmerge] [sdk] direct upload failed; falling back to ws Error: upload-denied: use-ws
    at directUpload (file:///C:/Users/bgstr/source/repos/nodalmerge/clients/web/sdk.js:329:13)
    at process.processTicksAndRejections (node:internal/process/task_queues:103:5)
[nodalmerge] [sdk] direct upload failed; falling back to ws Error: upload-denied: use-ws
    at directUpload (file:///C:/Users/bgstr/source/repos/nodalmerge/clients/web/sdk.js:329:13)
    at process.processTicksAndRejections (node:internal/process/task_queues:103:5)
[nodalmerge] [sdk] direct upload failed; falling back to ws Error: upload-denied: use-ws
    at directUpload (file:///C:/Users/bgstr/source/repos/nodalmerge/clients/web/sdk.js:329:13)
    at process.processTicksAndRejections (node:internal/process/task_queues:103:5)
  peers=6 iter=12 warmup=46.243ms map=136.993ms list=215.048ms blob=186.89ms
[nodalmerge] [sdk] direct upload failed; falling back to ws Error: upload-denied: use-ws
    at directUpload (file:///C:/Users/bgstr/source/repos/nodalmerge/clients/web/sdk.js:329:13)
    at process.processTicksAndRejections (node:internal/process/task_queues:103:5)
[nodalmerge] [sdk] direct upload failed; falling back to ws Error: upload-denied: use-ws
    at directUpload (file:///C:/Users/bgstr/source/repos/nodalmerge/clients/web/sdk.js:329:13)
    at process.processTicksAndRejections (node:internal/process/task_queues:103:5)
[nodalmerge] [sdk] direct upload failed; falling back to ws Error: upload-denied: use-ws
    at directUpload (file:///C:/Users/bgstr/source/repos/nodalmerge/clients/web/sdk.js:329:13)
    at process.processTicksAndRejections (node:internal/process/task_queues:103:5)
[nodalmerge] [sdk] direct upload failed; falling back to ws Error: upload-denied: use-ws
    at directUpload (file:///C:/Users/bgstr/source/repos/nodalmerge/clients/web/sdk.js:329:13)
    at process.processTicksAndRejections (node:internal/process/task_queues:103:5)
[nodalmerge] [sdk] direct upload failed; falling back to ws Error: upload-denied: use-ws
    at directUpload (file:///C:/Users/bgstr/source/repos/nodalmerge/clients/web/sdk.js:329:13)
    at process.processTicksAndRejections (node:internal/process/task_queues:103:5)
[nodalmerge] [sdk] direct upload failed; falling back to ws Error: upload-denied: use-ws
    at directUpload (file:///C:/Users/bgstr/source/repos/nodalmerge/clients/web/sdk.js:329:13)
    at process.processTicksAndRejections (node:internal/process/task_queues:103:5)
[nodalmerge] [sdk] direct upload failed; falling back to ws Error: upload-denied: use-ws
    at directUpload (file:///C:/Users/bgstr/source/repos/nodalmerge/clients/web/sdk.js:329:13)
    at process.processTicksAndRejections (node:internal/process/task_queues:103:5)
[nodalmerge] [sdk] direct upload failed; falling back to ws Error: upload-denied: use-ws
    at directUpload (file:///C:/Users/bgstr/source/repos/nodalmerge/clients/web/sdk.js:329:13)
    at process.processTicksAndRejections (node:internal/process/task_queues:103:5)
[nodalmerge] [sdk] direct upload failed; falling back to ws Error: upload-denied: use-ws
    at directUpload (file:///C:/Users/bgstr/source/repos/nodalmerge/clients/web/sdk.js:329:13)
    at process.processTicksAndRejections (node:internal/process/task_queues:103:5)
[nodalmerge] [sdk] direct upload failed; falling back to ws Error: upload-denied: use-ws
    at directUpload (file:///C:/Users/bgstr/source/repos/nodalmerge/clients/web/sdk.js:329:13)
    at process.processTicksAndRejections (node:internal/process/task_queues:103:5)
[nodalmerge] [sdk] direct upload failed; falling back to ws Error: upload-denied: use-ws
    at directUpload (file:///C:/Users/bgstr/source/repos/nodalmerge/clients/web/sdk.js:329:13)
    at process.processTicksAndRejections (node:internal/process/task_queues:103:5)
[nodalmerge] [sdk] direct upload failed; falling back to ws Error: upload-denied: use-ws
    at directUpload (file:///C:/Users/bgstr/source/repos/nodalmerge/clients/web/sdk.js:329:13)
    at process.processTicksAndRejections (node:internal/process/task_queues:103:5)
  peers=6 iter=13 warmup=46.683ms map=137.069ms list=215.933ms blob=183.919ms
[nodalmerge] [sdk] direct upload failed; falling back to ws Error: upload-denied: use-ws
    at directUpload (file:///C:/Users/bgstr/source/repos/nodalmerge/clients/web/sdk.js:329:13)
    at process.processTicksAndRejections (node:internal/process/task_queues:103:5)
[nodalmerge] [sdk] direct upload failed; falling back to ws Error: upload-denied: use-ws
    at directUpload (file:///C:/Users/bgstr/source/repos/nodalmerge/clients/web/sdk.js:329:13)
    at process.processTicksAndRejections (node:internal/process/task_queues:103:5)
[nodalmerge] [sdk] direct upload failed; falling back to ws Error: upload-denied: use-ws
    at directUpload (file:///C:/Users/bgstr/source/repos/nodalmerge/clients/web/sdk.js:329:13)
    at process.processTicksAndRejections (node:internal/process/task_queues:103:5)
[nodalmerge] [sdk] direct upload failed; falling back to ws Error: upload-denied: use-ws
    at directUpload (file:///C:/Users/bgstr/source/repos/nodalmerge/clients/web/sdk.js:329:13)
    at process.processTicksAndRejections (node:internal/process/task_queues:103:5)
[nodalmerge] [sdk] direct upload failed; falling back to ws Error: upload-denied: use-ws
    at directUpload (file:///C:/Users/bgstr/source/repos/nodalmerge/clients/web/sdk.js:329:13)
    at process.processTicksAndRejections (node:internal/process/task_queues:103:5)
[nodalmerge] [sdk] direct upload failed; falling back to ws Error: upload-denied: use-ws
    at directUpload (file:///C:/Users/bgstr/source/repos/nodalmerge/clients/web/sdk.js:329:13)
    at process.processTicksAndRejections (node:internal/process/task_queues:103:5)
[nodalmerge] [sdk] direct upload failed; falling back to ws Error: upload-denied: use-ws
    at directUpload (file:///C:/Users/bgstr/source/repos/nodalmerge/clients/web/sdk.js:329:13)
    at process.processTicksAndRejections (node:internal/process/task_queues:103:5)
[nodalmerge] [sdk] direct upload failed; falling back to ws Error: upload-denied: use-ws
    at directUpload (file:///C:/Users/bgstr/source/repos/nodalmerge/clients/web/sdk.js:329:13)
    at process.processTicksAndRejections (node:internal/process/task_queues:103:5)
[nodalmerge] [sdk] direct upload failed; falling back to ws Error: upload-denied: use-ws
    at directUpload (file:///C:/Users/bgstr/source/repos/nodalmerge/clients/web/sdk.js:329:13)
    at process.processTicksAndRejections (node:internal/process/task_queues:103:5)
[nodalmerge] [sdk] direct upload failed; falling back to ws Error: upload-denied: use-ws
    at directUpload (file:///C:/Users/bgstr/source/repos/nodalmerge/clients/web/sdk.js:329:13)
    at process.processTicksAndRejections (node:internal/process/task_queues:103:5)
[nodalmerge] [sdk] direct upload failed; falling back to ws Error: upload-denied: use-ws
    at directUpload (file:///C:/Users/bgstr/source/repos/nodalmerge/clients/web/sdk.js:329:13)
    at process.processTicksAndRejections (node:internal/process/task_queues:103:5)
[nodalmerge] [sdk] direct upload failed; falling back to ws Error: upload-denied: use-ws
    at directUpload (file:///C:/Users/bgstr/source/repos/nodalmerge/clients/web/sdk.js:329:13)
    at process.processTicksAndRejections (node:internal/process/task_queues:103:5)
  peers=6 iter=14 warmup=47.011ms map=139.955ms list=214.466ms blob=138.429ms
  peers=6 warmup_avg=46.256ms map_samples=15 map_avg=150.177ms list_samples=15 list_avg=212.566ms blob_samples=15 blob_avg=173.882ms

Target: dotnet-host-runtime-alias (ws://127.0.0.1:8787)
  peers=6 iter=0 warmup=46.167ms map=139.419ms list=186.727ms blob=152.952ms
  peers=6 iter=1 warmup=46.144ms map=152.849ms list=185.833ms blob=154.548ms
  peers=6 iter=2 warmup=46.898ms map=137.073ms list=184.066ms blob=169.112ms
  peers=6 iter=3 warmup=45.448ms map=152.302ms list=184.144ms blob=167.528ms
  peers=6 iter=4 warmup=45.32ms map=153.843ms list=186.456ms blob=168.095ms
  peers=6 iter=5 warmup=46.496ms map=137.238ms list=153.174ms blob=154.451ms
  peers=6 iter=6 warmup=45.872ms map=139.293ms list=152.293ms blob=168.801ms
  peers=6 iter=7 warmup=47.164ms map=139.247ms list=184.86ms blob=167.967ms
  peers=6 iter=8 warmup=46.762ms map=138.114ms list=153.734ms blob=153.226ms
  peers=6 iter=9 warmup=46.006ms map=138.506ms list=183.431ms blob=167.66ms
  peers=6 iter=10 warmup=45.617ms map=136.647ms list=146.371ms blob=145.629ms
  peers=6 iter=11 warmup=46.772ms map=170ms list=185.153ms blob=153.843ms
  peers=6 iter=12 warmup=46.173ms map=137.131ms list=199.699ms blob=169.1ms
  peers=6 iter=13 warmup=46.236ms map=152.24ms list=183.667ms blob=170.32ms
  peers=6 iter=14 warmup=47.083ms map=138.044ms list=183.916ms blob=153.848ms
  peers=6 warmup_avg=46.277ms map_samples=15 map_avg=144.13ms list_samples=15 list_avg=176.902ms blob_samples=15 blob_avg=161.139ms

Wrote results: C:\Users\bgstr\source\repos\nodalmerge\benchmarks\results\sdk-scenarios-peers6-ops12-integrated-vs-dotnet-mongo-clean.json

Done.
using deprecated parameters for `initSync()`; pass a single object instead
SDK scenario benchmark config:
{
  "peerCounts": [
    6
  ],
  "iterations": 15,
  "mapOps": 30,
  "listOps": 30,
  "blobOps": 30,
  "blobSizeBytes": 1024,
  "warmupOps": 4,
  "timeoutMs": 45000,
  "opDelayMs": 2,
  "transport": "ws-only",
  "authMode": "none",
  "tokenExpirySecs": 3600,
  "authTokenCaps": [
    "read:bench/**",
    "write:bench/**"
  ],
  "targets": [
    "rust-integrated-hosted-server",
    "dotnet-host-runtime-alias"
  ]
}

Target: rust-integrated-hosted-server (ws://127.0.0.1:7979)
[nodalmerge] [sdk] direct upload failed; falling back to ws Error: upload-denied: use-ws
    at directUpload (file:///C:/Users/bgstr/source/repos/nodalmerge/clients/web/sdk.js:329:13)
    at process.processTicksAndRejections (node:internal/process/task_queues:103:5)
[nodalmerge] [sdk] direct upload failed; falling back to ws Error: upload-denied: use-ws
    at directUpload (file:///C:/Users/bgstr/source/repos/nodalmerge/clients/web/sdk.js:329:13)
    at process.processTicksAndRejections (node:internal/process/task_queues:103:5)
[nodalmerge] [sdk] direct upload failed; falling back to ws Error: upload-denied: use-ws
    at directUpload (file:///C:/Users/bgstr/source/repos/nodalmerge/clients/web/sdk.js:329:13)
    at process.processTicksAndRejections (node:internal/process/task_queues:103:5)
[nodalmerge] [sdk] direct upload failed; falling back to ws Error: upload-denied: use-ws
    at directUpload (file:///C:/Users/bgstr/source/repos/nodalmerge/clients/web/sdk.js:329:13)
    at process.processTicksAndRejections (node:internal/process/task_queues:103:5)
[nodalmerge] [sdk] direct upload failed; falling back to ws Error: upload-denied: use-ws
    at directUpload (file:///C:/Users/bgstr/source/repos/nodalmerge/clients/web/sdk.js:329:13)
    at process.processTicksAndRejections (node:internal/process/task_queues:103:5)
[nodalmerge] [sdk] direct upload failed; falling back to ws Error: upload-denied: use-ws
    at directUpload (file:///C:/Users/bgstr/source/repos/nodalmerge/clients/web/sdk.js:329:13)
    at process.processTicksAndRejections (node:internal/process/task_queues:103:5)
[nodalmerge] [sdk] direct upload failed; falling back to ws Error: upload-denied: use-ws
    at directUpload (file:///C:/Users/bgstr/source/repos/nodalmerge/clients/web/sdk.js:329:13)
    at process.processTicksAndRejections (node:internal/process/task_queues:103:5)
[nodalmerge] [sdk] direct upload failed; falling back to ws Error: upload-denied: use-ws
    at directUpload (file:///C:/Users/bgstr/source/repos/nodalmerge/clients/web/sdk.js:329:13)
    at process.processTicksAndRejections (node:internal/process/task_queues:103:5)
[nodalmerge] [sdk] direct upload failed; falling back to ws Error: upload-denied: use-ws
    at directUpload (file:///C:/Users/bgstr/source/repos/nodalmerge/clients/web/sdk.js:329:13)
    at process.processTicksAndRejections (node:internal/process/task_queues:103:5)
[nodalmerge] [sdk] direct upload failed; falling back to ws Error: upload-denied: use-ws
    at directUpload (file:///C:/Users/bgstr/source/repos/nodalmerge/clients/web/sdk.js:329:13)
    at process.processTicksAndRejections (node:internal/process/task_queues:103:5)
[nodalmerge] [sdk] direct upload failed; falling back to ws Error: upload-denied: use-ws
    at directUpload (file:///C:/Users/bgstr/source/repos/nodalmerge/clients/web/sdk.js:329:13)
    at process.processTicksAndRejections (node:internal/process/task_queues:103:5)
[nodalmerge] [sdk] direct upload failed; falling back to ws Error: upload-denied: use-ws
    at directUpload (file:///C:/Users/bgstr/source/repos/nodalmerge/clients/web/sdk.js:329:13)
    at process.processTicksAndRejections (node:internal/process/task_queues:103:5)
[nodalmerge] [sdk] direct upload failed; falling back to ws Error: upload-denied: use-ws
    at directUpload (file:///C:/Users/bgstr/source/repos/nodalmerge/clients/web/sdk.js:329:13)
    at process.processTicksAndRejections (node:internal/process/task_queues:103:5)
[nodalmerge] [sdk] direct upload failed; falling back to ws Error: upload-denied: use-ws
    at directUpload (file:///C:/Users/bgstr/source/repos/nodalmerge/clients/web/sdk.js:329:13)
    at process.processTicksAndRejections (node:internal/process/task_queues:103:5)
[nodalmerge] [sdk] direct upload failed; falling back to ws Error: upload-denied: use-ws
    at directUpload (file:///C:/Users/bgstr/source/repos/nodalmerge/clients/web/sdk.js:329:13)
    at process.processTicksAndRejections (node:internal/process/task_queues:103:5)
[nodalmerge] [sdk] direct upload failed; falling back to ws Error: upload-denied: use-ws
    at directUpload (file:///C:/Users/bgstr/source/repos/nodalmerge/clients/web/sdk.js:329:13)
    at process.processTicksAndRejections (node:internal/process/task_queues:103:5)
[nodalmerge] [sdk] direct upload failed; falling back to ws Error: upload-denied: use-ws
    at directUpload (file:///C:/Users/bgstr/source/repos/nodalmerge/clients/web/sdk.js:329:13)
    at process.processTicksAndRejections (node:internal/process/task_queues:103:5)
[nodalmerge] [sdk] direct upload failed; falling back to ws Error: upload-denied: use-ws
    at directUpload (file:///C:/Users/bgstr/source/repos/nodalmerge/clients/web/sdk.js:329:13)
    at process.processTicksAndRejections (node:internal/process/task_queues:103:5)
[nodalmerge] [sdk] direct upload failed; falling back to ws Error: upload-denied: use-ws
    at directUpload (file:///C:/Users/bgstr/source/repos/nodalmerge/clients/web/sdk.js:329:13)
    at process.processTicksAndRejections (node:internal/process/task_queues:103:5)
[nodalmerge] [sdk] direct upload failed; falling back to ws Error: upload-denied: use-ws
    at directUpload (file:///C:/Users/bgstr/source/repos/nodalmerge/clients/web/sdk.js:329:13)
    at process.processTicksAndRejections (node:internal/process/task_queues:103:5)
[nodalmerge] [sdk] direct upload failed; falling back to ws Error: upload-denied: use-ws
    at directUpload (file:///C:/Users/bgstr/source/repos/nodalmerge/clients/web/sdk.js:329:13)
    at process.processTicksAndRejections (node:internal/process/task_queues:103:5)
[nodalmerge] [sdk] direct upload failed; falling back to ws Error: upload-denied: use-ws
    at directUpload (file:///C:/Users/bgstr/source/repos/nodalmerge/clients/web/sdk.js:329:13)
    at process.processTicksAndRejections (node:internal/process/task_queues:103:5)
[nodalmerge] [sdk] direct upload failed; falling back to ws Error: upload-denied: use-ws
    at directUpload (file:///C:/Users/bgstr/source/repos/nodalmerge/clients/web/sdk.js:329:13)
    at process.processTicksAndRejections (node:internal/process/task_queues:103:5)
[nodalmerge] [sdk] direct upload failed; falling back to ws Error: upload-denied: use-ws
    at directUpload (file:///C:/Users/bgstr/source/repos/nodalmerge/clients/web/sdk.js:329:13)
    at process.processTicksAndRejections (node:internal/process/task_queues:103:5)
[nodalmerge] [sdk] direct upload failed; falling back to ws Error: upload-denied: use-ws
    at directUpload (file:///C:/Users/bgstr/source/repos/nodalmerge/clients/web/sdk.js:329:13)
    at process.processTicksAndRejections (node:internal/process/task_queues:103:5)
[nodalmerge] [sdk] direct upload failed; falling back to ws Error: upload-denied: use-ws
    at directUpload (file:///C:/Users/bgstr/source/repos/nodalmerge/clients/web/sdk.js:329:13)
    at process.processTicksAndRejections (node:internal/process/task_queues:103:5)
[nodalmerge] [sdk] direct upload failed; falling back to ws Error: upload-denied: use-ws
    at directUpload (file:///C:/Users/bgstr/source/repos/nodalmerge/clients/web/sdk.js:329:13)
    at process.processTicksAndRejections (node:internal/process/task_queues:103:5)
[nodalmerge] [sdk] direct upload failed; falling back to ws Error: upload-denied: use-ws
    at directUpload (file:///C:/Users/bgstr/source/repos/nodalmerge/clients/web/sdk.js:329:13)
    at process.processTicksAndRejections (node:internal/process/task_queues:103:5)
[nodalmerge] [sdk] direct upload failed; falling back to ws Error: upload-denied: use-ws
    at directUpload (file:///C:/Users/bgstr/source/repos/nodalmerge/clients/web/sdk.js:329:13)
    at process.processTicksAndRejections (node:internal/process/task_queues:103:5)
[nodalmerge] [sdk] direct upload failed; falling back to ws Error: upload-denied: use-ws
    at directUpload (file:///C:/Users/bgstr/source/repos/nodalmerge/clients/web/sdk.js:329:13)
    at process.processTicksAndRejections (node:internal/process/task_queues:103:5)
  peers=6 iter=0 warmup=47.582ms map=367.62ms list=425.763ms blob=347.741ms
[nodalmerge] [sdk] direct upload failed; falling back to ws Error: upload-denied: use-ws
    at directUpload (file:///C:/Users/bgstr/source/repos/nodalmerge/clients/web/sdk.js:329:13)
    at process.processTicksAndRejections (node:internal/process/task_queues:103:5)
[nodalmerge] [sdk] direct upload failed; falling back to ws Error: upload-denied: use-ws
    at directUpload (file:///C:/Users/bgstr/source/repos/nodalmerge/clients/web/sdk.js:329:13)
    at process.processTicksAndRejections (node:internal/process/task_queues:103:5)
[nodalmerge] [sdk] direct upload failed; falling back to ws Error: upload-denied: use-ws
    at directUpload (file:///C:/Users/bgstr/source/repos/nodalmerge/clients/web/sdk.js:329:13)
    at process.processTicksAndRejections (node:internal/process/task_queues:103:5)
[nodalmerge] [sdk] direct upload failed; falling back to ws Error: upload-denied: use-ws
    at directUpload (file:///C:/Users/bgstr/source/repos/nodalmerge/clients/web/sdk.js:329:13)
    at process.processTicksAndRejections (node:internal/process/task_queues:103:5)
[nodalmerge] [sdk] direct upload failed; falling back to ws Error: upload-denied: use-ws
    at directUpload (file:///C:/Users/bgstr/source/repos/nodalmerge/clients/web/sdk.js:329:13)
    at process.processTicksAndRejections (node:internal/process/task_queues:103:5)
[nodalmerge] [sdk] direct upload failed; falling back to ws Error: upload-denied: use-ws
    at directUpload (file:///C:/Users/bgstr/source/repos/nodalmerge/clients/web/sdk.js:329:13)
    at process.processTicksAndRejections (node:internal/process/task_queues:103:5)
[nodalmerge] [sdk] direct upload failed; falling back to ws Error: upload-denied: use-ws
    at directUpload (file:///C:/Users/bgstr/source/repos/nodalmerge/clients/web/sdk.js:329:13)
    at process.processTicksAndRejections (node:internal/process/task_queues:103:5)
[nodalmerge] [sdk] direct upload failed; falling back to ws Error: upload-denied: use-ws
    at directUpload (file:///C:/Users/bgstr/source/repos/nodalmerge/clients/web/sdk.js:329:13)
    at process.processTicksAndRejections (node:internal/process/task_queues:103:5)
[nodalmerge] [sdk] direct upload failed; falling back to ws Error: upload-denied: use-ws
    at directUpload (file:///C:/Users/bgstr/source/repos/nodalmerge/clients/web/sdk.js:329:13)
    at process.processTicksAndRejections (node:internal/process/task_queues:103:5)
[nodalmerge] [sdk] direct upload failed; falling back to ws Error: upload-denied: use-ws
    at directUpload (file:///C:/Users/bgstr/source/repos/nodalmerge/clients/web/sdk.js:329:13)
    at process.processTicksAndRejections (node:internal/process/task_queues:103:5)
[nodalmerge] [sdk] direct upload failed; falling back to ws Error: upload-denied: use-ws
    at directUpload (file:///C:/Users/bgstr/source/repos/nodalmerge/clients/web/sdk.js:329:13)
    at process.processTicksAndRejections (node:internal/process/task_queues:103:5)
[nodalmerge] [sdk] direct upload failed; falling back to ws Error: upload-denied: use-ws
    at directUpload (file:///C:/Users/bgstr/source/repos/nodalmerge/clients/web/sdk.js:329:13)
    at process.processTicksAndRejections (node:internal/process/task_queues:103:5)
[nodalmerge] [sdk] direct upload failed; falling back to ws Error: upload-denied: use-ws
    at directUpload (file:///C:/Users/bgstr/source/repos/nodalmerge/clients/web/sdk.js:329:13)
    at process.processTicksAndRejections (node:internal/process/task_queues:103:5)
[nodalmerge] [sdk] direct upload failed; falling back to ws Error: upload-denied: use-ws
    at directUpload (file:///C:/Users/bgstr/source/repos/nodalmerge/clients/web/sdk.js:329:13)
    at process.processTicksAndRejections (node:internal/process/task_queues:103:5)
[nodalmerge] [sdk] direct upload failed; falling back to ws Error: upload-denied: use-ws
    at directUpload (file:///C:/Users/bgstr/source/repos/nodalmerge/clients/web/sdk.js:329:13)
    at process.processTicksAndRejections (node:internal/process/task_queues:103:5)
[nodalmerge] [sdk] direct upload failed; falling back to ws Error: upload-denied: use-ws
    at directUpload (file:///C:/Users/bgstr/source/repos/nodalmerge/clients/web/sdk.js:329:13)
    at process.processTicksAndRejections (node:internal/process/task_queues:103:5)
[nodalmerge] [sdk] direct upload failed; falling back to ws Error: upload-denied: use-ws
    at directUpload (file:///C:/Users/bgstr/source/repos/nodalmerge/clients/web/sdk.js:329:13)
    at process.processTicksAndRejections (node:internal/process/task_queues:103:5)
[nodalmerge] [sdk] direct upload failed; falling back to ws Error: upload-denied: use-ws
    at directUpload (file:///C:/Users/bgstr/source/repos/nodalmerge/clients/web/sdk.js:329:13)
    at process.processTicksAndRejections (node:internal/process/task_queues:103:5)
[nodalmerge] [sdk] direct upload failed; falling back to ws Error: upload-denied: use-ws
    at directUpload (file:///C:/Users/bgstr/source/repos/nodalmerge/clients/web/sdk.js:329:13)
    at process.processTicksAndRejections (node:internal/process/task_queues:103:5)
[nodalmerge] [sdk] direct upload failed; falling back to ws Error: upload-denied: use-ws
    at directUpload (file:///C:/Users/bgstr/source/repos/nodalmerge/clients/web/sdk.js:329:13)
    at process.processTicksAndRejections (node:internal/process/task_queues:103:5)
[nodalmerge] [sdk] direct upload failed; falling back to ws Error: upload-denied: use-ws
    at directUpload (file:///C:/Users/bgstr/source/repos/nodalmerge/clients/web/sdk.js:329:13)
    at process.processTicksAndRejections (node:internal/process/task_queues:103:5)
[nodalmerge] [sdk] direct upload failed; falling back to ws Error: upload-denied: use-ws
    at directUpload (file:///C:/Users/bgstr/source/repos/nodalmerge/clients/web/sdk.js:329:13)
    at process.processTicksAndRejections (node:internal/process/task_queues:103:5)
[nodalmerge] [sdk] direct upload failed; falling back to ws Error: upload-denied: use-ws
    at directUpload (file:///C:/Users/bgstr/source/repos/nodalmerge/clients/web/sdk.js:329:13)
    at process.processTicksAndRejections (node:internal/process/task_queues:103:5)
[nodalmerge] [sdk] direct upload failed; falling back to ws Error: upload-denied: use-ws
    at directUpload (file:///C:/Users/bgstr/source/repos/nodalmerge/clients/web/sdk.js:329:13)
    at process.processTicksAndRejections (node:internal/process/task_queues:103:5)
[nodalmerge] [sdk] direct upload failed; falling back to ws Error: upload-denied: use-ws
    at directUpload (file:///C:/Users/bgstr/source/repos/nodalmerge/clients/web/sdk.js:329:13)
    at process.processTicksAndRejections (node:internal/process/task_queues:103:5)
[nodalmerge] [sdk] direct upload failed; falling back to ws Error: upload-denied: use-ws
    at directUpload (file:///C:/Users/bgstr/source/repos/nodalmerge/clients/web/sdk.js:329:13)
    at process.processTicksAndRejections (node:internal/process/task_queues:103:5)
[nodalmerge] [sdk] direct upload failed; falling back to ws Error: upload-denied: use-ws
    at directUpload (file:///C:/Users/bgstr/source/repos/nodalmerge/clients/web/sdk.js:329:13)
    at process.processTicksAndRejections (node:internal/process/task_queues:103:5)
[nodalmerge] [sdk] direct upload failed; falling back to ws Error: upload-denied: use-ws
    at directUpload (file:///C:/Users/bgstr/source/repos/nodalmerge/clients/web/sdk.js:329:13)
    at process.processTicksAndRejections (node:internal/process/task_queues:103:5)
[nodalmerge] [sdk] direct upload failed; falling back to ws Error: upload-denied: use-ws
    at directUpload (file:///C:/Users/bgstr/source/repos/nodalmerge/clients/web/sdk.js:329:13)
    at process.processTicksAndRejections (node:internal/process/task_queues:103:5)
[nodalmerge] [sdk] direct upload failed; falling back to ws Error: upload-denied: use-ws
    at directUpload (file:///C:/Users/bgstr/source/repos/nodalmerge/clients/web/sdk.js:329:13)
    at process.processTicksAndRejections (node:internal/process/task_queues:103:5)
  peers=6 iter=1 warmup=45.657ms map=337.968ms list=474.658ms blob=383.575ms
[nodalmerge] [sdk] direct upload failed; falling back to ws Error: upload-denied: use-ws
    at directUpload (file:///C:/Users/bgstr/source/repos/nodalmerge/clients/web/sdk.js:329:13)
    at process.processTicksAndRejections (node:internal/process/task_queues:103:5)
[nodalmerge] [sdk] direct upload failed; falling back to ws Error: upload-denied: use-ws
    at directUpload (file:///C:/Users/bgstr/source/repos/nodalmerge/clients/web/sdk.js:329:13)
    at process.processTicksAndRejections (node:internal/process/task_queues:103:5)
[nodalmerge] [sdk] direct upload failed; falling back to ws Error: upload-denied: use-ws
    at directUpload (file:///C:/Users/bgstr/source/repos/nodalmerge/clients/web/sdk.js:329:13)
    at process.processTicksAndRejections (node:internal/process/task_queues:103:5)
[nodalmerge] [sdk] direct upload failed; falling back to ws Error: upload-denied: use-ws
    at directUpload (file:///C:/Users/bgstr/source/repos/nodalmerge/clients/web/sdk.js:329:13)
    at process.processTicksAndRejections (node:internal/process/task_queues:103:5)
[nodalmerge] [sdk] direct upload failed; falling back to ws Error: upload-denied: use-ws
    at directUpload (file:///C:/Users/bgstr/source/repos/nodalmerge/clients/web/sdk.js:329:13)
    at process.processTicksAndRejections (node:internal/process/task_queues:103:5)
[nodalmerge] [sdk] direct upload failed; falling back to ws Error: upload-denied: use-ws
    at directUpload (file:///C:/Users/bgstr/source/repos/nodalmerge/clients/web/sdk.js:329:13)
    at process.processTicksAndRejections (node:internal/process/task_queues:103:5)
[nodalmerge] [sdk] direct upload failed; falling back to ws Error: upload-denied: use-ws
    at directUpload (file:///C:/Users/bgstr/source/repos/nodalmerge/clients/web/sdk.js:329:13)
    at process.processTicksAndRejections (node:internal/process/task_queues:103:5)
[nodalmerge] [sdk] direct upload failed; falling back to ws Error: upload-denied: use-ws
    at directUpload (file:///C:/Users/bgstr/source/repos/nodalmerge/clients/web/sdk.js:329:13)
    at process.processTicksAndRejections (node:internal/process/task_queues:103:5)
[nodalmerge] [sdk] direct upload failed; falling back to ws Error: upload-denied: use-ws
    at directUpload (file:///C:/Users/bgstr/source/repos/nodalmerge/clients/web/sdk.js:329:13)
    at process.processTicksAndRejections (node:internal/process/task_queues:103:5)
[nodalmerge] [sdk] direct upload failed; falling back to ws Error: upload-denied: use-ws
    at directUpload (file:///C:/Users/bgstr/source/repos/nodalmerge/clients/web/sdk.js:329:13)
    at process.processTicksAndRejections (node:internal/process/task_queues:103:5)
[nodalmerge] [sdk] direct upload failed; falling back to ws Error: upload-denied: use-ws
    at directUpload (file:///C:/Users/bgstr/source/repos/nodalmerge/clients/web/sdk.js:329:13)
    at process.processTicksAndRejections (node:internal/process/task_queues:103:5)
[nodalmerge] [sdk] direct upload failed; falling back to ws Error: upload-denied: use-ws
    at directUpload (file:///C:/Users/bgstr/source/repos/nodalmerge/clients/web/sdk.js:329:13)
    at process.processTicksAndRejections (node:internal/process/task_queues:103:5)
[nodalmerge] [sdk] direct upload failed; falling back to ws Error: upload-denied: use-ws
    at directUpload (file:///C:/Users/bgstr/source/repos/nodalmerge/clients/web/sdk.js:329:13)
    at process.processTicksAndRejections (node:internal/process/task_queues:103:5)
[nodalmerge] [sdk] direct upload failed; falling back to ws Error: upload-denied: use-ws
    at directUpload (file:///C:/Users/bgstr/source/repos/nodalmerge/clients/web/sdk.js:329:13)
    at process.processTicksAndRejections (node:internal/process/task_queues:103:5)
[nodalmerge] [sdk] direct upload failed; falling back to ws Error: upload-denied: use-ws
    at directUpload (file:///C:/Users/bgstr/source/repos/nodalmerge/clients/web/sdk.js:329:13)
    at process.processTicksAndRejections (node:internal/process/task_queues:103:5)
[nodalmerge] [sdk] direct upload failed; falling back to ws Error: upload-denied: use-ws
    at directUpload (file:///C:/Users/bgstr/source/repos/nodalmerge/clients/web/sdk.js:329:13)
    at process.processTicksAndRejections (node:internal/process/task_queues:103:5)
[nodalmerge] [sdk] direct upload failed; falling back to ws Error: upload-denied: use-ws
    at directUpload (file:///C:/Users/bgstr/source/repos/nodalmerge/clients/web/sdk.js:329:13)
    at process.processTicksAndRejections (node:internal/process/task_queues:103:5)
[nodalmerge] [sdk] direct upload failed; falling back to ws Error: upload-denied: use-ws
    at directUpload (file:///C:/Users/bgstr/source/repos/nodalmerge/clients/web/sdk.js:329:13)
    at process.processTicksAndRejections (node:internal/process/task_queues:103:5)
[nodalmerge] [sdk] direct upload failed; falling back to ws Error: upload-denied: use-ws
    at directUpload (file:///C:/Users/bgstr/source/repos/nodalmerge/clients/web/sdk.js:329:13)
    at process.processTicksAndRejections (node:internal/process/task_queues:103:5)
[nodalmerge] [sdk] direct upload failed; falling back to ws Error: upload-denied: use-ws
    at directUpload (file:///C:/Users/bgstr/source/repos/nodalmerge/clients/web/sdk.js:329:13)
    at process.processTicksAndRejections (node:internal/process/task_queues:103:5)
[nodalmerge] [sdk] direct upload failed; falling back to ws Error: upload-denied: use-ws
    at directUpload (file:///C:/Users/bgstr/source/repos/nodalmerge/clients/web/sdk.js:329:13)
    at process.processTicksAndRejections (node:internal/process/task_queues:103:5)
[nodalmerge] [sdk] direct upload failed; falling back to ws Error: upload-denied: use-ws
    at directUpload (file:///C:/Users/bgstr/source/repos/nodalmerge/clients/web/sdk.js:329:13)
    at process.processTicksAndRejections (node:internal/process/task_queues:103:5)
[nodalmerge] [sdk] direct upload failed; falling back to ws Error: upload-denied: use-ws
    at directUpload (file:///C:/Users/bgstr/source/repos/nodalmerge/clients/web/sdk.js:329:13)
    at process.processTicksAndRejections (node:internal/process/task_queues:103:5)
[nodalmerge] [sdk] direct upload failed; falling back to ws Error: upload-denied: use-ws
    at directUpload (file:///C:/Users/bgstr/source/repos/nodalmerge/clients/web/sdk.js:329:13)
    at process.processTicksAndRejections (node:internal/process/task_queues:103:5)
[nodalmerge] [sdk] direct upload failed; falling back to ws Error: upload-denied: use-ws
    at directUpload (file:///C:/Users/bgstr/source/repos/nodalmerge/clients/web/sdk.js:329:13)
    at process.processTicksAndRejections (node:internal/process/task_queues:103:5)
[nodalmerge] [sdk] direct upload failed; falling back to ws Error: upload-denied: use-ws
    at directUpload (file:///C:/Users/bgstr/source/repos/nodalmerge/clients/web/sdk.js:329:13)
    at process.processTicksAndRejections (node:internal/process/task_queues:103:5)
[nodalmerge] [sdk] direct upload failed; falling back to ws Error: upload-denied: use-ws
    at directUpload (file:///C:/Users/bgstr/source/repos/nodalmerge/clients/web/sdk.js:329:13)
    at process.processTicksAndRejections (node:internal/process/task_queues:103:5)
[nodalmerge] [sdk] direct upload failed; falling back to ws Error: upload-denied: use-ws
    at directUpload (file:///C:/Users/bgstr/source/repos/nodalmerge/clients/web/sdk.js:329:13)
    at process.processTicksAndRejections (node:internal/process/task_queues:103:5)
[nodalmerge] [sdk] direct upload failed; falling back to ws Error: upload-denied: use-ws
    at directUpload (file:///C:/Users/bgstr/source/repos/nodalmerge/clients/web/sdk.js:329:13)
    at process.processTicksAndRejections (node:internal/process/task_queues:103:5)
[nodalmerge] [sdk] direct upload failed; falling back to ws Error: upload-denied: use-ws
    at directUpload (file:///C:/Users/bgstr/source/repos/nodalmerge/clients/web/sdk.js:329:13)
    at process.processTicksAndRejections (node:internal/process/task_queues:103:5)
  peers=6 iter=2 warmup=46.408ms map=370.536ms list=425.227ms blob=370.711ms
[nodalmerge] [sdk] direct upload failed; falling back to ws Error: upload-denied: use-ws
    at directUpload (file:///C:/Users/bgstr/source/repos/nodalmerge/clients/web/sdk.js:329:13)
    at process.processTicksAndRejections (node:internal/process/task_queues:103:5)
[nodalmerge] [sdk] direct upload failed; falling back to ws Error: upload-denied: use-ws
    at directUpload (file:///C:/Users/bgstr/source/repos/nodalmerge/clients/web/sdk.js:329:13)
    at process.processTicksAndRejections (node:internal/process/task_queues:103:5)
[nodalmerge] [sdk] direct upload failed; falling back to ws Error: upload-denied: use-ws
    at directUpload (file:///C:/Users/bgstr/source/repos/nodalmerge/clients/web/sdk.js:329:13)
    at process.processTicksAndRejections (node:internal/process/task_queues:103:5)
[nodalmerge] [sdk] direct upload failed; falling back to ws Error: upload-denied: use-ws
    at directUpload (file:///C:/Users/bgstr/source/repos/nodalmerge/clients/web/sdk.js:329:13)
    at process.processTicksAndRejections (node:internal/process/task_queues:103:5)
[nodalmerge] [sdk] direct upload failed; falling back to ws Error: upload-denied: use-ws
    at directUpload (file:///C:/Users/bgstr/source/repos/nodalmerge/clients/web/sdk.js:329:13)
    at process.processTicksAndRejections (node:internal/process/task_queues:103:5)
[nodalmerge] [sdk] direct upload failed; falling back to ws Error: upload-denied: use-ws
    at directUpload (file:///C:/Users/bgstr/source/repos/nodalmerge/clients/web/sdk.js:329:13)
    at process.processTicksAndRejections (node:internal/process/task_queues:103:5)
[nodalmerge] [sdk] direct upload failed; falling back to ws Error: upload-denied: use-ws
    at directUpload (file:///C:/Users/bgstr/source/repos/nodalmerge/clients/web/sdk.js:329:13)
    at process.processTicksAndRejections (node:internal/process/task_queues:103:5)
[nodalmerge] [sdk] direct upload failed; falling back to ws Error: upload-denied: use-ws
    at directUpload (file:///C:/Users/bgstr/source/repos/nodalmerge/clients/web/sdk.js:329:13)
    at process.processTicksAndRejections (node:internal/process/task_queues:103:5)
[nodalmerge] [sdk] direct upload failed; falling back to ws Error: upload-denied: use-ws
    at directUpload (file:///C:/Users/bgstr/source/repos/nodalmerge/clients/web/sdk.js:329:13)
    at process.processTicksAndRejections (node:internal/process/task_queues:103:5)
[nodalmerge] [sdk] direct upload failed; falling back to ws Error: upload-denied: use-ws
    at directUpload (file:///C:/Users/bgstr/source/repos/nodalmerge/clients/web/sdk.js:329:13)
    at process.processTicksAndRejections (node:internal/process/task_queues:103:5)
[nodalmerge] [sdk] direct upload failed; falling back to ws Error: upload-denied: use-ws
    at directUpload (file:///C:/Users/bgstr/source/repos/nodalmerge/clients/web/sdk.js:329:13)
    at process.processTicksAndRejections (node:internal/process/task_queues:103:5)
[nodalmerge] [sdk] direct upload failed; falling back to ws Error: upload-denied: use-ws
    at directUpload (file:///C:/Users/bgstr/source/repos/nodalmerge/clients/web/sdk.js:329:13)
    at process.processTicksAndRejections (node:internal/process/task_queues:103:5)
[nodalmerge] [sdk] direct upload failed; falling back to ws Error: upload-denied: use-ws
    at directUpload (file:///C:/Users/bgstr/source/repos/nodalmerge/clients/web/sdk.js:329:13)
    at process.processTicksAndRejections (node:internal/process/task_queues:103:5)
[nodalmerge] [sdk] direct upload failed; falling back to ws Error: upload-denied: use-ws
    at directUpload (file:///C:/Users/bgstr/source/repos/nodalmerge/clients/web/sdk.js:329:13)
    at process.processTicksAndRejections (node:internal/process/task_queues:103:5)
[nodalmerge] [sdk] direct upload failed; falling back to ws Error: upload-denied: use-ws
    at directUpload (file:///C:/Users/bgstr/source/repos/nodalmerge/clients/web/sdk.js:329:13)
    at process.processTicksAndRejections (node:internal/process/task_queues:103:5)
[nodalmerge] [sdk] direct upload failed; falling back to ws Error: upload-denied: use-ws
    at directUpload (file:///C:/Users/bgstr/source/repos/nodalmerge/clients/web/sdk.js:329:13)
    at process.processTicksAndRejections (node:internal/process/task_queues:103:5)
[nodalmerge] [sdk] direct upload failed; falling back to ws Error: upload-denied: use-ws
    at directUpload (file:///C:/Users/bgstr/source/repos/nodalmerge/clients/web/sdk.js:329:13)
    at process.processTicksAndRejections (node:internal/process/task_queues:103:5)
[nodalmerge] [sdk] direct upload failed; falling back to ws Error: upload-denied: use-ws
    at directUpload (file:///C:/Users/bgstr/source/repos/nodalmerge/clients/web/sdk.js:329:13)
    at process.processTicksAndRejections (node:internal/process/task_queues:103:5)
[nodalmerge] [sdk] direct upload failed; falling back to ws Error: upload-denied: use-ws
    at directUpload (file:///C:/Users/bgstr/source/repos/nodalmerge/clients/web/sdk.js:329:13)
    at process.processTicksAndRejections (node:internal/process/task_queues:103:5)
[nodalmerge] [sdk] direct upload failed; falling back to ws Error: upload-denied: use-ws
    at directUpload (file:///C:/Users/bgstr/source/repos/nodalmerge/clients/web/sdk.js:329:13)
    at process.processTicksAndRejections (node:internal/process/task_queues:103:5)
[nodalmerge] [sdk] direct upload failed; falling back to ws Error: upload-denied: use-ws
    at directUpload (file:///C:/Users/bgstr/source/repos/nodalmerge/clients/web/sdk.js:329:13)
    at process.processTicksAndRejections (node:internal/process/task_queues:103:5)
[nodalmerge] [sdk] direct upload failed; falling back to ws Error: upload-denied: use-ws
    at directUpload (file:///C:/Users/bgstr/source/repos/nodalmerge/clients/web/sdk.js:329:13)
    at process.processTicksAndRejections (node:internal/process/task_queues:103:5)
[nodalmerge] [sdk] direct upload failed; falling back to ws Error: upload-denied: use-ws
    at directUpload (file:///C:/Users/bgstr/source/repos/nodalmerge/clients/web/sdk.js:329:13)
    at process.processTicksAndRejections (node:internal/process/task_queues:103:5)
[nodalmerge] [sdk] direct upload failed; falling back to ws Error: upload-denied: use-ws
    at directUpload (file:///C:/Users/bgstr/source/repos/nodalmerge/clients/web/sdk.js:329:13)
    at process.processTicksAndRejections (node:internal/process/task_queues:103:5)
[nodalmerge] [sdk] direct upload failed; falling back to ws Error: upload-denied: use-ws
    at directUpload (file:///C:/Users/bgstr/source/repos/nodalmerge/clients/web/sdk.js:329:13)
    at process.processTicksAndRejections (node:internal/process/task_queues:103:5)
[nodalmerge] [sdk] direct upload failed; falling back to ws Error: upload-denied: use-ws
    at directUpload (file:///C:/Users/bgstr/source/repos/nodalmerge/clients/web/sdk.js:329:13)
    at process.processTicksAndRejections (node:internal/process/task_queues:103:5)
[nodalmerge] [sdk] direct upload failed; falling back to ws Error: upload-denied: use-ws
    at directUpload (file:///C:/Users/bgstr/source/repos/nodalmerge/clients/web/sdk.js:329:13)
    at process.processTicksAndRejections (node:internal/process/task_queues:103:5)
[nodalmerge] [sdk] direct upload failed; falling back to ws Error: upload-denied: use-ws
    at directUpload (file:///C:/Users/bgstr/source/repos/nodalmerge/clients/web/sdk.js:329:13)
    at process.processTicksAndRejections (node:internal/process/task_queues:103:5)
[nodalmerge] [sdk] direct upload failed; falling back to ws Error: upload-denied: use-ws
    at directUpload (file:///C:/Users/bgstr/source/repos/nodalmerge/clients/web/sdk.js:329:13)
    at process.processTicksAndRejections (node:internal/process/task_queues:103:5)
[nodalmerge] [sdk] direct upload failed; falling back to ws Error: upload-denied: use-ws
    at directUpload (file:///C:/Users/bgstr/source/repos/nodalmerge/clients/web/sdk.js:329:13)
    at process.processTicksAndRejections (node:internal/process/task_queues:103:5)
  peers=6 iter=3 warmup=46.019ms map=337.463ms list=474.319ms blob=354.012ms
[nodalmerge] [sdk] direct upload failed; falling back to ws Error: upload-denied: use-ws
    at directUpload (file:///C:/Users/bgstr/source/repos/nodalmerge/clients/web/sdk.js:329:13)
    at process.processTicksAndRejections (node:internal/process/task_queues:103:5)
[nodalmerge] [sdk] direct upload failed; falling back to ws Error: upload-denied: use-ws
    at directUpload (file:///C:/Users/bgstr/source/repos/nodalmerge/clients/web/sdk.js:329:13)
    at process.processTicksAndRejections (node:internal/process/task_queues:103:5)
[nodalmerge] [sdk] direct upload failed; falling back to ws Error: upload-denied: use-ws
    at directUpload (file:///C:/Users/bgstr/source/repos/nodalmerge/clients/web/sdk.js:329:13)
    at process.processTicksAndRejections (node:internal/process/task_queues:103:5)
[nodalmerge] [sdk] direct upload failed; falling back to ws Error: upload-denied: use-ws
    at directUpload (file:///C:/Users/bgstr/source/repos/nodalmerge/clients/web/sdk.js:329:13)
    at process.processTicksAndRejections (node:internal/process/task_queues:103:5)
[nodalmerge] [sdk] direct upload failed; falling back to ws Error: upload-denied: use-ws
    at directUpload (file:///C:/Users/bgstr/source/repos/nodalmerge/clients/web/sdk.js:329:13)
    at process.processTicksAndRejections (node:internal/process/task_queues:103:5)
[nodalmerge] [sdk] direct upload failed; falling back to ws Error: upload-denied: use-ws
    at directUpload (file:///C:/Users/bgstr/source/repos/nodalmerge/clients/web/sdk.js:329:13)
    at process.processTicksAndRejections (node:internal/process/task_queues:103:5)
[nodalmerge] [sdk] direct upload failed; falling back to ws Error: upload-denied: use-ws
    at directUpload (file:///C:/Users/bgstr/source/repos/nodalmerge/clients/web/sdk.js:329:13)
    at process.processTicksAndRejections (node:internal/process/task_queues:103:5)
[nodalmerge] [sdk] direct upload failed; falling back to ws Error: upload-denied: use-ws
    at directUpload (file:///C:/Users/bgstr/source/repos/nodalmerge/clients/web/sdk.js:329:13)
    at process.processTicksAndRejections (node:internal/process/task_queues:103:5)
[nodalmerge] [sdk] direct upload failed; falling back to ws Error: upload-denied: use-ws
    at directUpload (file:///C:/Users/bgstr/source/repos/nodalmerge/clients/web/sdk.js:329:13)
    at process.processTicksAndRejections (node:internal/process/task_queues:103:5)
[nodalmerge] [sdk] direct upload failed; falling back to ws Error: upload-denied: use-ws
    at directUpload (file:///C:/Users/bgstr/source/repos/nodalmerge/clients/web/sdk.js:329:13)
    at process.processTicksAndRejections (node:internal/process/task_queues:103:5)
[nodalmerge] [sdk] direct upload failed; falling back to ws Error: upload-denied: use-ws
    at directUpload (file:///C:/Users/bgstr/source/repos/nodalmerge/clients/web/sdk.js:329:13)
    at process.processTicksAndRejections (node:internal/process/task_queues:103:5)
[nodalmerge] [sdk] direct upload failed; falling back to ws Error: upload-denied: use-ws
    at directUpload (file:///C:/Users/bgstr/source/repos/nodalmerge/clients/web/sdk.js:329:13)
    at process.processTicksAndRejections (node:internal/process/task_queues:103:5)
[nodalmerge] [sdk] direct upload failed; falling back to ws Error: upload-denied: use-ws
    at directUpload (file:///C:/Users/bgstr/source/repos/nodalmerge/clients/web/sdk.js:329:13)
    at process.processTicksAndRejections (node:internal/process/task_queues:103:5)
[nodalmerge] [sdk] direct upload failed; falling back to ws Error: upload-denied: use-ws
    at directUpload (file:///C:/Users/bgstr/source/repos/nodalmerge/clients/web/sdk.js:329:13)
    at process.processTicksAndRejections (node:internal/process/task_queues:103:5)
[nodalmerge] [sdk] direct upload failed; falling back to ws Error: upload-denied: use-ws
    at directUpload (file:///C:/Users/bgstr/source/repos/nodalmerge/clients/web/sdk.js:329:13)
    at process.processTicksAndRejections (node:internal/process/task_queues:103:5)
[nodalmerge] [sdk] direct upload failed; falling back to ws Error: upload-denied: use-ws
    at directUpload (file:///C:/Users/bgstr/source/repos/nodalmerge/clients/web/sdk.js:329:13)
    at process.processTicksAndRejections (node:internal/process/task_queues:103:5)
[nodalmerge] [sdk] direct upload failed; falling back to ws Error: upload-denied: use-ws
    at directUpload (file:///C:/Users/bgstr/source/repos/nodalmerge/clients/web/sdk.js:329:13)
    at process.processTicksAndRejections (node:internal/process/task_queues:103:5)
[nodalmerge] [sdk] direct upload failed; falling back to ws Error: upload-denied: use-ws
    at directUpload (file:///C:/Users/bgstr/source/repos/nodalmerge/clients/web/sdk.js:329:13)
    at process.processTicksAndRejections (node:internal/process/task_queues:103:5)
[nodalmerge] [sdk] direct upload failed; falling back to ws Error: upload-denied: use-ws
    at directUpload (file:///C:/Users/bgstr/source/repos/nodalmerge/clients/web/sdk.js:329:13)
    at process.processTicksAndRejections (node:internal/process/task_queues:103:5)
[nodalmerge] [sdk] direct upload failed; falling back to ws Error: upload-denied: use-ws
    at directUpload (file:///C:/Users/bgstr/source/repos/nodalmerge/clients/web/sdk.js:329:13)
    at process.processTicksAndRejections (node:internal/process/task_queues:103:5)
[nodalmerge] [sdk] direct upload failed; falling back to ws Error: upload-denied: use-ws
    at directUpload (file:///C:/Users/bgstr/source/repos/nodalmerge/clients/web/sdk.js:329:13)
    at process.processTicksAndRejections (node:internal/process/task_queues:103:5)
[nodalmerge] [sdk] direct upload failed; falling back to ws Error: upload-denied: use-ws
    at directUpload (file:///C:/Users/bgstr/source/repos/nodalmerge/clients/web/sdk.js:329:13)
    at process.processTicksAndRejections (node:internal/process/task_queues:103:5)
[nodalmerge] [sdk] direct upload failed; falling back to ws Error: upload-denied: use-ws
    at directUpload (file:///C:/Users/bgstr/source/repos/nodalmerge/clients/web/sdk.js:329:13)
    at process.processTicksAndRejections (node:internal/process/task_queues:103:5)
[nodalmerge] [sdk] direct upload failed; falling back to ws Error: upload-denied: use-ws
    at directUpload (file:///C:/Users/bgstr/source/repos/nodalmerge/clients/web/sdk.js:329:13)
    at process.processTicksAndRejections (node:internal/process/task_queues:103:5)
[nodalmerge] [sdk] direct upload failed; falling back to ws Error: upload-denied: use-ws
    at directUpload (file:///C:/Users/bgstr/source/repos/nodalmerge/clients/web/sdk.js:329:13)
    at process.processTicksAndRejections (node:internal/process/task_queues:103:5)
[nodalmerge] [sdk] direct upload failed; falling back to ws Error: upload-denied: use-ws
    at directUpload (file:///C:/Users/bgstr/source/repos/nodalmerge/clients/web/sdk.js:329:13)
    at process.processTicksAndRejections (node:internal/process/task_queues:103:5)
[nodalmerge] [sdk] direct upload failed; falling back to ws Error: upload-denied: use-ws
    at directUpload (file:///C:/Users/bgstr/source/repos/nodalmerge/clients/web/sdk.js:329:13)
    at process.processTicksAndRejections (node:internal/process/task_queues:103:5)
[nodalmerge] [sdk] direct upload failed; falling back to ws Error: upload-denied: use-ws
    at directUpload (file:///C:/Users/bgstr/source/repos/nodalmerge/clients/web/sdk.js:329:13)
    at process.processTicksAndRejections (node:internal/process/task_queues:103:5)
[nodalmerge] [sdk] direct upload failed; falling back to ws Error: upload-denied: use-ws
    at directUpload (file:///C:/Users/bgstr/source/repos/nodalmerge/clients/web/sdk.js:329:13)
    at process.processTicksAndRejections (node:internal/process/task_queues:103:5)
[nodalmerge] [sdk] direct upload failed; falling back to ws Error: upload-denied: use-ws
    at directUpload (file:///C:/Users/bgstr/source/repos/nodalmerge/clients/web/sdk.js:329:13)
    at process.processTicksAndRejections (node:internal/process/task_queues:103:5)
  peers=6 iter=4 warmup=46.782ms map=368.63ms list=458.55ms blob=399.095ms
[nodalmerge] [sdk] direct upload failed; falling back to ws Error: upload-denied: use-ws
    at directUpload (file:///C:/Users/bgstr/source/repos/nodalmerge/clients/web/sdk.js:329:13)
    at process.processTicksAndRejections (node:internal/process/task_queues:103:5)
[nodalmerge] [sdk] direct upload failed; falling back to ws Error: upload-denied: use-ws
    at directUpload (file:///C:/Users/bgstr/source/repos/nodalmerge/clients/web/sdk.js:329:13)
    at process.processTicksAndRejections (node:internal/process/task_queues:103:5)
[nodalmerge] [sdk] direct upload failed; falling back to ws Error: upload-denied: use-ws
    at directUpload (file:///C:/Users/bgstr/source/repos/nodalmerge/clients/web/sdk.js:329:13)
    at process.processTicksAndRejections (node:internal/process/task_queues:103:5)
[nodalmerge] [sdk] direct upload failed; falling back to ws Error: upload-denied: use-ws
    at directUpload (file:///C:/Users/bgstr/source/repos/nodalmerge/clients/web/sdk.js:329:13)
    at process.processTicksAndRejections (node:internal/process/task_queues:103:5)
[nodalmerge] [sdk] direct upload failed; falling back to ws Error: upload-denied: use-ws
    at directUpload (file:///C:/Users/bgstr/source/repos/nodalmerge/clients/web/sdk.js:329:13)
    at process.processTicksAndRejections (node:internal/process/task_queues:103:5)
[nodalmerge] [sdk] direct upload failed; falling back to ws Error: upload-denied: use-ws
    at directUpload (file:///C:/Users/bgstr/source/repos/nodalmerge/clients/web/sdk.js:329:13)
    at process.processTicksAndRejections (node:internal/process/task_queues:103:5)
[nodalmerge] [sdk] direct upload failed; falling back to ws Error: upload-denied: use-ws
    at directUpload (file:///C:/Users/bgstr/source/repos/nodalmerge/clients/web/sdk.js:329:13)
    at process.processTicksAndRejections (node:internal/process/task_queues:103:5)
[nodalmerge] [sdk] direct upload failed; falling back to ws Error: upload-denied: use-ws
    at directUpload (file:///C:/Users/bgstr/source/repos/nodalmerge/clients/web/sdk.js:329:13)
    at process.processTicksAndRejections (node:internal/process/task_queues:103:5)
[nodalmerge] [sdk] direct upload failed; falling back to ws Error: upload-denied: use-ws
    at directUpload (file:///C:/Users/bgstr/source/repos/nodalmerge/clients/web/sdk.js:329:13)
    at process.processTicksAndRejections (node:internal/process/task_queues:103:5)
[nodalmerge] [sdk] direct upload failed; falling back to ws Error: upload-denied: use-ws
    at directUpload (file:///C:/Users/bgstr/source/repos/nodalmerge/clients/web/sdk.js:329:13)
    at process.processTicksAndRejections (node:internal/process/task_queues:103:5)
[nodalmerge] [sdk] direct upload failed; falling back to ws Error: upload-denied: use-ws
    at directUpload (file:///C:/Users/bgstr/source/repos/nodalmerge/clients/web/sdk.js:329:13)
    at process.processTicksAndRejections (node:internal/process/task_queues:103:5)
[nodalmerge] [sdk] direct upload failed; falling back to ws Error: upload-denied: use-ws
    at directUpload (file:///C:/Users/bgstr/source/repos/nodalmerge/clients/web/sdk.js:329:13)
    at process.processTicksAndRejections (node:internal/process/task_queues:103:5)
[nodalmerge] [sdk] direct upload failed; falling back to ws Error: upload-denied: use-ws
    at directUpload (file:///C:/Users/bgstr/source/repos/nodalmerge/clients/web/sdk.js:329:13)
    at process.processTicksAndRejections (node:internal/process/task_queues:103:5)
[nodalmerge] [sdk] direct upload failed; falling back to ws Error: upload-denied: use-ws
    at directUpload (file:///C:/Users/bgstr/source/repos/nodalmerge/clients/web/sdk.js:329:13)
    at process.processTicksAndRejections (node:internal/process/task_queues:103:5)
[nodalmerge] [sdk] direct upload failed; falling back to ws Error: upload-denied: use-ws
    at directUpload (file:///C:/Users/bgstr/source/repos/nodalmerge/clients/web/sdk.js:329:13)
    at process.processTicksAndRejections (node:internal/process/task_queues:103:5)
[nodalmerge] [sdk] direct upload failed; falling back to ws Error: upload-denied: use-ws
    at directUpload (file:///C:/Users/bgstr/source/repos/nodalmerge/clients/web/sdk.js:329:13)
    at process.processTicksAndRejections (node:internal/process/task_queues:103:5)
[nodalmerge] [sdk] direct upload failed; falling back to ws Error: upload-denied: use-ws
    at directUpload (file:///C:/Users/bgstr/source/repos/nodalmerge/clients/web/sdk.js:329:13)
    at process.processTicksAndRejections (node:internal/process/task_queues:103:5)
[nodalmerge] [sdk] direct upload failed; falling back to ws Error: upload-denied: use-ws
    at directUpload (file:///C:/Users/bgstr/source/repos/nodalmerge/clients/web/sdk.js:329:13)
    at process.processTicksAndRejections (node:internal/process/task_queues:103:5)
[nodalmerge] [sdk] direct upload failed; falling back to ws Error: upload-denied: use-ws
    at directUpload (file:///C:/Users/bgstr/source/repos/nodalmerge/clients/web/sdk.js:329:13)
    at process.processTicksAndRejections (node:internal/process/task_queues:103:5)
[nodalmerge] [sdk] direct upload failed; falling back to ws Error: upload-denied: use-ws
    at directUpload (file:///C:/Users/bgstr/source/repos/nodalmerge/clients/web/sdk.js:329:13)
    at process.processTicksAndRejections (node:internal/process/task_queues:103:5)
[nodalmerge] [sdk] direct upload failed; falling back to ws Error: upload-denied: use-ws
    at directUpload (file:///C:/Users/bgstr/source/repos/nodalmerge/clients/web/sdk.js:329:13)
    at process.processTicksAndRejections (node:internal/process/task_queues:103:5)
[nodalmerge] [sdk] direct upload failed; falling back to ws Error: upload-denied: use-ws
    at directUpload (file:///C:/Users/bgstr/source/repos/nodalmerge/clients/web/sdk.js:329:13)
    at process.processTicksAndRejections (node:internal/process/task_queues:103:5)
[nodalmerge] [sdk] direct upload failed; falling back to ws Error: upload-denied: use-ws
    at directUpload (file:///C:/Users/bgstr/source/repos/nodalmerge/clients/web/sdk.js:329:13)
    at process.processTicksAndRejections (node:internal/process/task_queues:103:5)
[nodalmerge] [sdk] direct upload failed; falling back to ws Error: upload-denied: use-ws
    at directUpload (file:///C:/Users/bgstr/source/repos/nodalmerge/clients/web/sdk.js:329:13)
    at process.processTicksAndRejections (node:internal/process/task_queues:103:5)
[nodalmerge] [sdk] direct upload failed; falling back to ws Error: upload-denied: use-ws
    at directUpload (file:///C:/Users/bgstr/source/repos/nodalmerge/clients/web/sdk.js:329:13)
    at process.processTicksAndRejections (node:internal/process/task_queues:103:5)
[nodalmerge] [sdk] direct upload failed; falling back to ws Error: upload-denied: use-ws
    at directUpload (file:///C:/Users/bgstr/source/repos/nodalmerge/clients/web/sdk.js:329:13)
    at process.processTicksAndRejections (node:internal/process/task_queues:103:5)
[nodalmerge] [sdk] direct upload failed; falling back to ws Error: upload-denied: use-ws
    at directUpload (file:///C:/Users/bgstr/source/repos/nodalmerge/clients/web/sdk.js:329:13)
    at process.processTicksAndRejections (node:internal/process/task_queues:103:5)
[nodalmerge] [sdk] direct upload failed; falling back to ws Error: upload-denied: use-ws
    at directUpload (file:///C:/Users/bgstr/source/repos/nodalmerge/clients/web/sdk.js:329:13)
    at process.processTicksAndRejections (node:internal/process/task_queues:103:5)
[nodalmerge] [sdk] direct upload failed; falling back to ws Error: upload-denied: use-ws
    at directUpload (file:///C:/Users/bgstr/source/repos/nodalmerge/clients/web/sdk.js:329:13)
    at process.processTicksAndRejections (node:internal/process/task_queues:103:5)
[nodalmerge] [sdk] direct upload failed; falling back to ws Error: upload-denied: use-ws
    at directUpload (file:///C:/Users/bgstr/source/repos/nodalmerge/clients/web/sdk.js:329:13)
    at process.processTicksAndRejections (node:internal/process/task_queues:103:5)
  peers=6 iter=5 warmup=46.966ms map=339.51ms list=428.477ms blob=368.082ms
[nodalmerge] [sdk] direct upload failed; falling back to ws Error: upload-denied: use-ws
    at directUpload (file:///C:/Users/bgstr/source/repos/nodalmerge/clients/web/sdk.js:329:13)
    at process.processTicksAndRejections (node:internal/process/task_queues:103:5)
[nodalmerge] [sdk] direct upload failed; falling back to ws Error: upload-denied: use-ws
    at directUpload (file:///C:/Users/bgstr/source/repos/nodalmerge/clients/web/sdk.js:329:13)
    at process.processTicksAndRejections (node:internal/process/task_queues:103:5)
[nodalmerge] [sdk] direct upload failed; falling back to ws Error: upload-denied: use-ws
    at directUpload (file:///C:/Users/bgstr/source/repos/nodalmerge/clients/web/sdk.js:329:13)
    at process.processTicksAndRejections (node:internal/process/task_queues:103:5)
[nodalmerge] [sdk] direct upload failed; falling back to ws Error: upload-denied: use-ws
    at directUpload (file:///C:/Users/bgstr/source/repos/nodalmerge/clients/web/sdk.js:329:13)
    at process.processTicksAndRejections (node:internal/process/task_queues:103:5)
[nodalmerge] [sdk] direct upload failed; falling back to ws Error: upload-denied: use-ws
    at directUpload (file:///C:/Users/bgstr/source/repos/nodalmerge/clients/web/sdk.js:329:13)
    at process.processTicksAndRejections (node:internal/process/task_queues:103:5)
[nodalmerge] [sdk] direct upload failed; falling back to ws Error: upload-denied: use-ws
    at directUpload (file:///C:/Users/bgstr/source/repos/nodalmerge/clients/web/sdk.js:329:13)
    at process.processTicksAndRejections (node:internal/process/task_queues:103:5)
[nodalmerge] [sdk] direct upload failed; falling back to ws Error: upload-denied: use-ws
    at directUpload (file:///C:/Users/bgstr/source/repos/nodalmerge/clients/web/sdk.js:329:13)
    at process.processTicksAndRejections (node:internal/process/task_queues:103:5)
[nodalmerge] [sdk] direct upload failed; falling back to ws Error: upload-denied: use-ws
    at directUpload (file:///C:/Users/bgstr/source/repos/nodalmerge/clients/web/sdk.js:329:13)
    at process.processTicksAndRejections (node:internal/process/task_queues:103:5)
[nodalmerge] [sdk] direct upload failed; falling back to ws Error: upload-denied: use-ws
    at directUpload (file:///C:/Users/bgstr/source/repos/nodalmerge/clients/web/sdk.js:329:13)
    at process.processTicksAndRejections (node:internal/process/task_queues:103:5)
[nodalmerge] [sdk] direct upload failed; falling back to ws Error: upload-denied: use-ws
    at directUpload (file:///C:/Users/bgstr/source/repos/nodalmerge/clients/web/sdk.js:329:13)
    at process.processTicksAndRejections (node:internal/process/task_queues:103:5)
[nodalmerge] [sdk] direct upload failed; falling back to ws Error: upload-denied: use-ws
    at directUpload (file:///C:/Users/bgstr/source/repos/nodalmerge/clients/web/sdk.js:329:13)
    at process.processTicksAndRejections (node:internal/process/task_queues:103:5)
[nodalmerge] [sdk] direct upload failed; falling back to ws Error: upload-denied: use-ws
    at directUpload (file:///C:/Users/bgstr/source/repos/nodalmerge/clients/web/sdk.js:329:13)
    at process.processTicksAndRejections (node:internal/process/task_queues:103:5)
[nodalmerge] [sdk] direct upload failed; falling back to ws Error: upload-denied: use-ws
    at directUpload (file:///C:/Users/bgstr/source/repos/nodalmerge/clients/web/sdk.js:329:13)
    at process.processTicksAndRejections (node:internal/process/task_queues:103:5)
[nodalmerge] [sdk] direct upload failed; falling back to ws Error: upload-denied: use-ws
    at directUpload (file:///C:/Users/bgstr/source/repos/nodalmerge/clients/web/sdk.js:329:13)
    at process.processTicksAndRejections (node:internal/process/task_queues:103:5)
[nodalmerge] [sdk] direct upload failed; falling back to ws Error: upload-denied: use-ws
    at directUpload (file:///C:/Users/bgstr/source/repos/nodalmerge/clients/web/sdk.js:329:13)
    at process.processTicksAndRejections (node:internal/process/task_queues:103:5)
[nodalmerge] [sdk] direct upload failed; falling back to ws Error: upload-denied: use-ws
    at directUpload (file:///C:/Users/bgstr/source/repos/nodalmerge/clients/web/sdk.js:329:13)
    at process.processTicksAndRejections (node:internal/process/task_queues:103:5)
[nodalmerge] [sdk] direct upload failed; falling back to ws Error: upload-denied: use-ws
    at directUpload (file:///C:/Users/bgstr/source/repos/nodalmerge/clients/web/sdk.js:329:13)
    at process.processTicksAndRejections (node:internal/process/task_queues:103:5)
[nodalmerge] [sdk] direct upload failed; falling back to ws Error: upload-denied: use-ws
    at directUpload (file:///C:/Users/bgstr/source/repos/nodalmerge/clients/web/sdk.js:329:13)
    at process.processTicksAndRejections (node:internal/process/task_queues:103:5)
[nodalmerge] [sdk] direct upload failed; falling back to ws Error: upload-denied: use-ws
    at directUpload (file:///C:/Users/bgstr/source/repos/nodalmerge/clients/web/sdk.js:329:13)
    at process.processTicksAndRejections (node:internal/process/task_queues:103:5)
[nodalmerge] [sdk] direct upload failed; falling back to ws Error: upload-denied: use-ws
    at directUpload (file:///C:/Users/bgstr/source/repos/nodalmerge/clients/web/sdk.js:329:13)
    at process.processTicksAndRejections (node:internal/process/task_queues:103:5)
[nodalmerge] [sdk] direct upload failed; falling back to ws Error: upload-denied: use-ws
    at directUpload (file:///C:/Users/bgstr/source/repos/nodalmerge/clients/web/sdk.js:329:13)
    at process.processTicksAndRejections (node:internal/process/task_queues:103:5)
[nodalmerge] [sdk] direct upload failed; falling back to ws Error: upload-denied: use-ws
    at directUpload (file:///C:/Users/bgstr/source/repos/nodalmerge/clients/web/sdk.js:329:13)
    at process.processTicksAndRejections (node:internal/process/task_queues:103:5)
[nodalmerge] [sdk] direct upload failed; falling back to ws Error: upload-denied: use-ws
    at directUpload (file:///C:/Users/bgstr/source/repos/nodalmerge/clients/web/sdk.js:329:13)
    at process.processTicksAndRejections (node:internal/process/task_queues:103:5)
[nodalmerge] [sdk] direct upload failed; falling back to ws Error: upload-denied: use-ws
    at directUpload (file:///C:/Users/bgstr/source/repos/nodalmerge/clients/web/sdk.js:329:13)
    at process.processTicksAndRejections (node:internal/process/task_queues:103:5)
[nodalmerge] [sdk] direct upload failed; falling back to ws Error: upload-denied: use-ws
    at directUpload (file:///C:/Users/bgstr/source/repos/nodalmerge/clients/web/sdk.js:329:13)
    at process.processTicksAndRejections (node:internal/process/task_queues:103:5)
[nodalmerge] [sdk] direct upload failed; falling back to ws Error: upload-denied: use-ws
    at directUpload (file:///C:/Users/bgstr/source/repos/nodalmerge/clients/web/sdk.js:329:13)
    at process.processTicksAndRejections (node:internal/process/task_queues:103:5)
[nodalmerge] [sdk] direct upload failed; falling back to ws Error: upload-denied: use-ws
    at directUpload (file:///C:/Users/bgstr/source/repos/nodalmerge/clients/web/sdk.js:329:13)
    at process.processTicksAndRejections (node:internal/process/task_queues:103:5)
[nodalmerge] [sdk] direct upload failed; falling back to ws Error: upload-denied: use-ws
    at directUpload (file:///C:/Users/bgstr/source/repos/nodalmerge/clients/web/sdk.js:329:13)
    at process.processTicksAndRejections (node:internal/process/task_queues:103:5)
[nodalmerge] [sdk] direct upload failed; falling back to ws Error: upload-denied: use-ws
    at directUpload (file:///C:/Users/bgstr/source/repos/nodalmerge/clients/web/sdk.js:329:13)
    at process.processTicksAndRejections (node:internal/process/task_queues:103:5)
[nodalmerge] [sdk] direct upload failed; falling back to ws Error: upload-denied: use-ws
    at directUpload (file:///C:/Users/bgstr/source/repos/nodalmerge/clients/web/sdk.js:329:13)
    at process.processTicksAndRejections (node:internal/process/task_queues:103:5)
  peers=6 iter=6 warmup=46.507ms map=369.448ms list=444.094ms blob=416.11ms
[nodalmerge] [sdk] direct upload failed; falling back to ws Error: upload-denied: use-ws
    at directUpload (file:///C:/Users/bgstr/source/repos/nodalmerge/clients/web/sdk.js:329:13)
    at process.processTicksAndRejections (node:internal/process/task_queues:103:5)
[nodalmerge] [sdk] direct upload failed; falling back to ws Error: upload-denied: use-ws
    at directUpload (file:///C:/Users/bgstr/source/repos/nodalmerge/clients/web/sdk.js:329:13)
    at process.processTicksAndRejections (node:internal/process/task_queues:103:5)
[nodalmerge] [sdk] direct upload failed; falling back to ws Error: upload-denied: use-ws
    at directUpload (file:///C:/Users/bgstr/source/repos/nodalmerge/clients/web/sdk.js:329:13)
    at process.processTicksAndRejections (node:internal/process/task_queues:103:5)
[nodalmerge] [sdk] direct upload failed; falling back to ws Error: upload-denied: use-ws
    at directUpload (file:///C:/Users/bgstr/source/repos/nodalmerge/clients/web/sdk.js:329:13)
    at process.processTicksAndRejections (node:internal/process/task_queues:103:5)
[nodalmerge] [sdk] direct upload failed; falling back to ws Error: upload-denied: use-ws
    at directUpload (file:///C:/Users/bgstr/source/repos/nodalmerge/clients/web/sdk.js:329:13)
    at process.processTicksAndRejections (node:internal/process/task_queues:103:5)
[nodalmerge] [sdk] direct upload failed; falling back to ws Error: upload-denied: use-ws
    at directUpload (file:///C:/Users/bgstr/source/repos/nodalmerge/clients/web/sdk.js:329:13)
    at process.processTicksAndRejections (node:internal/process/task_queues:103:5)
[nodalmerge] [sdk] direct upload failed; falling back to ws Error: upload-denied: use-ws
    at directUpload (file:///C:/Users/bgstr/source/repos/nodalmerge/clients/web/sdk.js:329:13)
    at process.processTicksAndRejections (node:internal/process/task_queues:103:5)
[nodalmerge] [sdk] direct upload failed; falling back to ws Error: upload-denied: use-ws
    at directUpload (file:///C:/Users/bgstr/source/repos/nodalmerge/clients/web/sdk.js:329:13)
    at process.processTicksAndRejections (node:internal/process/task_queues:103:5)
[nodalmerge] [sdk] direct upload failed; falling back to ws Error: upload-denied: use-ws
    at directUpload (file:///C:/Users/bgstr/source/repos/nodalmerge/clients/web/sdk.js:329:13)
    at process.processTicksAndRejections (node:internal/process/task_queues:103:5)
[nodalmerge] [sdk] direct upload failed; falling back to ws Error: upload-denied: use-ws
    at directUpload (file:///C:/Users/bgstr/source/repos/nodalmerge/clients/web/sdk.js:329:13)
    at process.processTicksAndRejections (node:internal/process/task_queues:103:5)
[nodalmerge] [sdk] direct upload failed; falling back to ws Error: upload-denied: use-ws
    at directUpload (file:///C:/Users/bgstr/source/repos/nodalmerge/clients/web/sdk.js:329:13)
    at process.processTicksAndRejections (node:internal/process/task_queues:103:5)
[nodalmerge] [sdk] direct upload failed; falling back to ws Error: upload-denied: use-ws
    at directUpload (file:///C:/Users/bgstr/source/repos/nodalmerge/clients/web/sdk.js:329:13)
    at process.processTicksAndRejections (node:internal/process/task_queues:103:5)
[nodalmerge] [sdk] direct upload failed; falling back to ws Error: upload-denied: use-ws
    at directUpload (file:///C:/Users/bgstr/source/repos/nodalmerge/clients/web/sdk.js:329:13)
    at process.processTicksAndRejections (node:internal/process/task_queues:103:5)
[nodalmerge] [sdk] direct upload failed; falling back to ws Error: upload-denied: use-ws
    at directUpload (file:///C:/Users/bgstr/source/repos/nodalmerge/clients/web/sdk.js:329:13)
    at process.processTicksAndRejections (node:internal/process/task_queues:103:5)
[nodalmerge] [sdk] direct upload failed; falling back to ws Error: upload-denied: use-ws
    at directUpload (file:///C:/Users/bgstr/source/repos/nodalmerge/clients/web/sdk.js:329:13)
    at process.processTicksAndRejections (node:internal/process/task_queues:103:5)
[nodalmerge] [sdk] direct upload failed; falling back to ws Error: upload-denied: use-ws
    at directUpload (file:///C:/Users/bgstr/source/repos/nodalmerge/clients/web/sdk.js:329:13)
    at process.processTicksAndRejections (node:internal/process/task_queues:103:5)
[nodalmerge] [sdk] direct upload failed; falling back to ws Error: upload-denied: use-ws
    at directUpload (file:///C:/Users/bgstr/source/repos/nodalmerge/clients/web/sdk.js:329:13)
    at process.processTicksAndRejections (node:internal/process/task_queues:103:5)
[nodalmerge] [sdk] direct upload failed; falling back to ws Error: upload-denied: use-ws
    at directUpload (file:///C:/Users/bgstr/source/repos/nodalmerge/clients/web/sdk.js:329:13)
    at process.processTicksAndRejections (node:internal/process/task_queues:103:5)
[nodalmerge] [sdk] direct upload failed; falling back to ws Error: upload-denied: use-ws
    at directUpload (file:///C:/Users/bgstr/source/repos/nodalmerge/clients/web/sdk.js:329:13)
    at process.processTicksAndRejections (node:internal/process/task_queues:103:5)
[nodalmerge] [sdk] direct upload failed; falling back to ws Error: upload-denied: use-ws
    at directUpload (file:///C:/Users/bgstr/source/repos/nodalmerge/clients/web/sdk.js:329:13)
    at process.processTicksAndRejections (node:internal/process/task_queues:103:5)
[nodalmerge] [sdk] direct upload failed; falling back to ws Error: upload-denied: use-ws
    at directUpload (file:///C:/Users/bgstr/source/repos/nodalmerge/clients/web/sdk.js:329:13)
    at process.processTicksAndRejections (node:internal/process/task_queues:103:5)
[nodalmerge] [sdk] direct upload failed; falling back to ws Error: upload-denied: use-ws
    at directUpload (file:///C:/Users/bgstr/source/repos/nodalmerge/clients/web/sdk.js:329:13)
    at process.processTicksAndRejections (node:internal/process/task_queues:103:5)
[nodalmerge] [sdk] direct upload failed; falling back to ws Error: upload-denied: use-ws
    at directUpload (file:///C:/Users/bgstr/source/repos/nodalmerge/clients/web/sdk.js:329:13)
    at process.processTicksAndRejections (node:internal/process/task_queues:103:5)
[nodalmerge] [sdk] direct upload failed; falling back to ws Error: upload-denied: use-ws
    at directUpload (file:///C:/Users/bgstr/source/repos/nodalmerge/clients/web/sdk.js:329:13)
    at process.processTicksAndRejections (node:internal/process/task_queues:103:5)
[nodalmerge] [sdk] direct upload failed; falling back to ws Error: upload-denied: use-ws
    at directUpload (file:///C:/Users/bgstr/source/repos/nodalmerge/clients/web/sdk.js:329:13)
    at process.processTicksAndRejections (node:internal/process/task_queues:103:5)
[nodalmerge] [sdk] direct upload failed; falling back to ws Error: upload-denied: use-ws
    at directUpload (file:///C:/Users/bgstr/source/repos/nodalmerge/clients/web/sdk.js:329:13)
    at process.processTicksAndRejections (node:internal/process/task_queues:103:5)
[nodalmerge] [sdk] direct upload failed; falling back to ws Error: upload-denied: use-ws
    at directUpload (file:///C:/Users/bgstr/source/repos/nodalmerge/clients/web/sdk.js:329:13)
    at process.processTicksAndRejections (node:internal/process/task_queues:103:5)
[nodalmerge] [sdk] direct upload failed; falling back to ws Error: upload-denied: use-ws
    at directUpload (file:///C:/Users/bgstr/source/repos/nodalmerge/clients/web/sdk.js:329:13)
    at process.processTicksAndRejections (node:internal/process/task_queues:103:5)
[nodalmerge] [sdk] direct upload failed; falling back to ws Error: upload-denied: use-ws
    at directUpload (file:///C:/Users/bgstr/source/repos/nodalmerge/clients/web/sdk.js:329:13)
    at process.processTicksAndRejections (node:internal/process/task_queues:103:5)
[nodalmerge] [sdk] direct upload failed; falling back to ws Error: upload-denied: use-ws
    at directUpload (file:///C:/Users/bgstr/source/repos/nodalmerge/clients/web/sdk.js:329:13)
    at process.processTicksAndRejections (node:internal/process/task_queues:103:5)
  peers=6 iter=7 warmup=45.51ms map=337.198ms list=457.283ms blob=381.933ms
[nodalmerge] [sdk] direct upload failed; falling back to ws Error: upload-denied: use-ws
    at directUpload (file:///C:/Users/bgstr/source/repos/nodalmerge/clients/web/sdk.js:329:13)
    at process.processTicksAndRejections (node:internal/process/task_queues:103:5)
[nodalmerge] [sdk] direct upload failed; falling back to ws Error: upload-denied: use-ws
    at directUpload (file:///C:/Users/bgstr/source/repos/nodalmerge/clients/web/sdk.js:329:13)
    at process.processTicksAndRejections (node:internal/process/task_queues:103:5)
[nodalmerge] [sdk] direct upload failed; falling back to ws Error: upload-denied: use-ws
    at directUpload (file:///C:/Users/bgstr/source/repos/nodalmerge/clients/web/sdk.js:329:13)
    at process.processTicksAndRejections (node:internal/process/task_queues:103:5)
[nodalmerge] [sdk] direct upload failed; falling back to ws Error: upload-denied: use-ws
    at directUpload (file:///C:/Users/bgstr/source/repos/nodalmerge/clients/web/sdk.js:329:13)
    at process.processTicksAndRejections (node:internal/process/task_queues:103:5)
[nodalmerge] [sdk] direct upload failed; falling back to ws Error: upload-denied: use-ws
    at directUpload (file:///C:/Users/bgstr/source/repos/nodalmerge/clients/web/sdk.js:329:13)
    at process.processTicksAndRejections (node:internal/process/task_queues:103:5)
[nodalmerge] [sdk] direct upload failed; falling back to ws Error: upload-denied: use-ws
    at directUpload (file:///C:/Users/bgstr/source/repos/nodalmerge/clients/web/sdk.js:329:13)
    at process.processTicksAndRejections (node:internal/process/task_queues:103:5)
[nodalmerge] [sdk] direct upload failed; falling back to ws Error: upload-denied: use-ws
    at directUpload (file:///C:/Users/bgstr/source/repos/nodalmerge/clients/web/sdk.js:329:13)
    at process.processTicksAndRejections (node:internal/process/task_queues:103:5)
[nodalmerge] [sdk] direct upload failed; falling back to ws Error: upload-denied: use-ws
    at directUpload (file:///C:/Users/bgstr/source/repos/nodalmerge/clients/web/sdk.js:329:13)
    at process.processTicksAndRejections (node:internal/process/task_queues:103:5)
[nodalmerge] [sdk] direct upload failed; falling back to ws Error: upload-denied: use-ws
    at directUpload (file:///C:/Users/bgstr/source/repos/nodalmerge/clients/web/sdk.js:329:13)
    at process.processTicksAndRejections (node:internal/process/task_queues:103:5)
[nodalmerge] [sdk] direct upload failed; falling back to ws Error: upload-denied: use-ws
    at directUpload (file:///C:/Users/bgstr/source/repos/nodalmerge/clients/web/sdk.js:329:13)
    at process.processTicksAndRejections (node:internal/process/task_queues:103:5)
[nodalmerge] [sdk] direct upload failed; falling back to ws Error: upload-denied: use-ws
    at directUpload (file:///C:/Users/bgstr/source/repos/nodalmerge/clients/web/sdk.js:329:13)
    at process.processTicksAndRejections (node:internal/process/task_queues:103:5)
[nodalmerge] [sdk] direct upload failed; falling back to ws Error: upload-denied: use-ws
    at directUpload (file:///C:/Users/bgstr/source/repos/nodalmerge/clients/web/sdk.js:329:13)
    at process.processTicksAndRejections (node:internal/process/task_queues:103:5)
[nodalmerge] [sdk] direct upload failed; falling back to ws Error: upload-denied: use-ws
    at directUpload (file:///C:/Users/bgstr/source/repos/nodalmerge/clients/web/sdk.js:329:13)
    at process.processTicksAndRejections (node:internal/process/task_queues:103:5)
[nodalmerge] [sdk] direct upload failed; falling back to ws Error: upload-denied: use-ws
    at directUpload (file:///C:/Users/bgstr/source/repos/nodalmerge/clients/web/sdk.js:329:13)
    at process.processTicksAndRejections (node:internal/process/task_queues:103:5)
[nodalmerge] [sdk] direct upload failed; falling back to ws Error: upload-denied: use-ws
    at directUpload (file:///C:/Users/bgstr/source/repos/nodalmerge/clients/web/sdk.js:329:13)
    at process.processTicksAndRejections (node:internal/process/task_queues:103:5)
[nodalmerge] [sdk] direct upload failed; falling back to ws Error: upload-denied: use-ws
    at directUpload (file:///C:/Users/bgstr/source/repos/nodalmerge/clients/web/sdk.js:329:13)
    at process.processTicksAndRejections (node:internal/process/task_queues:103:5)
[nodalmerge] [sdk] direct upload failed; falling back to ws Error: upload-denied: use-ws
    at directUpload (file:///C:/Users/bgstr/source/repos/nodalmerge/clients/web/sdk.js:329:13)
    at process.processTicksAndRejections (node:internal/process/task_queues:103:5)
[nodalmerge] [sdk] direct upload failed; falling back to ws Error: upload-denied: use-ws
    at directUpload (file:///C:/Users/bgstr/source/repos/nodalmerge/clients/web/sdk.js:329:13)
    at process.processTicksAndRejections (node:internal/process/task_queues:103:5)
[nodalmerge] [sdk] direct upload failed; falling back to ws Error: upload-denied: use-ws
    at directUpload (file:///C:/Users/bgstr/source/repos/nodalmerge/clients/web/sdk.js:329:13)
    at process.processTicksAndRejections (node:internal/process/task_queues:103:5)
[nodalmerge] [sdk] direct upload failed; falling back to ws Error: upload-denied: use-ws
    at directUpload (file:///C:/Users/bgstr/source/repos/nodalmerge/clients/web/sdk.js:329:13)
    at process.processTicksAndRejections (node:internal/process/task_queues:103:5)
[nodalmerge] [sdk] direct upload failed; falling back to ws Error: upload-denied: use-ws
    at directUpload (file:///C:/Users/bgstr/source/repos/nodalmerge/clients/web/sdk.js:329:13)
    at process.processTicksAndRejections (node:internal/process/task_queues:103:5)
[nodalmerge] [sdk] direct upload failed; falling back to ws Error: upload-denied: use-ws
    at directUpload (file:///C:/Users/bgstr/source/repos/nodalmerge/clients/web/sdk.js:329:13)
    at process.processTicksAndRejections (node:internal/process/task_queues:103:5)
[nodalmerge] [sdk] direct upload failed; falling back to ws Error: upload-denied: use-ws
    at directUpload (file:///C:/Users/bgstr/source/repos/nodalmerge/clients/web/sdk.js:329:13)
    at process.processTicksAndRejections (node:internal/process/task_queues:103:5)
[nodalmerge] [sdk] direct upload failed; falling back to ws Error: upload-denied: use-ws
    at directUpload (file:///C:/Users/bgstr/source/repos/nodalmerge/clients/web/sdk.js:329:13)
    at process.processTicksAndRejections (node:internal/process/task_queues:103:5)
[nodalmerge] [sdk] direct upload failed; falling back to ws Error: upload-denied: use-ws
    at directUpload (file:///C:/Users/bgstr/source/repos/nodalmerge/clients/web/sdk.js:329:13)
    at process.processTicksAndRejections (node:internal/process/task_queues:103:5)
[nodalmerge] [sdk] direct upload failed; falling back to ws Error: upload-denied: use-ws
    at directUpload (file:///C:/Users/bgstr/source/repos/nodalmerge/clients/web/sdk.js:329:13)
    at process.processTicksAndRejections (node:internal/process/task_queues:103:5)
[nodalmerge] [sdk] direct upload failed; falling back to ws Error: upload-denied: use-ws
    at directUpload (file:///C:/Users/bgstr/source/repos/nodalmerge/clients/web/sdk.js:329:13)
    at process.processTicksAndRejections (node:internal/process/task_queues:103:5)
[nodalmerge] [sdk] direct upload failed; falling back to ws Error: upload-denied: use-ws
    at directUpload (file:///C:/Users/bgstr/source/repos/nodalmerge/clients/web/sdk.js:329:13)
    at process.processTicksAndRejections (node:internal/process/task_queues:103:5)
[nodalmerge] [sdk] direct upload failed; falling back to ws Error: upload-denied: use-ws
    at directUpload (file:///C:/Users/bgstr/source/repos/nodalmerge/clients/web/sdk.js:329:13)
    at process.processTicksAndRejections (node:internal/process/task_queues:103:5)
[nodalmerge] [sdk] direct upload failed; falling back to ws Error: upload-denied: use-ws
    at directUpload (file:///C:/Users/bgstr/source/repos/nodalmerge/clients/web/sdk.js:329:13)
    at process.processTicksAndRejections (node:internal/process/task_queues:103:5)
  peers=6 iter=8 warmup=46.653ms map=370.613ms list=425.407ms blob=401.645ms
[nodalmerge] [sdk] direct upload failed; falling back to ws Error: upload-denied: use-ws
    at directUpload (file:///C:/Users/bgstr/source/repos/nodalmerge/clients/web/sdk.js:329:13)
    at process.processTicksAndRejections (node:internal/process/task_queues:103:5)
[nodalmerge] [sdk] direct upload failed; falling back to ws Error: upload-denied: use-ws
    at directUpload (file:///C:/Users/bgstr/source/repos/nodalmerge/clients/web/sdk.js:329:13)
    at process.processTicksAndRejections (node:internal/process/task_queues:103:5)
[nodalmerge] [sdk] direct upload failed; falling back to ws Error: upload-denied: use-ws
    at directUpload (file:///C:/Users/bgstr/source/repos/nodalmerge/clients/web/sdk.js:329:13)
    at process.processTicksAndRejections (node:internal/process/task_queues:103:5)
[nodalmerge] [sdk] direct upload failed; falling back to ws Error: upload-denied: use-ws
    at directUpload (file:///C:/Users/bgstr/source/repos/nodalmerge/clients/web/sdk.js:329:13)
    at process.processTicksAndRejections (node:internal/process/task_queues:103:5)
[nodalmerge] [sdk] direct upload failed; falling back to ws Error: upload-denied: use-ws
    at directUpload (file:///C:/Users/bgstr/source/repos/nodalmerge/clients/web/sdk.js:329:13)
    at process.processTicksAndRejections (node:internal/process/task_queues:103:5)
[nodalmerge] [sdk] direct upload failed; falling back to ws Error: upload-denied: use-ws
    at directUpload (file:///C:/Users/bgstr/source/repos/nodalmerge/clients/web/sdk.js:329:13)
    at process.processTicksAndRejections (node:internal/process/task_queues:103:5)
[nodalmerge] [sdk] direct upload failed; falling back to ws Error: upload-denied: use-ws
    at directUpload (file:///C:/Users/bgstr/source/repos/nodalmerge/clients/web/sdk.js:329:13)
    at process.processTicksAndRejections (node:internal/process/task_queues:103:5)
[nodalmerge] [sdk] direct upload failed; falling back to ws Error: upload-denied: use-ws
    at directUpload (file:///C:/Users/bgstr/source/repos/nodalmerge/clients/web/sdk.js:329:13)
    at process.processTicksAndRejections (node:internal/process/task_queues:103:5)
[nodalmerge] [sdk] direct upload failed; falling back to ws Error: upload-denied: use-ws
    at directUpload (file:///C:/Users/bgstr/source/repos/nodalmerge/clients/web/sdk.js:329:13)
    at process.processTicksAndRejections (node:internal/process/task_queues:103:5)
[nodalmerge] [sdk] direct upload failed; falling back to ws Error: upload-denied: use-ws
    at directUpload (file:///C:/Users/bgstr/source/repos/nodalmerge/clients/web/sdk.js:329:13)
    at process.processTicksAndRejections (node:internal/process/task_queues:103:5)
[nodalmerge] [sdk] direct upload failed; falling back to ws Error: upload-denied: use-ws
    at directUpload (file:///C:/Users/bgstr/source/repos/nodalmerge/clients/web/sdk.js:329:13)
    at process.processTicksAndRejections (node:internal/process/task_queues:103:5)
[nodalmerge] [sdk] direct upload failed; falling back to ws Error: upload-denied: use-ws
    at directUpload (file:///C:/Users/bgstr/source/repos/nodalmerge/clients/web/sdk.js:329:13)
    at process.processTicksAndRejections (node:internal/process/task_queues:103:5)
[nodalmerge] [sdk] direct upload failed; falling back to ws Error: upload-denied: use-ws
    at directUpload (file:///C:/Users/bgstr/source/repos/nodalmerge/clients/web/sdk.js:329:13)
    at process.processTicksAndRejections (node:internal/process/task_queues:103:5)
[nodalmerge] [sdk] direct upload failed; falling back to ws Error: upload-denied: use-ws
    at directUpload (file:///C:/Users/bgstr/source/repos/nodalmerge/clients/web/sdk.js:329:13)
    at process.processTicksAndRejections (node:internal/process/task_queues:103:5)
[nodalmerge] [sdk] direct upload failed; falling back to ws Error: upload-denied: use-ws
    at directUpload (file:///C:/Users/bgstr/source/repos/nodalmerge/clients/web/sdk.js:329:13)
    at process.processTicksAndRejections (node:internal/process/task_queues:103:5)
[nodalmerge] [sdk] direct upload failed; falling back to ws Error: upload-denied: use-ws
    at directUpload (file:///C:/Users/bgstr/source/repos/nodalmerge/clients/web/sdk.js:329:13)
    at process.processTicksAndRejections (node:internal/process/task_queues:103:5)
[nodalmerge] [sdk] direct upload failed; falling back to ws Error: upload-denied: use-ws
    at directUpload (file:///C:/Users/bgstr/source/repos/nodalmerge/clients/web/sdk.js:329:13)
    at process.processTicksAndRejections (node:internal/process/task_queues:103:5)
[nodalmerge] [sdk] direct upload failed; falling back to ws Error: upload-denied: use-ws
    at directUpload (file:///C:/Users/bgstr/source/repos/nodalmerge/clients/web/sdk.js:329:13)
    at process.processTicksAndRejections (node:internal/process/task_queues:103:5)
[nodalmerge] [sdk] direct upload failed; falling back to ws Error: upload-denied: use-ws
    at directUpload (file:///C:/Users/bgstr/source/repos/nodalmerge/clients/web/sdk.js:329:13)
    at process.processTicksAndRejections (node:internal/process/task_queues:103:5)
[nodalmerge] [sdk] direct upload failed; falling back to ws Error: upload-denied: use-ws
    at directUpload (file:///C:/Users/bgstr/source/repos/nodalmerge/clients/web/sdk.js:329:13)
    at process.processTicksAndRejections (node:internal/process/task_queues:103:5)
[nodalmerge] [sdk] direct upload failed; falling back to ws Error: upload-denied: use-ws
    at directUpload (file:///C:/Users/bgstr/source/repos/nodalmerge/clients/web/sdk.js:329:13)
    at process.processTicksAndRejections (node:internal/process/task_queues:103:5)
[nodalmerge] [sdk] direct upload failed; falling back to ws Error: upload-denied: use-ws
    at directUpload (file:///C:/Users/bgstr/source/repos/nodalmerge/clients/web/sdk.js:329:13)
    at process.processTicksAndRejections (node:internal/process/task_queues:103:5)
[nodalmerge] [sdk] direct upload failed; falling back to ws Error: upload-denied: use-ws
    at directUpload (file:///C:/Users/bgstr/source/repos/nodalmerge/clients/web/sdk.js:329:13)
    at process.processTicksAndRejections (node:internal/process/task_queues:103:5)
[nodalmerge] [sdk] direct upload failed; falling back to ws Error: upload-denied: use-ws
    at directUpload (file:///C:/Users/bgstr/source/repos/nodalmerge/clients/web/sdk.js:329:13)
    at process.processTicksAndRejections (node:internal/process/task_queues:103:5)
[nodalmerge] [sdk] direct upload failed; falling back to ws Error: upload-denied: use-ws
    at directUpload (file:///C:/Users/bgstr/source/repos/nodalmerge/clients/web/sdk.js:329:13)
    at process.processTicksAndRejections (node:internal/process/task_queues:103:5)
[nodalmerge] [sdk] direct upload failed; falling back to ws Error: upload-denied: use-ws
    at directUpload (file:///C:/Users/bgstr/source/repos/nodalmerge/clients/web/sdk.js:329:13)
    at process.processTicksAndRejections (node:internal/process/task_queues:103:5)
[nodalmerge] [sdk] direct upload failed; falling back to ws Error: upload-denied: use-ws
    at directUpload (file:///C:/Users/bgstr/source/repos/nodalmerge/clients/web/sdk.js:329:13)
    at process.processTicksAndRejections (node:internal/process/task_queues:103:5)
[nodalmerge] [sdk] direct upload failed; falling back to ws Error: upload-denied: use-ws
    at directUpload (file:///C:/Users/bgstr/source/repos/nodalmerge/clients/web/sdk.js:329:13)
    at process.processTicksAndRejections (node:internal/process/task_queues:103:5)
[nodalmerge] [sdk] direct upload failed; falling back to ws Error: upload-denied: use-ws
    at directUpload (file:///C:/Users/bgstr/source/repos/nodalmerge/clients/web/sdk.js:329:13)
    at process.processTicksAndRejections (node:internal/process/task_queues:103:5)
[nodalmerge] [sdk] direct upload failed; falling back to ws Error: upload-denied: use-ws
    at directUpload (file:///C:/Users/bgstr/source/repos/nodalmerge/clients/web/sdk.js:329:13)
    at process.processTicksAndRejections (node:internal/process/task_queues:103:5)
  peers=6 iter=9 warmup=46.543ms map=368.216ms list=459.606ms blob=397.948ms
[nodalmerge] [sdk] direct upload failed; falling back to ws Error: upload-denied: use-ws
    at directUpload (file:///C:/Users/bgstr/source/repos/nodalmerge/clients/web/sdk.js:329:13)
    at process.processTicksAndRejections (node:internal/process/task_queues:103:5)
[nodalmerge] [sdk] direct upload failed; falling back to ws Error: upload-denied: use-ws
    at directUpload (file:///C:/Users/bgstr/source/repos/nodalmerge/clients/web/sdk.js:329:13)
    at process.processTicksAndRejections (node:internal/process/task_queues:103:5)
[nodalmerge] [sdk] direct upload failed; falling back to ws Error: upload-denied: use-ws
    at directUpload (file:///C:/Users/bgstr/source/repos/nodalmerge/clients/web/sdk.js:329:13)
    at process.processTicksAndRejections (node:internal/process/task_queues:103:5)
[nodalmerge] [sdk] direct upload failed; falling back to ws Error: upload-denied: use-ws
    at directUpload (file:///C:/Users/bgstr/source/repos/nodalmerge/clients/web/sdk.js:329:13)
    at process.processTicksAndRejections (node:internal/process/task_queues:103:5)
[nodalmerge] [sdk] direct upload failed; falling back to ws Error: upload-denied: use-ws
    at directUpload (file:///C:/Users/bgstr/source/repos/nodalmerge/clients/web/sdk.js:329:13)
    at process.processTicksAndRejections (node:internal/process/task_queues:103:5)
[nodalmerge] [sdk] direct upload failed; falling back to ws Error: upload-denied: use-ws
    at directUpload (file:///C:/Users/bgstr/source/repos/nodalmerge/clients/web/sdk.js:329:13)
    at process.processTicksAndRejections (node:internal/process/task_queues:103:5)
[nodalmerge] [sdk] direct upload failed; falling back to ws Error: upload-denied: use-ws
    at directUpload (file:///C:/Users/bgstr/source/repos/nodalmerge/clients/web/sdk.js:329:13)
    at process.processTicksAndRejections (node:internal/process/task_queues:103:5)
[nodalmerge] [sdk] direct upload failed; falling back to ws Error: upload-denied: use-ws
    at directUpload (file:///C:/Users/bgstr/source/repos/nodalmerge/clients/web/sdk.js:329:13)
    at process.processTicksAndRejections (node:internal/process/task_queues:103:5)
[nodalmerge] [sdk] direct upload failed; falling back to ws Error: upload-denied: use-ws
    at directUpload (file:///C:/Users/bgstr/source/repos/nodalmerge/clients/web/sdk.js:329:13)
    at process.processTicksAndRejections (node:internal/process/task_queues:103:5)
[nodalmerge] [sdk] direct upload failed; falling back to ws Error: upload-denied: use-ws
    at directUpload (file:///C:/Users/bgstr/source/repos/nodalmerge/clients/web/sdk.js:329:13)
    at process.processTicksAndRejections (node:internal/process/task_queues:103:5)
[nodalmerge] [sdk] direct upload failed; falling back to ws Error: upload-denied: use-ws
    at directUpload (file:///C:/Users/bgstr/source/repos/nodalmerge/clients/web/sdk.js:329:13)
    at process.processTicksAndRejections (node:internal/process/task_queues:103:5)
[nodalmerge] [sdk] direct upload failed; falling back to ws Error: upload-denied: use-ws
    at directUpload (file:///C:/Users/bgstr/source/repos/nodalmerge/clients/web/sdk.js:329:13)
    at process.processTicksAndRejections (node:internal/process/task_queues:103:5)
[nodalmerge] [sdk] direct upload failed; falling back to ws Error: upload-denied: use-ws
    at directUpload (file:///C:/Users/bgstr/source/repos/nodalmerge/clients/web/sdk.js:329:13)
    at process.processTicksAndRejections (node:internal/process/task_queues:103:5)
[nodalmerge] [sdk] direct upload failed; falling back to ws Error: upload-denied: use-ws
    at directUpload (file:///C:/Users/bgstr/source/repos/nodalmerge/clients/web/sdk.js:329:13)
    at process.processTicksAndRejections (node:internal/process/task_queues:103:5)
[nodalmerge] [sdk] direct upload failed; falling back to ws Error: upload-denied: use-ws
    at directUpload (file:///C:/Users/bgstr/source/repos/nodalmerge/clients/web/sdk.js:329:13)
    at process.processTicksAndRejections (node:internal/process/task_queues:103:5)
[nodalmerge] [sdk] direct upload failed; falling back to ws Error: upload-denied: use-ws
    at directUpload (file:///C:/Users/bgstr/source/repos/nodalmerge/clients/web/sdk.js:329:13)
    at process.processTicksAndRejections (node:internal/process/task_queues:103:5)
[nodalmerge] [sdk] direct upload failed; falling back to ws Error: upload-denied: use-ws
    at directUpload (file:///C:/Users/bgstr/source/repos/nodalmerge/clients/web/sdk.js:329:13)
    at process.processTicksAndRejections (node:internal/process/task_queues:103:5)
[nodalmerge] [sdk] direct upload failed; falling back to ws Error: upload-denied: use-ws
    at directUpload (file:///C:/Users/bgstr/source/repos/nodalmerge/clients/web/sdk.js:329:13)
    at process.processTicksAndRejections (node:internal/process/task_queues:103:5)
[nodalmerge] [sdk] direct upload failed; falling back to ws Error: upload-denied: use-ws
    at directUpload (file:///C:/Users/bgstr/source/repos/nodalmerge/clients/web/sdk.js:329:13)
    at process.processTicksAndRejections (node:internal/process/task_queues:103:5)
[nodalmerge] [sdk] direct upload failed; falling back to ws Error: upload-denied: use-ws
    at directUpload (file:///C:/Users/bgstr/source/repos/nodalmerge/clients/web/sdk.js:329:13)
    at process.processTicksAndRejections (node:internal/process/task_queues:103:5)
[nodalmerge] [sdk] direct upload failed; falling back to ws Error: upload-denied: use-ws
    at directUpload (file:///C:/Users/bgstr/source/repos/nodalmerge/clients/web/sdk.js:329:13)
    at process.processTicksAndRejections (node:internal/process/task_queues:103:5)
[nodalmerge] [sdk] direct upload failed; falling back to ws Error: upload-denied: use-ws
    at directUpload (file:///C:/Users/bgstr/source/repos/nodalmerge/clients/web/sdk.js:329:13)
    at process.processTicksAndRejections (node:internal/process/task_queues:103:5)
[nodalmerge] [sdk] direct upload failed; falling back to ws Error: upload-denied: use-ws
    at directUpload (file:///C:/Users/bgstr/source/repos/nodalmerge/clients/web/sdk.js:329:13)
    at process.processTicksAndRejections (node:internal/process/task_queues:103:5)
[nodalmerge] [sdk] direct upload failed; falling back to ws Error: upload-denied: use-ws
    at directUpload (file:///C:/Users/bgstr/source/repos/nodalmerge/clients/web/sdk.js:329:13)
    at process.processTicksAndRejections (node:internal/process/task_queues:103:5)
[nodalmerge] [sdk] direct upload failed; falling back to ws Error: upload-denied: use-ws
    at directUpload (file:///C:/Users/bgstr/source/repos/nodalmerge/clients/web/sdk.js:329:13)
    at process.processTicksAndRejections (node:internal/process/task_queues:103:5)
[nodalmerge] [sdk] direct upload failed; falling back to ws Error: upload-denied: use-ws
    at directUpload (file:///C:/Users/bgstr/source/repos/nodalmerge/clients/web/sdk.js:329:13)
    at process.processTicksAndRejections (node:internal/process/task_queues:103:5)
[nodalmerge] [sdk] direct upload failed; falling back to ws Error: upload-denied: use-ws
    at directUpload (file:///C:/Users/bgstr/source/repos/nodalmerge/clients/web/sdk.js:329:13)
    at process.processTicksAndRejections (node:internal/process/task_queues:103:5)
[nodalmerge] [sdk] direct upload failed; falling back to ws Error: upload-denied: use-ws
    at directUpload (file:///C:/Users/bgstr/source/repos/nodalmerge/clients/web/sdk.js:329:13)
    at process.processTicksAndRejections (node:internal/process/task_queues:103:5)
[nodalmerge] [sdk] direct upload failed; falling back to ws Error: upload-denied: use-ws
    at directUpload (file:///C:/Users/bgstr/source/repos/nodalmerge/clients/web/sdk.js:329:13)
    at process.processTicksAndRejections (node:internal/process/task_queues:103:5)
[nodalmerge] [sdk] direct upload failed; falling back to ws Error: upload-denied: use-ws
    at directUpload (file:///C:/Users/bgstr/source/repos/nodalmerge/clients/web/sdk.js:329:13)
    at process.processTicksAndRejections (node:internal/process/task_queues:103:5)
  peers=6 iter=10 warmup=47.242ms map=354.414ms list=423.827ms blob=357.185ms
[nodalmerge] [sdk] direct upload failed; falling back to ws Error: upload-denied: use-ws
    at directUpload (file:///C:/Users/bgstr/source/repos/nodalmerge/clients/web/sdk.js:329:13)
    at process.processTicksAndRejections (node:internal/process/task_queues:103:5)
[nodalmerge] [sdk] direct upload failed; falling back to ws Error: upload-denied: use-ws
    at directUpload (file:///C:/Users/bgstr/source/repos/nodalmerge/clients/web/sdk.js:329:13)
    at process.processTicksAndRejections (node:internal/process/task_queues:103:5)
[nodalmerge] [sdk] direct upload failed; falling back to ws Error: upload-denied: use-ws
    at directUpload (file:///C:/Users/bgstr/source/repos/nodalmerge/clients/web/sdk.js:329:13)
    at process.processTicksAndRejections (node:internal/process/task_queues:103:5)
[nodalmerge] [sdk] direct upload failed; falling back to ws Error: upload-denied: use-ws
    at directUpload (file:///C:/Users/bgstr/source/repos/nodalmerge/clients/web/sdk.js:329:13)
    at process.processTicksAndRejections (node:internal/process/task_queues:103:5)
[nodalmerge] [sdk] direct upload failed; falling back to ws Error: upload-denied: use-ws
    at directUpload (file:///C:/Users/bgstr/source/repos/nodalmerge/clients/web/sdk.js:329:13)
    at process.processTicksAndRejections (node:internal/process/task_queues:103:5)
[nodalmerge] [sdk] direct upload failed; falling back to ws Error: upload-denied: use-ws
    at directUpload (file:///C:/Users/bgstr/source/repos/nodalmerge/clients/web/sdk.js:329:13)
    at process.processTicksAndRejections (node:internal/process/task_queues:103:5)
[nodalmerge] [sdk] direct upload failed; falling back to ws Error: upload-denied: use-ws
    at directUpload (file:///C:/Users/bgstr/source/repos/nodalmerge/clients/web/sdk.js:329:13)
    at process.processTicksAndRejections (node:internal/process/task_queues:103:5)
[nodalmerge] [sdk] direct upload failed; falling back to ws Error: upload-denied: use-ws
    at directUpload (file:///C:/Users/bgstr/source/repos/nodalmerge/clients/web/sdk.js:329:13)
    at process.processTicksAndRejections (node:internal/process/task_queues:103:5)
[nodalmerge] [sdk] direct upload failed; falling back to ws Error: upload-denied: use-ws
    at directUpload (file:///C:/Users/bgstr/source/repos/nodalmerge/clients/web/sdk.js:329:13)
    at process.processTicksAndRejections (node:internal/process/task_queues:103:5)
[nodalmerge] [sdk] direct upload failed; falling back to ws Error: upload-denied: use-ws
    at directUpload (file:///C:/Users/bgstr/source/repos/nodalmerge/clients/web/sdk.js:329:13)
    at process.processTicksAndRejections (node:internal/process/task_queues:103:5)
[nodalmerge] [sdk] direct upload failed; falling back to ws Error: upload-denied: use-ws
    at directUpload (file:///C:/Users/bgstr/source/repos/nodalmerge/clients/web/sdk.js:329:13)
    at process.processTicksAndRejections (node:internal/process/task_queues:103:5)
[nodalmerge] [sdk] direct upload failed; falling back to ws Error: upload-denied: use-ws
    at directUpload (file:///C:/Users/bgstr/source/repos/nodalmerge/clients/web/sdk.js:329:13)
    at process.processTicksAndRejections (node:internal/process/task_queues:103:5)
[nodalmerge] [sdk] direct upload failed; falling back to ws Error: upload-denied: use-ws
    at directUpload (file:///C:/Users/bgstr/source/repos/nodalmerge/clients/web/sdk.js:329:13)
    at process.processTicksAndRejections (node:internal/process/task_queues:103:5)
[nodalmerge] [sdk] direct upload failed; falling back to ws Error: upload-denied: use-ws
    at directUpload (file:///C:/Users/bgstr/source/repos/nodalmerge/clients/web/sdk.js:329:13)
    at process.processTicksAndRejections (node:internal/process/task_queues:103:5)
[nodalmerge] [sdk] direct upload failed; falling back to ws Error: upload-denied: use-ws
    at directUpload (file:///C:/Users/bgstr/source/repos/nodalmerge/clients/web/sdk.js:329:13)
    at process.processTicksAndRejections (node:internal/process/task_queues:103:5)
[nodalmerge] [sdk] direct upload failed; falling back to ws Error: upload-denied: use-ws
    at directUpload (file:///C:/Users/bgstr/source/repos/nodalmerge/clients/web/sdk.js:329:13)
    at process.processTicksAndRejections (node:internal/process/task_queues:103:5)
[nodalmerge] [sdk] direct upload failed; falling back to ws Error: upload-denied: use-ws
    at directUpload (file:///C:/Users/bgstr/source/repos/nodalmerge/clients/web/sdk.js:329:13)
    at process.processTicksAndRejections (node:internal/process/task_queues:103:5)
[nodalmerge] [sdk] direct upload failed; falling back to ws Error: upload-denied: use-ws
    at directUpload (file:///C:/Users/bgstr/source/repos/nodalmerge/clients/web/sdk.js:329:13)
    at process.processTicksAndRejections (node:internal/process/task_queues:103:5)
[nodalmerge] [sdk] direct upload failed; falling back to ws Error: upload-denied: use-ws
    at directUpload (file:///C:/Users/bgstr/source/repos/nodalmerge/clients/web/sdk.js:329:13)
    at process.processTicksAndRejections (node:internal/process/task_queues:103:5)
[nodalmerge] [sdk] direct upload failed; falling back to ws Error: upload-denied: use-ws
    at directUpload (file:///C:/Users/bgstr/source/repos/nodalmerge/clients/web/sdk.js:329:13)
    at process.processTicksAndRejections (node:internal/process/task_queues:103:5)
[nodalmerge] [sdk] direct upload failed; falling back to ws Error: upload-denied: use-ws
    at directUpload (file:///C:/Users/bgstr/source/repos/nodalmerge/clients/web/sdk.js:329:13)
    at process.processTicksAndRejections (node:internal/process/task_queues:103:5)
[nodalmerge] [sdk] direct upload failed; falling back to ws Error: upload-denied: use-ws
    at directUpload (file:///C:/Users/bgstr/source/repos/nodalmerge/clients/web/sdk.js:329:13)
    at process.processTicksAndRejections (node:internal/process/task_queues:103:5)
[nodalmerge] [sdk] direct upload failed; falling back to ws Error: upload-denied: use-ws
    at directUpload (file:///C:/Users/bgstr/source/repos/nodalmerge/clients/web/sdk.js:329:13)
    at process.processTicksAndRejections (node:internal/process/task_queues:103:5)
[nodalmerge] [sdk] direct upload failed; falling back to ws Error: upload-denied: use-ws
    at directUpload (file:///C:/Users/bgstr/source/repos/nodalmerge/clients/web/sdk.js:329:13)
    at process.processTicksAndRejections (node:internal/process/task_queues:103:5)
[nodalmerge] [sdk] direct upload failed; falling back to ws Error: upload-denied: use-ws
    at directUpload (file:///C:/Users/bgstr/source/repos/nodalmerge/clients/web/sdk.js:329:13)
    at process.processTicksAndRejections (node:internal/process/task_queues:103:5)
[nodalmerge] [sdk] direct upload failed; falling back to ws Error: upload-denied: use-ws
    at directUpload (file:///C:/Users/bgstr/source/repos/nodalmerge/clients/web/sdk.js:329:13)
    at process.processTicksAndRejections (node:internal/process/task_queues:103:5)
[nodalmerge] [sdk] direct upload failed; falling back to ws Error: upload-denied: use-ws
    at directUpload (file:///C:/Users/bgstr/source/repos/nodalmerge/clients/web/sdk.js:329:13)
    at process.processTicksAndRejections (node:internal/process/task_queues:103:5)
[nodalmerge] [sdk] direct upload failed; falling back to ws Error: upload-denied: use-ws
    at directUpload (file:///C:/Users/bgstr/source/repos/nodalmerge/clients/web/sdk.js:329:13)
    at process.processTicksAndRejections (node:internal/process/task_queues:103:5)
[nodalmerge] [sdk] direct upload failed; falling back to ws Error: upload-denied: use-ws
    at directUpload (file:///C:/Users/bgstr/source/repos/nodalmerge/clients/web/sdk.js:329:13)
    at process.processTicksAndRejections (node:internal/process/task_queues:103:5)
[nodalmerge] [sdk] direct upload failed; falling back to ws Error: upload-denied: use-ws
    at directUpload (file:///C:/Users/bgstr/source/repos/nodalmerge/clients/web/sdk.js:329:13)
    at process.processTicksAndRejections (node:internal/process/task_queues:103:5)
  peers=6 iter=11 warmup=45.624ms map=337.931ms list=471.963ms blob=357.297ms
[nodalmerge] [sdk] direct upload failed; falling back to ws Error: upload-denied: use-ws
    at directUpload (file:///C:/Users/bgstr/source/repos/nodalmerge/clients/web/sdk.js:329:13)
    at process.processTicksAndRejections (node:internal/process/task_queues:103:5)
[nodalmerge] [sdk] direct upload failed; falling back to ws Error: upload-denied: use-ws
    at directUpload (file:///C:/Users/bgstr/source/repos/nodalmerge/clients/web/sdk.js:329:13)
    at process.processTicksAndRejections (node:internal/process/task_queues:103:5)
[nodalmerge] [sdk] direct upload failed; falling back to ws Error: upload-denied: use-ws
    at directUpload (file:///C:/Users/bgstr/source/repos/nodalmerge/clients/web/sdk.js:329:13)
    at process.processTicksAndRejections (node:internal/process/task_queues:103:5)
[nodalmerge] [sdk] direct upload failed; falling back to ws Error: upload-denied: use-ws
    at directUpload (file:///C:/Users/bgstr/source/repos/nodalmerge/clients/web/sdk.js:329:13)
    at process.processTicksAndRejections (node:internal/process/task_queues:103:5)
[nodalmerge] [sdk] direct upload failed; falling back to ws Error: upload-denied: use-ws
    at directUpload (file:///C:/Users/bgstr/source/repos/nodalmerge/clients/web/sdk.js:329:13)
    at process.processTicksAndRejections (node:internal/process/task_queues:103:5)
[nodalmerge] [sdk] direct upload failed; falling back to ws Error: upload-denied: use-ws
    at directUpload (file:///C:/Users/bgstr/source/repos/nodalmerge/clients/web/sdk.js:329:13)
    at process.processTicksAndRejections (node:internal/process/task_queues:103:5)
[nodalmerge] [sdk] direct upload failed; falling back to ws Error: upload-denied: use-ws
    at directUpload (file:///C:/Users/bgstr/source/repos/nodalmerge/clients/web/sdk.js:329:13)
    at process.processTicksAndRejections (node:internal/process/task_queues:103:5)
[nodalmerge] [sdk] direct upload failed; falling back to ws Error: upload-denied: use-ws
    at directUpload (file:///C:/Users/bgstr/source/repos/nodalmerge/clients/web/sdk.js:329:13)
    at process.processTicksAndRejections (node:internal/process/task_queues:103:5)
[nodalmerge] [sdk] direct upload failed; falling back to ws Error: upload-denied: use-ws
    at directUpload (file:///C:/Users/bgstr/source/repos/nodalmerge/clients/web/sdk.js:329:13)
    at process.processTicksAndRejections (node:internal/process/task_queues:103:5)
[nodalmerge] [sdk] direct upload failed; falling back to ws Error: upload-denied: use-ws
    at directUpload (file:///C:/Users/bgstr/source/repos/nodalmerge/clients/web/sdk.js:329:13)
    at process.processTicksAndRejections (node:internal/process/task_queues:103:5)
[nodalmerge] [sdk] direct upload failed; falling back to ws Error: upload-denied: use-ws
    at directUpload (file:///C:/Users/bgstr/source/repos/nodalmerge/clients/web/sdk.js:329:13)
    at process.processTicksAndRejections (node:internal/process/task_queues:103:5)
[nodalmerge] [sdk] direct upload failed; falling back to ws Error: upload-denied: use-ws
    at directUpload (file:///C:/Users/bgstr/source/repos/nodalmerge/clients/web/sdk.js:329:13)
    at process.processTicksAndRejections (node:internal/process/task_queues:103:5)
[nodalmerge] [sdk] direct upload failed; falling back to ws Error: upload-denied: use-ws
    at directUpload (file:///C:/Users/bgstr/source/repos/nodalmerge/clients/web/sdk.js:329:13)
    at process.processTicksAndRejections (node:internal/process/task_queues:103:5)
[nodalmerge] [sdk] direct upload failed; falling back to ws Error: upload-denied: use-ws
    at directUpload (file:///C:/Users/bgstr/source/repos/nodalmerge/clients/web/sdk.js:329:13)
    at process.processTicksAndRejections (node:internal/process/task_queues:103:5)
[nodalmerge] [sdk] direct upload failed; falling back to ws Error: upload-denied: use-ws
    at directUpload (file:///C:/Users/bgstr/source/repos/nodalmerge/clients/web/sdk.js:329:13)
    at process.processTicksAndRejections (node:internal/process/task_queues:103:5)
[nodalmerge] [sdk] direct upload failed; falling back to ws Error: upload-denied: use-ws
    at directUpload (file:///C:/Users/bgstr/source/repos/nodalmerge/clients/web/sdk.js:329:13)
    at process.processTicksAndRejections (node:internal/process/task_queues:103:5)
[nodalmerge] [sdk] direct upload failed; falling back to ws Error: upload-denied: use-ws
    at directUpload (file:///C:/Users/bgstr/source/repos/nodalmerge/clients/web/sdk.js:329:13)
    at process.processTicksAndRejections (node:internal/process/task_queues:103:5)
[nodalmerge] [sdk] direct upload failed; falling back to ws Error: upload-denied: use-ws
    at directUpload (file:///C:/Users/bgstr/source/repos/nodalmerge/clients/web/sdk.js:329:13)
    at process.processTicksAndRejections (node:internal/process/task_queues:103:5)
[nodalmerge] [sdk] direct upload failed; falling back to ws Error: upload-denied: use-ws
    at directUpload (file:///C:/Users/bgstr/source/repos/nodalmerge/clients/web/sdk.js:329:13)
    at process.processTicksAndRejections (node:internal/process/task_queues:103:5)
[nodalmerge] [sdk] direct upload failed; falling back to ws Error: upload-denied: use-ws
    at directUpload (file:///C:/Users/bgstr/source/repos/nodalmerge/clients/web/sdk.js:329:13)
    at process.processTicksAndRejections (node:internal/process/task_queues:103:5)
[nodalmerge] [sdk] direct upload failed; falling back to ws Error: upload-denied: use-ws
    at directUpload (file:///C:/Users/bgstr/source/repos/nodalmerge/clients/web/sdk.js:329:13)
    at process.processTicksAndRejections (node:internal/process/task_queues:103:5)
[nodalmerge] [sdk] direct upload failed; falling back to ws Error: upload-denied: use-ws
    at directUpload (file:///C:/Users/bgstr/source/repos/nodalmerge/clients/web/sdk.js:329:13)
    at process.processTicksAndRejections (node:internal/process/task_queues:103:5)
[nodalmerge] [sdk] direct upload failed; falling back to ws Error: upload-denied: use-ws
    at directUpload (file:///C:/Users/bgstr/source/repos/nodalmerge/clients/web/sdk.js:329:13)
    at process.processTicksAndRejections (node:internal/process/task_queues:103:5)
[nodalmerge] [sdk] direct upload failed; falling back to ws Error: upload-denied: use-ws
    at directUpload (file:///C:/Users/bgstr/source/repos/nodalmerge/clients/web/sdk.js:329:13)
    at process.processTicksAndRejections (node:internal/process/task_queues:103:5)
[nodalmerge] [sdk] direct upload failed; falling back to ws Error: upload-denied: use-ws
    at directUpload (file:///C:/Users/bgstr/source/repos/nodalmerge/clients/web/sdk.js:329:13)
    at process.processTicksAndRejections (node:internal/process/task_queues:103:5)
[nodalmerge] [sdk] direct upload failed; falling back to ws Error: upload-denied: use-ws
    at directUpload (file:///C:/Users/bgstr/source/repos/nodalmerge/clients/web/sdk.js:329:13)
    at process.processTicksAndRejections (node:internal/process/task_queues:103:5)
[nodalmerge] [sdk] direct upload failed; falling back to ws Error: upload-denied: use-ws
    at directUpload (file:///C:/Users/bgstr/source/repos/nodalmerge/clients/web/sdk.js:329:13)
    at process.processTicksAndRejections (node:internal/process/task_queues:103:5)
[nodalmerge] [sdk] direct upload failed; falling back to ws Error: upload-denied: use-ws
    at directUpload (file:///C:/Users/bgstr/source/repos/nodalmerge/clients/web/sdk.js:329:13)
    at process.processTicksAndRejections (node:internal/process/task_queues:103:5)
[nodalmerge] [sdk] direct upload failed; falling back to ws Error: upload-denied: use-ws
    at directUpload (file:///C:/Users/bgstr/source/repos/nodalmerge/clients/web/sdk.js:329:13)
    at process.processTicksAndRejections (node:internal/process/task_queues:103:5)
[nodalmerge] [sdk] direct upload failed; falling back to ws Error: upload-denied: use-ws
    at directUpload (file:///C:/Users/bgstr/source/repos/nodalmerge/clients/web/sdk.js:329:13)
    at process.processTicksAndRejections (node:internal/process/task_queues:103:5)
  peers=6 iter=12 warmup=46.571ms map=337.25ms list=439.152ms blob=369.097ms
[nodalmerge] [sdk] direct upload failed; falling back to ws Error: upload-denied: use-ws
    at directUpload (file:///C:/Users/bgstr/source/repos/nodalmerge/clients/web/sdk.js:329:13)
    at process.processTicksAndRejections (node:internal/process/task_queues:103:5)
[nodalmerge] [sdk] direct upload failed; falling back to ws Error: upload-denied: use-ws
    at directUpload (file:///C:/Users/bgstr/source/repos/nodalmerge/clients/web/sdk.js:329:13)
    at process.processTicksAndRejections (node:internal/process/task_queues:103:5)
[nodalmerge] [sdk] direct upload failed; falling back to ws Error: upload-denied: use-ws
    at directUpload (file:///C:/Users/bgstr/source/repos/nodalmerge/clients/web/sdk.js:329:13)
    at process.processTicksAndRejections (node:internal/process/task_queues:103:5)
[nodalmerge] [sdk] direct upload failed; falling back to ws Error: upload-denied: use-ws
    at directUpload (file:///C:/Users/bgstr/source/repos/nodalmerge/clients/web/sdk.js:329:13)
    at process.processTicksAndRejections (node:internal/process/task_queues:103:5)
[nodalmerge] [sdk] direct upload failed; falling back to ws Error: upload-denied: use-ws
    at directUpload (file:///C:/Users/bgstr/source/repos/nodalmerge/clients/web/sdk.js:329:13)
    at process.processTicksAndRejections (node:internal/process/task_queues:103:5)
[nodalmerge] [sdk] direct upload failed; falling back to ws Error: upload-denied: use-ws
    at directUpload (file:///C:/Users/bgstr/source/repos/nodalmerge/clients/web/sdk.js:329:13)
    at process.processTicksAndRejections (node:internal/process/task_queues:103:5)
[nodalmerge] [sdk] direct upload failed; falling back to ws Error: upload-denied: use-ws
    at directUpload (file:///C:/Users/bgstr/source/repos/nodalmerge/clients/web/sdk.js:329:13)
    at process.processTicksAndRejections (node:internal/process/task_queues:103:5)
[nodalmerge] [sdk] direct upload failed; falling back to ws Error: upload-denied: use-ws
    at directUpload (file:///C:/Users/bgstr/source/repos/nodalmerge/clients/web/sdk.js:329:13)
    at process.processTicksAndRejections (node:internal/process/task_queues:103:5)
[nodalmerge] [sdk] direct upload failed; falling back to ws Error: upload-denied: use-ws
    at directUpload (file:///C:/Users/bgstr/source/repos/nodalmerge/clients/web/sdk.js:329:13)
    at process.processTicksAndRejections (node:internal/process/task_queues:103:5)
[nodalmerge] [sdk] direct upload failed; falling back to ws Error: upload-denied: use-ws
    at directUpload (file:///C:/Users/bgstr/source/repos/nodalmerge/clients/web/sdk.js:329:13)
    at process.processTicksAndRejections (node:internal/process/task_queues:103:5)
[nodalmerge] [sdk] direct upload failed; falling back to ws Error: upload-denied: use-ws
    at directUpload (file:///C:/Users/bgstr/source/repos/nodalmerge/clients/web/sdk.js:329:13)
    at process.processTicksAndRejections (node:internal/process/task_queues:103:5)
[nodalmerge] [sdk] direct upload failed; falling back to ws Error: upload-denied: use-ws
    at directUpload (file:///C:/Users/bgstr/source/repos/nodalmerge/clients/web/sdk.js:329:13)
    at process.processTicksAndRejections (node:internal/process/task_queues:103:5)
[nodalmerge] [sdk] direct upload failed; falling back to ws Error: upload-denied: use-ws
    at directUpload (file:///C:/Users/bgstr/source/repos/nodalmerge/clients/web/sdk.js:329:13)
    at process.processTicksAndRejections (node:internal/process/task_queues:103:5)
[nodalmerge] [sdk] direct upload failed; falling back to ws Error: upload-denied: use-ws
    at directUpload (file:///C:/Users/bgstr/source/repos/nodalmerge/clients/web/sdk.js:329:13)
    at process.processTicksAndRejections (node:internal/process/task_queues:103:5)
[nodalmerge] [sdk] direct upload failed; falling back to ws Error: upload-denied: use-ws
    at directUpload (file:///C:/Users/bgstr/source/repos/nodalmerge/clients/web/sdk.js:329:13)
    at process.processTicksAndRejections (node:internal/process/task_queues:103:5)
[nodalmerge] [sdk] direct upload failed; falling back to ws Error: upload-denied: use-ws
    at directUpload (file:///C:/Users/bgstr/source/repos/nodalmerge/clients/web/sdk.js:329:13)
    at process.processTicksAndRejections (node:internal/process/task_queues:103:5)
[nodalmerge] [sdk] direct upload failed; falling back to ws Error: upload-denied: use-ws
    at directUpload (file:///C:/Users/bgstr/source/repos/nodalmerge/clients/web/sdk.js:329:13)
    at process.processTicksAndRejections (node:internal/process/task_queues:103:5)
[nodalmerge] [sdk] direct upload failed; falling back to ws Error: upload-denied: use-ws
    at directUpload (file:///C:/Users/bgstr/source/repos/nodalmerge/clients/web/sdk.js:329:13)
    at process.processTicksAndRejections (node:internal/process/task_queues:103:5)
[nodalmerge] [sdk] direct upload failed; falling back to ws Error: upload-denied: use-ws
    at directUpload (file:///C:/Users/bgstr/source/repos/nodalmerge/clients/web/sdk.js:329:13)
    at process.processTicksAndRejections (node:internal/process/task_queues:103:5)
[nodalmerge] [sdk] direct upload failed; falling back to ws Error: upload-denied: use-ws
    at directUpload (file:///C:/Users/bgstr/source/repos/nodalmerge/clients/web/sdk.js:329:13)
    at process.processTicksAndRejections (node:internal/process/task_queues:103:5)
[nodalmerge] [sdk] direct upload failed; falling back to ws Error: upload-denied: use-ws
    at directUpload (file:///C:/Users/bgstr/source/repos/nodalmerge/clients/web/sdk.js:329:13)
    at process.processTicksAndRejections (node:internal/process/task_queues:103:5)
[nodalmerge] [sdk] direct upload failed; falling back to ws Error: upload-denied: use-ws
    at directUpload (file:///C:/Users/bgstr/source/repos/nodalmerge/clients/web/sdk.js:329:13)
    at process.processTicksAndRejections (node:internal/process/task_queues:103:5)
[nodalmerge] [sdk] direct upload failed; falling back to ws Error: upload-denied: use-ws
    at directUpload (file:///C:/Users/bgstr/source/repos/nodalmerge/clients/web/sdk.js:329:13)
    at process.processTicksAndRejections (node:internal/process/task_queues:103:5)
[nodalmerge] [sdk] direct upload failed; falling back to ws Error: upload-denied: use-ws
    at directUpload (file:///C:/Users/bgstr/source/repos/nodalmerge/clients/web/sdk.js:329:13)
    at process.processTicksAndRejections (node:internal/process/task_queues:103:5)
[nodalmerge] [sdk] direct upload failed; falling back to ws Error: upload-denied: use-ws
    at directUpload (file:///C:/Users/bgstr/source/repos/nodalmerge/clients/web/sdk.js:329:13)
    at process.processTicksAndRejections (node:internal/process/task_queues:103:5)
[nodalmerge] [sdk] direct upload failed; falling back to ws Error: upload-denied: use-ws
    at directUpload (file:///C:/Users/bgstr/source/repos/nodalmerge/clients/web/sdk.js:329:13)
    at process.processTicksAndRejections (node:internal/process/task_queues:103:5)
[nodalmerge] [sdk] direct upload failed; falling back to ws Error: upload-denied: use-ws
    at directUpload (file:///C:/Users/bgstr/source/repos/nodalmerge/clients/web/sdk.js:329:13)
    at process.processTicksAndRejections (node:internal/process/task_queues:103:5)
[nodalmerge] [sdk] direct upload failed; falling back to ws Error: upload-denied: use-ws
    at directUpload (file:///C:/Users/bgstr/source/repos/nodalmerge/clients/web/sdk.js:329:13)
    at process.processTicksAndRejections (node:internal/process/task_queues:103:5)
[nodalmerge] [sdk] direct upload failed; falling back to ws Error: upload-denied: use-ws
    at directUpload (file:///C:/Users/bgstr/source/repos/nodalmerge/clients/web/sdk.js:329:13)
    at process.processTicksAndRejections (node:internal/process/task_queues:103:5)
[nodalmerge] [sdk] direct upload failed; falling back to ws Error: upload-denied: use-ws
    at directUpload (file:///C:/Users/bgstr/source/repos/nodalmerge/clients/web/sdk.js:329:13)
    at process.processTicksAndRejections (node:internal/process/task_queues:103:5)
  peers=6 iter=13 warmup=46.103ms map=368.476ms list=429.919ms blob=379.686ms
[nodalmerge] [sdk] direct upload failed; falling back to ws Error: upload-denied: use-ws
    at directUpload (file:///C:/Users/bgstr/source/repos/nodalmerge/clients/web/sdk.js:329:13)
    at process.processTicksAndRejections (node:internal/process/task_queues:103:5)
[nodalmerge] [sdk] direct upload failed; falling back to ws Error: upload-denied: use-ws
    at directUpload (file:///C:/Users/bgstr/source/repos/nodalmerge/clients/web/sdk.js:329:13)
    at process.processTicksAndRejections (node:internal/process/task_queues:103:5)
[nodalmerge] [sdk] direct upload failed; falling back to ws Error: upload-denied: use-ws
    at directUpload (file:///C:/Users/bgstr/source/repos/nodalmerge/clients/web/sdk.js:329:13)
    at process.processTicksAndRejections (node:internal/process/task_queues:103:5)
[nodalmerge] [sdk] direct upload failed; falling back to ws Error: upload-denied: use-ws
    at directUpload (file:///C:/Users/bgstr/source/repos/nodalmerge/clients/web/sdk.js:329:13)
    at process.processTicksAndRejections (node:internal/process/task_queues:103:5)
[nodalmerge] [sdk] direct upload failed; falling back to ws Error: upload-denied: use-ws
    at directUpload (file:///C:/Users/bgstr/source/repos/nodalmerge/clients/web/sdk.js:329:13)
    at process.processTicksAndRejections (node:internal/process/task_queues:103:5)
[nodalmerge] [sdk] direct upload failed; falling back to ws Error: upload-denied: use-ws
    at directUpload (file:///C:/Users/bgstr/source/repos/nodalmerge/clients/web/sdk.js:329:13)
    at process.processTicksAndRejections (node:internal/process/task_queues:103:5)
[nodalmerge] [sdk] direct upload failed; falling back to ws Error: upload-denied: use-ws
    at directUpload (file:///C:/Users/bgstr/source/repos/nodalmerge/clients/web/sdk.js:329:13)
    at process.processTicksAndRejections (node:internal/process/task_queues:103:5)
[nodalmerge] [sdk] direct upload failed; falling back to ws Error: upload-denied: use-ws
    at directUpload (file:///C:/Users/bgstr/source/repos/nodalmerge/clients/web/sdk.js:329:13)
    at process.processTicksAndRejections (node:internal/process/task_queues:103:5)
[nodalmerge] [sdk] direct upload failed; falling back to ws Error: upload-denied: use-ws
    at directUpload (file:///C:/Users/bgstr/source/repos/nodalmerge/clients/web/sdk.js:329:13)
    at process.processTicksAndRejections (node:internal/process/task_queues:103:5)
[nodalmerge] [sdk] direct upload failed; falling back to ws Error: upload-denied: use-ws
    at directUpload (file:///C:/Users/bgstr/source/repos/nodalmerge/clients/web/sdk.js:329:13)
    at process.processTicksAndRejections (node:internal/process/task_queues:103:5)
[nodalmerge] [sdk] direct upload failed; falling back to ws Error: upload-denied: use-ws
    at directUpload (file:///C:/Users/bgstr/source/repos/nodalmerge/clients/web/sdk.js:329:13)
    at process.processTicksAndRejections (node:internal/process/task_queues:103:5)
[nodalmerge] [sdk] direct upload failed; falling back to ws Error: upload-denied: use-ws
    at directUpload (file:///C:/Users/bgstr/source/repos/nodalmerge/clients/web/sdk.js:329:13)
    at process.processTicksAndRejections (node:internal/process/task_queues:103:5)
[nodalmerge] [sdk] direct upload failed; falling back to ws Error: upload-denied: use-ws
    at directUpload (file:///C:/Users/bgstr/source/repos/nodalmerge/clients/web/sdk.js:329:13)
    at process.processTicksAndRejections (node:internal/process/task_queues:103:5)
[nodalmerge] [sdk] direct upload failed; falling back to ws Error: upload-denied: use-ws
    at directUpload (file:///C:/Users/bgstr/source/repos/nodalmerge/clients/web/sdk.js:329:13)
    at process.processTicksAndRejections (node:internal/process/task_queues:103:5)
[nodalmerge] [sdk] direct upload failed; falling back to ws Error: upload-denied: use-ws
    at directUpload (file:///C:/Users/bgstr/source/repos/nodalmerge/clients/web/sdk.js:329:13)
    at process.processTicksAndRejections (node:internal/process/task_queues:103:5)
[nodalmerge] [sdk] direct upload failed; falling back to ws Error: upload-denied: use-ws
    at directUpload (file:///C:/Users/bgstr/source/repos/nodalmerge/clients/web/sdk.js:329:13)
    at process.processTicksAndRejections (node:internal/process/task_queues:103:5)
[nodalmerge] [sdk] direct upload failed; falling back to ws Error: upload-denied: use-ws
    at directUpload (file:///C:/Users/bgstr/source/repos/nodalmerge/clients/web/sdk.js:329:13)
    at process.processTicksAndRejections (node:internal/process/task_queues:103:5)
[nodalmerge] [sdk] direct upload failed; falling back to ws Error: upload-denied: use-ws
    at directUpload (file:///C:/Users/bgstr/source/repos/nodalmerge/clients/web/sdk.js:329:13)
    at process.processTicksAndRejections (node:internal/process/task_queues:103:5)
[nodalmerge] [sdk] direct upload failed; falling back to ws Error: upload-denied: use-ws
    at directUpload (file:///C:/Users/bgstr/source/repos/nodalmerge/clients/web/sdk.js:329:13)
    at process.processTicksAndRejections (node:internal/process/task_queues:103:5)
[nodalmerge] [sdk] direct upload failed; falling back to ws Error: upload-denied: use-ws
    at directUpload (file:///C:/Users/bgstr/source/repos/nodalmerge/clients/web/sdk.js:329:13)
    at process.processTicksAndRejections (node:internal/process/task_queues:103:5)
[nodalmerge] [sdk] direct upload failed; falling back to ws Error: upload-denied: use-ws
    at directUpload (file:///C:/Users/bgstr/source/repos/nodalmerge/clients/web/sdk.js:329:13)
    at process.processTicksAndRejections (node:internal/process/task_queues:103:5)
[nodalmerge] [sdk] direct upload failed; falling back to ws Error: upload-denied: use-ws
    at directUpload (file:///C:/Users/bgstr/source/repos/nodalmerge/clients/web/sdk.js:329:13)
    at process.processTicksAndRejections (node:internal/process/task_queues:103:5)
[nodalmerge] [sdk] direct upload failed; falling back to ws Error: upload-denied: use-ws
    at directUpload (file:///C:/Users/bgstr/source/repos/nodalmerge/clients/web/sdk.js:329:13)
    at process.processTicksAndRejections (node:internal/process/task_queues:103:5)
[nodalmerge] [sdk] direct upload failed; falling back to ws Error: upload-denied: use-ws
    at directUpload (file:///C:/Users/bgstr/source/repos/nodalmerge/clients/web/sdk.js:329:13)
    at process.processTicksAndRejections (node:internal/process/task_queues:103:5)
[nodalmerge] [sdk] direct upload failed; falling back to ws Error: upload-denied: use-ws
    at directUpload (file:///C:/Users/bgstr/source/repos/nodalmerge/clients/web/sdk.js:329:13)
    at process.processTicksAndRejections (node:internal/process/task_queues:103:5)
[nodalmerge] [sdk] direct upload failed; falling back to ws Error: upload-denied: use-ws
    at directUpload (file:///C:/Users/bgstr/source/repos/nodalmerge/clients/web/sdk.js:329:13)
    at process.processTicksAndRejections (node:internal/process/task_queues:103:5)
[nodalmerge] [sdk] direct upload failed; falling back to ws Error: upload-denied: use-ws
    at directUpload (file:///C:/Users/bgstr/source/repos/nodalmerge/clients/web/sdk.js:329:13)
    at process.processTicksAndRejections (node:internal/process/task_queues:103:5)
[nodalmerge] [sdk] direct upload failed; falling back to ws Error: upload-denied: use-ws
    at directUpload (file:///C:/Users/bgstr/source/repos/nodalmerge/clients/web/sdk.js:329:13)
    at process.processTicksAndRejections (node:internal/process/task_queues:103:5)
[nodalmerge] [sdk] direct upload failed; falling back to ws Error: upload-denied: use-ws
    at directUpload (file:///C:/Users/bgstr/source/repos/nodalmerge/clients/web/sdk.js:329:13)
    at process.processTicksAndRejections (node:internal/process/task_queues:103:5)
[nodalmerge] [sdk] direct upload failed; falling back to ws Error: upload-denied: use-ws
    at directUpload (file:///C:/Users/bgstr/source/repos/nodalmerge/clients/web/sdk.js:329:13)
    at process.processTicksAndRejections (node:internal/process/task_queues:103:5)
  peers=6 iter=14 warmup=47.332ms map=369.993ms list=457.316ms blob=384.997ms
  peers=6 warmup_avg=46.5ms map_samples=15 map_avg=355.684ms list_samples=15 list_avg=446.371ms blob_samples=15 blob_avg=377.941ms

Target: dotnet-host-runtime-alias (ws://127.0.0.1:8787)
  peers=6 iter=0 warmup=46.093ms map=321.182ms list=366.692ms blob=321.359ms
  peers=6 iter=1 warmup=47.442ms map=322.916ms list=385.242ms blob=337.917ms
  peers=6 iter=2 warmup=46.083ms map=324.551ms list=370.498ms blob=310.771ms
  peers=6 iter=3 warmup=46.158ms map=291.945ms list=400.615ms blob=324.261ms
  peers=6 iter=4 warmup=46.493ms map=309.449ms list=367.471ms blob=326.841ms
  peers=6 iter=5 warmup=46.709ms map=323.159ms list=355.969ms blob=351.596ms
  peers=6 iter=6 warmup=47.276ms map=306.595ms list=397.966ms blob=321.817ms
  peers=6 iter=7 warmup=46.173ms map=309.64ms list=382.73ms blob=354.611ms
  peers=6 iter=8 warmup=45.998ms map=307.941ms list=397.949ms blob=322.869ms
  peers=6 iter=9 warmup=46.824ms map=290.687ms list=368.512ms blob=320.748ms
  peers=6 iter=10 warmup=45.734ms map=291.609ms list=382.682ms blob=352.883ms
  peers=6 iter=11 warmup=45.966ms map=322.878ms list=368.174ms blob=337.737ms
  peers=6 iter=12 warmup=47.118ms map=308.603ms list=383.113ms blob=353.323ms
  peers=6 iter=13 warmup=47.568ms map=291.728ms list=369.096ms blob=321.852ms
  peers=6 iter=14 warmup=46.525ms map=292.314ms list=356.598ms blob=318.863ms
  peers=6 warmup_avg=46.544ms map_samples=15 map_avg=307.68ms list_samples=15 list_avg=376.887ms blob_samples=15 blob_avg=331.83ms

Wrote results: C:\Users\bgstr\source\repos\nodalmerge\benchmarks\results\sdk-scenarios-peers6-ops30-integrated-vs-dotnet-mongo-clean.json

Done.
## NodalMerge Performance Sweep (Peers 6, Mongo Backend, iterations=15)

### MAP Scenario
| Ops | Rust Integrated avg ms | Rust Integrated ops/s | Dotnet Mongo avg ms | Dotnet Mongo ops/s |
| --- | --- | --- | --- | --- |
| 6 | 102.96 | 349.65 | 102.12 | 352.53 |
| 12 | 150.18 | 479.42 | 144.13 | 499.55 |
| 30 | 355.68 | 506.07 | 307.68 | 585.02 |
### LIST Scenario
| Ops | Rust Integrated avg ms | Rust Integrated ops/s | Dotnet Mongo avg ms | Dotnet Mongo ops/s |
| --- | --- | --- | --- | --- |
| 6 | 117.97 | 305.16 | 108.06 | 333.15 |
| 12 | 212.57 | 338.71 | 176.9 | 407.01 |
| 30 | 446.37 | 403.25 | 376.89 | 477.59 |
### BLOB Scenario
| Ops | Rust Integrated avg ms | Rust Integrated ops/s | Dotnet Mongo avg ms | Dotnet Mongo ops/s |
| --- | --- | --- | --- | --- |
| 6 | 102.58 | 350.95 | 90.13 | 399.42 |
| 12 | 173.88 | 414.08 | 161.14 | 446.82 |
| 30 | 377.94 | 476.27 | 331.83 | 542.45 |


