
    Directory: C:\Users\bgstr\source\repos\nodalmerge\benchmarks\results

Mode                 LastWriteTime         Length Name
----                 -------------         ------ ----
d----           7/22/2026 11:32 PM                logs
Using Mongo container: nodalmerge-mongo
Readiness: 7979=1, 8787=1
using deprecated parameters for `initSync()`; pass a single object instead
SDK scenario benchmark config:
{
  "peerCounts": [
    6
  ],
  "iterations": 2,
  "mapOps": 2,
  "listOps": 2,
  "blobOps": 2,
  "blobSizeBytes": 1024,
  "warmupOps": 4,
  "timeoutMs": 30000,
  "opDelayMs": 2,
  "transport": "ws-only",
  "authMode": "none",
  "tokenExpirySecs": 3600,
  "authTokenCaps": [
    "read:bench/**",
    "write:bench/**"
  ],
  "targets": [
    "rust-integrated-hosted-server",
    "dotnet-host-runtime-alias"
  ]
}

Target: rust-integrated-hosted-server (ws://127.0.0.1:7979)
[nodalmerge] [sdk] direct upload failed; falling back to ws Error: upload-denied: use-ws
    at directUpload (file:///C:/Users/bgstr/source/repos/nodalmerge/clients/web/sdk.js:329:13)
    at process.processTicksAndRejections (node:internal/process/task_queues:103:5)
[nodalmerge] [sdk] direct upload failed; falling back to ws Error: upload-denied: use-ws
    at directUpload (file:///C:/Users/bgstr/source/repos/nodalmerge/clients/web/sdk.js:329:13)
    at process.processTicksAndRejections (node:internal/process/task_queues:103:5)
  peers=6 iter=0 warmup=53.728ms map=60.875ms list=60.942ms blob=61.065ms
[nodalmerge] [sdk] direct upload failed; falling back to ws Error: upload-denied: use-ws
    at directUpload (file:///C:/Users/bgstr/source/repos/nodalmerge/clients/web/sdk.js:329:13)
    at process.processTicksAndRejections (node:internal/process/task_queues:103:5)
[nodalmerge] [sdk] direct upload failed; falling back to ws Error: upload-denied: use-ws
    at directUpload (file:///C:/Users/bgstr/source/repos/nodalmerge/clients/web/sdk.js:329:13)
    at process.processTicksAndRejections (node:internal/process/task_queues:103:5)
  peers=6 iter=1 warmup=45.993ms map=61.731ms list=60.52ms blob=60.72ms
  peers=6 warmup_avg=49.861ms map_samples=2 map_avg=61.303ms list_samples=2 list_avg=60.731ms blob_samples=2 blob_avg=60.893ms

Target: dotnet-host-runtime-alias (ws://127.0.0.1:8787)
  peers=6 iter=0 warmup=86.074ms map=53.429ms list=61.616ms blob=61.054ms
  peers=6 iter=1 warmup=45.735ms map=61.366ms list=60.626ms blob=62.381ms
  peers=6 warmup_avg=65.905ms map_samples=2 map_avg=57.398ms list_samples=2 list_avg=61.121ms blob_samples=2 blob_avg=61.718ms

Wrote results: C:\Users\bgstr\source\repos\nodalmerge\benchmarks\results\sdk-scenarios-peers6-ops2-integrated-vs-dotnet-mongo-clean.json

Done.
Smoke Status: Rust=ok, Dotnet=ok
using deprecated parameters for `initSync()`; pass a single object instead
SDK scenario benchmark config:
{
  "peerCounts": [
    6
  ],
  "iterations": 15,
  "mapOps": 6,
  "listOps": 6,
  "blobOps": 6,
  "blobSizeBytes": 1024,
  "warmupOps": 4,
  "timeoutMs": 45000,
  "opDelayMs": 2,
  "transport": "ws-only",
  "authMode": "none",
  "tokenExpirySecs": 3600,
  "authTokenCaps": [
    "read:bench/**",
    "write:bench/**"
  ],
  "targets": [
    "rust-integrated-hosted-server",
    "dotnet-host-runtime-alias"
  ]
}

Target: rust-integrated-hosted-server (ws://127.0.0.1:7979)
[nodalmerge] [sdk] direct upload failed; falling back to ws Error: upload-denied: use-ws
    at directUpload (file:///C:/Users/bgstr/source/repos/nodalmerge/clients/web/sdk.js:329:13)
    at process.processTicksAndRejections (node:internal/process/task_queues:103:5)
[nodalmerge] [sdk] direct upload failed; falling back to ws Error: upload-denied: use-ws
    at directUpload (file:///C:/Users/bgstr/source/repos/nodalmerge/clients/web/sdk.js:329:13)
    at process.processTicksAndRejections (node:internal/process/task_queues:103:5)
[nodalmerge] [sdk] direct upload failed; falling back to ws Error: upload-denied: use-ws
    at directUpload (file:///C:/Users/bgstr/source/repos/nodalmerge/clients/web/sdk.js:329:13)
    at process.processTicksAndRejections (node:internal/process/task_queues:103:5)
[nodalmerge] [sdk] direct upload failed; falling back to ws Error: upload-denied: use-ws
    at directUpload (file:///C:/Users/bgstr/source/repos/nodalmerge/clients/web/sdk.js:329:13)
    at process.processTicksAndRejections (node:internal/process/task_queues:103:5)
[nodalmerge] [sdk] direct upload failed; falling back to ws Error: upload-denied: use-ws
    at directUpload (file:///C:/Users/bgstr/source/repos/nodalmerge/clients/web/sdk.js:329:13)
    at process.processTicksAndRejections (node:internal/process/task_queues:103:5)
[nodalmerge] [sdk] direct upload failed; falling back to ws Error: upload-denied: use-ws
    at directUpload (file:///C:/Users/bgstr/source/repos/nodalmerge/clients/web/sdk.js:329:13)
    at process.processTicksAndRejections (node:internal/process/task_queues:103:5)
  peers=6 iter=0 warmup=46.358ms map=108.974ms list=106.239ms blob=92.62ms
[nodalmerge] [sdk] direct upload failed; falling back to ws Error: upload-denied: use-ws
    at directUpload (file:///C:/Users/bgstr/source/repos/nodalmerge/clients/web/sdk.js:329:13)
    at process.processTicksAndRejections (node:internal/process/task_queues:103:5)
[nodalmerge] [sdk] direct upload failed; falling back to ws Error: upload-denied: use-ws
    at directUpload (file:///C:/Users/bgstr/source/repos/nodalmerge/clients/web/sdk.js:329:13)
    at process.processTicksAndRejections (node:internal/process/task_queues:103:5)
[nodalmerge] [sdk] direct upload failed; falling back to ws Error: upload-denied: use-ws
    at directUpload (file:///C:/Users/bgstr/source/repos/nodalmerge/clients/web/sdk.js:329:13)
    at process.processTicksAndRejections (node:internal/process/task_queues:103:5)
[nodalmerge] [sdk] direct upload failed; falling back to ws Error: upload-denied: use-ws
    at directUpload (file:///C:/Users/bgstr/source/repos/nodalmerge/clients/web/sdk.js:329:13)
    at process.processTicksAndRejections (node:internal/process/task_queues:103:5)
[nodalmerge] [sdk] direct upload failed; falling back to ws Error: upload-denied: use-ws
    at directUpload (file:///C:/Users/bgstr/source/repos/nodalmerge/clients/web/sdk.js:329:13)
    at process.processTicksAndRejections (node:internal/process/task_queues:103:5)
[nodalmerge] [sdk] direct upload failed; falling back to ws Error: upload-denied: use-ws
    at directUpload (file:///C:/Users/bgstr/source/repos/nodalmerge/clients/web/sdk.js:329:13)
    at process.processTicksAndRejections (node:internal/process/task_queues:103:5)
  peers=6 iter=1 warmup=46.294ms map=93.664ms list=122.772ms blob=107.456ms
[nodalmerge] [sdk] direct upload failed; falling back to ws Error: upload-denied: use-ws
    at directUpload (file:///C:/Users/bgstr/source/repos/nodalmerge/clients/web/sdk.js:329:13)
    at process.processTicksAndRejections (node:internal/process/task_queues:103:5)
[nodalmerge] [sdk] direct upload failed; falling back to ws Error: upload-denied: use-ws
    at directUpload (file:///C:/Users/bgstr/source/repos/nodalmerge/clients/web/sdk.js:329:13)
    at process.processTicksAndRejections (node:internal/process/task_queues:103:5)
[nodalmerge] [sdk] direct upload failed; falling back to ws Error: upload-denied: use-ws
    at directUpload (file:///C:/Users/bgstr/source/repos/nodalmerge/clients/web/sdk.js:329:13)
    at process.processTicksAndRejections (node:internal/process/task_queues:103:5)
[nodalmerge] [sdk] direct upload failed; falling back to ws Error: upload-denied: use-ws
    at directUpload (file:///C:/Users/bgstr/source/repos/nodalmerge/clients/web/sdk.js:329:13)
    at process.processTicksAndRejections (node:internal/process/task_queues:103:5)
[nodalmerge] [sdk] direct upload failed; falling back to ws Error: upload-denied: use-ws
    at directUpload (file:///C:/Users/bgstr/source/repos/nodalmerge/clients/web/sdk.js:329:13)
    at process.processTicksAndRejections (node:internal/process/task_queues:103:5)
[nodalmerge] [sdk] direct upload failed; falling back to ws Error: upload-denied: use-ws
    at directUpload (file:///C:/Users/bgstr/source/repos/nodalmerge/clients/web/sdk.js:329:13)
    at process.processTicksAndRejections (node:internal/process/task_queues:103:5)
  peers=6 iter=2 warmup=46.979ms map=93.563ms list=106.962ms blob=109.124ms
[nodalmerge] [sdk] direct upload failed; falling back to ws Error: upload-denied: use-ws
    at directUpload (file:///C:/Users/bgstr/source/repos/nodalmerge/clients/web/sdk.js:329:13)
    at process.processTicksAndRejections (node:internal/process/task_queues:103:5)
[nodalmerge] [sdk] direct upload failed; falling back to ws Error: upload-denied: use-ws
    at directUpload (file:///C:/Users/bgstr/source/repos/nodalmerge/clients/web/sdk.js:329:13)
    at process.processTicksAndRejections (node:internal/process/task_queues:103:5)
[nodalmerge] [sdk] direct upload failed; falling back to ws Error: upload-denied: use-ws
    at directUpload (file:///C:/Users/bgstr/source/repos/nodalmerge/clients/web/sdk.js:329:13)
    at process.processTicksAndRejections (node:internal/process/task_queues:103:5)
[nodalmerge] [sdk] direct upload failed; falling back to ws Error: upload-denied: use-ws
    at directUpload (file:///C:/Users/bgstr/source/repos/nodalmerge/clients/web/sdk.js:329:13)
    at process.processTicksAndRejections (node:internal/process/task_queues:103:5)
[nodalmerge] [sdk] direct upload failed; falling back to ws Error: upload-denied: use-ws
    at directUpload (file:///C:/Users/bgstr/source/repos/nodalmerge/clients/web/sdk.js:329:13)
    at process.processTicksAndRejections (node:internal/process/task_queues:103:5)
[nodalmerge] [sdk] direct upload failed; falling back to ws Error: upload-denied: use-ws
    at directUpload (file:///C:/Users/bgstr/source/repos/nodalmerge/clients/web/sdk.js:329:13)
    at process.processTicksAndRejections (node:internal/process/task_queues:103:5)
  peers=6 iter=3 warmup=46.382ms map=92.959ms list=106.188ms blob=92.713ms
[nodalmerge] [sdk] direct upload failed; falling back to ws Error: upload-denied: use-ws
    at directUpload (file:///C:/Users/bgstr/source/repos/nodalmerge/clients/web/sdk.js:329:13)
    at process.processTicksAndRejections (node:internal/process/task_queues:103:5)
[nodalmerge] [sdk] direct upload failed; falling back to ws Error: upload-denied: use-ws
    at directUpload (file:///C:/Users/bgstr/source/repos/nodalmerge/clients/web/sdk.js:329:13)
    at process.processTicksAndRejections (node:internal/process/task_queues:103:5)
[nodalmerge] [sdk] direct upload failed; falling back to ws Error: upload-denied: use-ws
    at directUpload (file:///C:/Users/bgstr/source/repos/nodalmerge/clients/web/sdk.js:329:13)
    at process.processTicksAndRejections (node:internal/process/task_queues:103:5)
[nodalmerge] [sdk] direct upload failed; falling back to ws Error: upload-denied: use-ws
    at directUpload (file:///C:/Users/bgstr/source/repos/nodalmerge/clients/web/sdk.js:329:13)
    at process.processTicksAndRejections (node:internal/process/task_queues:103:5)
[nodalmerge] [sdk] direct upload failed; falling back to ws Error: upload-denied: use-ws
    at directUpload (file:///C:/Users/bgstr/source/repos/nodalmerge/clients/web/sdk.js:329:13)
    at process.processTicksAndRejections (node:internal/process/task_queues:103:5)
[nodalmerge] [sdk] direct upload failed; falling back to ws Error: upload-denied: use-ws
    at directUpload (file:///C:/Users/bgstr/source/repos/nodalmerge/clients/web/sdk.js:329:13)
    at process.processTicksAndRejections (node:internal/process/task_queues:103:5)
  peers=6 iter=4 warmup=46.669ms map=92.202ms list=121.876ms blob=91.474ms
[nodalmerge] [sdk] direct upload failed; falling back to ws Error: upload-denied: use-ws
    at directUpload (file:///C:/Users/bgstr/source/repos/nodalmerge/clients/web/sdk.js:329:13)
    at process.processTicksAndRejections (node:internal/process/task_queues:103:5)
[nodalmerge] [sdk] direct upload failed; falling back to ws Error: upload-denied: use-ws
    at directUpload (file:///C:/Users/bgstr/source/repos/nodalmerge/clients/web/sdk.js:329:13)
    at process.processTicksAndRejections (node:internal/process/task_queues:103:5)
[nodalmerge] [sdk] direct upload failed; falling back to ws Error: upload-denied: use-ws
    at directUpload (file:///C:/Users/bgstr/source/repos/nodalmerge/clients/web/sdk.js:329:13)
    at process.processTicksAndRejections (node:internal/process/task_queues:103:5)
[nodalmerge] [sdk] direct upload failed; falling back to ws Error: upload-denied: use-ws
    at directUpload (file:///C:/Users/bgstr/source/repos/nodalmerge/clients/web/sdk.js:329:13)
    at process.processTicksAndRejections (node:internal/process/task_queues:103:5)
[nodalmerge] [sdk] direct upload failed; falling back to ws Error: upload-denied: use-ws
    at directUpload (file:///C:/Users/bgstr/source/repos/nodalmerge/clients/web/sdk.js:329:13)
    at process.processTicksAndRejections (node:internal/process/task_queues:103:5)
[nodalmerge] [sdk] direct upload failed; falling back to ws Error: upload-denied: use-ws
    at directUpload (file:///C:/Users/bgstr/source/repos/nodalmerge/clients/web/sdk.js:329:13)
    at process.processTicksAndRejections (node:internal/process/task_queues:103:5)
  peers=6 iter=5 warmup=45.995ms map=109.747ms list=106.02ms blob=107.121ms
[nodalmerge] [sdk] direct upload failed; falling back to ws Error: upload-denied: use-ws
    at directUpload (file:///C:/Users/bgstr/source/repos/nodalmerge/clients/web/sdk.js:329:13)
    at process.processTicksAndRejections (node:internal/process/task_queues:103:5)
[nodalmerge] [sdk] direct upload failed; falling back to ws Error: upload-denied: use-ws
    at directUpload (file:///C:/Users/bgstr/source/repos/nodalmerge/clients/web/sdk.js:329:13)
    at process.processTicksAndRejections (node:internal/process/task_queues:103:5)
[nodalmerge] [sdk] direct upload failed; falling back to ws Error: upload-denied: use-ws
    at directUpload (file:///C:/Users/bgstr/source/repos/nodalmerge/clients/web/sdk.js:329:13)
    at process.processTicksAndRejections (node:internal/process/task_queues:103:5)
[nodalmerge] [sdk] direct upload failed; falling back to ws Error: upload-denied: use-ws
    at directUpload (file:///C:/Users/bgstr/source/repos/nodalmerge/clients/web/sdk.js:329:13)
    at process.processTicksAndRejections (node:internal/process/task_queues:103:5)
[nodalmerge] [sdk] direct upload failed; falling back to ws Error: upload-denied: use-ws
    at directUpload (file:///C:/Users/bgstr/source/repos/nodalmerge/clients/web/sdk.js:329:13)
    at process.processTicksAndRejections (node:internal/process/task_queues:103:5)
[nodalmerge] [sdk] direct upload failed; falling back to ws Error: upload-denied: use-ws
    at directUpload (file:///C:/Users/bgstr/source/repos/nodalmerge/clients/web/sdk.js:329:13)
    at process.processTicksAndRejections (node:internal/process/task_queues:103:5)
  peers=6 iter=6 warmup=45.332ms map=93.015ms list=106.65ms blob=92.391ms
[nodalmerge] [sdk] direct upload failed; falling back to ws Error: upload-denied: use-ws
    at directUpload (file:///C:/Users/bgstr/source/repos/nodalmerge/clients/web/sdk.js:329:13)
    at process.processTicksAndRejections (node:internal/process/task_queues:103:5)
[nodalmerge] [sdk] direct upload failed; falling back to ws Error: upload-denied: use-ws
    at directUpload (file:///C:/Users/bgstr/source/repos/nodalmerge/clients/web/sdk.js:329:13)
    at process.processTicksAndRejections (node:internal/process/task_queues:103:5)
[nodalmerge] [sdk] direct upload failed; falling back to ws Error: upload-denied: use-ws
    at directUpload (file:///C:/Users/bgstr/source/repos/nodalmerge/clients/web/sdk.js:329:13)
    at process.processTicksAndRejections (node:internal/process/task_queues:103:5)
[nodalmerge] [sdk] direct upload failed; falling back to ws Error: upload-denied: use-ws
    at directUpload (file:///C:/Users/bgstr/source/repos/nodalmerge/clients/web/sdk.js:329:13)
    at process.processTicksAndRejections (node:internal/process/task_queues:103:5)
[nodalmerge] [sdk] direct upload failed; falling back to ws Error: upload-denied: use-ws
    at directUpload (file:///C:/Users/bgstr/source/repos/nodalmerge/clients/web/sdk.js:329:13)
    at process.processTicksAndRejections (node:internal/process/task_queues:103:5)
[nodalmerge] [sdk] direct upload failed; falling back to ws Error: upload-denied: use-ws
    at directUpload (file:///C:/Users/bgstr/source/repos/nodalmerge/clients/web/sdk.js:329:13)
    at process.processTicksAndRejections (node:internal/process/task_queues:103:5)
  peers=6 iter=7 warmup=46.601ms map=91.702ms list=106.153ms blob=106.358ms
[nodalmerge] [sdk] direct upload failed; falling back to ws Error: upload-denied: use-ws
    at directUpload (file:///C:/Users/bgstr/source/repos/nodalmerge/clients/web/sdk.js:329:13)
    at process.processTicksAndRejections (node:internal/process/task_queues:103:5)
[nodalmerge] [sdk] direct upload failed; falling back to ws Error: upload-denied: use-ws
    at directUpload (file:///C:/Users/bgstr/source/repos/nodalmerge/clients/web/sdk.js:329:13)
    at process.processTicksAndRejections (node:internal/process/task_queues:103:5)
[nodalmerge] [sdk] direct upload failed; falling back to ws Error: upload-denied: use-ws
    at directUpload (file:///C:/Users/bgstr/source/repos/nodalmerge/clients/web/sdk.js:329:13)
    at process.processTicksAndRejections (node:internal/process/task_queues:103:5)
[nodalmerge] [sdk] direct upload failed; falling back to ws Error: upload-denied: use-ws
    at directUpload (file:///C:/Users/bgstr/source/repos/nodalmerge/clients/web/sdk.js:329:13)
    at process.processTicksAndRejections (node:internal/process/task_queues:103:5)
[nodalmerge] [sdk] direct upload failed; falling back to ws Error: upload-denied: use-ws
    at directUpload (file:///C:/Users/bgstr/source/repos/nodalmerge/clients/web/sdk.js:329:13)
    at process.processTicksAndRejections (node:internal/process/task_queues:103:5)
[nodalmerge] [sdk] direct upload failed; falling back to ws Error: upload-denied: use-ws
    at directUpload (file:///C:/Users/bgstr/source/repos/nodalmerge/clients/web/sdk.js:329:13)
    at process.processTicksAndRejections (node:internal/process/task_queues:103:5)
  peers=6 iter=8 warmup=46.314ms map=91.714ms list=105.99ms blob=91.739ms
[nodalmerge] [sdk] direct upload failed; falling back to ws Error: upload-denied: use-ws
    at directUpload (file:///C:/Users/bgstr/source/repos/nodalmerge/clients/web/sdk.js:329:13)
    at process.processTicksAndRejections (node:internal/process/task_queues:103:5)
[nodalmerge] [sdk] direct upload failed; falling back to ws Error: upload-denied: use-ws
    at directUpload (file:///C:/Users/bgstr/source/repos/nodalmerge/clients/web/sdk.js:329:13)
    at process.processTicksAndRejections (node:internal/process/task_queues:103:5)
[nodalmerge] [sdk] direct upload failed; falling back to ws Error: upload-denied: use-ws
    at directUpload (file:///C:/Users/bgstr/source/repos/nodalmerge/clients/web/sdk.js:329:13)
    at process.processTicksAndRejections (node:internal/process/task_queues:103:5)
[nodalmerge] [sdk] direct upload failed; falling back to ws Error: upload-denied: use-ws
    at directUpload (file:///C:/Users/bgstr/source/repos/nodalmerge/clients/web/sdk.js:329:13)
    at process.processTicksAndRejections (node:internal/process/task_queues:103:5)
[nodalmerge] [sdk] direct upload failed; falling back to ws Error: upload-denied: use-ws
    at directUpload (file:///C:/Users/bgstr/source/repos/nodalmerge/clients/web/sdk.js:329:13)
    at process.processTicksAndRejections (node:internal/process/task_queues:103:5)
[nodalmerge] [sdk] direct upload failed; falling back to ws Error: upload-denied: use-ws
    at directUpload (file:///C:/Users/bgstr/source/repos/nodalmerge/clients/web/sdk.js:329:13)
    at process.processTicksAndRejections (node:internal/process/task_queues:103:5)
  peers=6 iter=9 warmup=46.416ms map=107.298ms list=122.206ms blob=91.5ms
[nodalmerge] [sdk] direct upload failed; falling back to ws Error: upload-denied: use-ws
    at directUpload (file:///C:/Users/bgstr/source/repos/nodalmerge/clients/web/sdk.js:329:13)
    at process.processTicksAndRejections (node:internal/process/task_queues:103:5)
[nodalmerge] [sdk] direct upload failed; falling back to ws Error: upload-denied: use-ws
    at directUpload (file:///C:/Users/bgstr/source/repos/nodalmerge/clients/web/sdk.js:329:13)
    at process.processTicksAndRejections (node:internal/process/task_queues:103:5)
[nodalmerge] [sdk] direct upload failed; falling back to ws Error: upload-denied: use-ws
    at directUpload (file:///C:/Users/bgstr/source/repos/nodalmerge/clients/web/sdk.js:329:13)
    at process.processTicksAndRejections (node:internal/process/task_queues:103:5)
[nodalmerge] [sdk] direct upload failed; falling back to ws Error: upload-denied: use-ws
    at directUpload (file:///C:/Users/bgstr/source/repos/nodalmerge/clients/web/sdk.js:329:13)
    at process.processTicksAndRejections (node:internal/process/task_queues:103:5)
[nodalmerge] [sdk] direct upload failed; falling back to ws Error: upload-denied: use-ws
    at directUpload (file:///C:/Users/bgstr/source/repos/nodalmerge/clients/web/sdk.js:329:13)
    at process.processTicksAndRejections (node:internal/process/task_queues:103:5)
[nodalmerge] [sdk] direct upload failed; falling back to ws Error: upload-denied: use-ws
    at directUpload (file:///C:/Users/bgstr/source/repos/nodalmerge/clients/web/sdk.js:329:13)
    at process.processTicksAndRejections (node:internal/process/task_queues:103:5)
  peers=6 iter=10 warmup=45.341ms map=108.574ms list=121.609ms blob=104.731ms
[nodalmerge] [sdk] direct upload failed; falling back to ws Error: upload-denied: use-ws
    at directUpload (file:///C:/Users/bgstr/source/repos/nodalmerge/clients/web/sdk.js:329:13)
    at process.processTicksAndRejections (node:internal/process/task_queues:103:5)
[nodalmerge] [sdk] direct upload failed; falling back to ws Error: upload-denied: use-ws
    at directUpload (file:///C:/Users/bgstr/source/repos/nodalmerge/clients/web/sdk.js:329:13)
    at process.processTicksAndRejections (node:internal/process/task_queues:103:5)
[nodalmerge] [sdk] direct upload failed; falling back to ws Error: upload-denied: use-ws
    at directUpload (file:///C:/Users/bgstr/source/repos/nodalmerge/clients/web/sdk.js:329:13)
    at process.processTicksAndRejections (node:internal/process/task_queues:103:5)
[nodalmerge] [sdk] direct upload failed; falling back to ws Error: upload-denied: use-ws
    at directUpload (file:///C:/Users/bgstr/source/repos/nodalmerge/clients/web/sdk.js:329:13)
    at process.processTicksAndRejections (node:internal/process/task_queues:103:5)
[nodalmerge] [sdk] direct upload failed; falling back to ws Error: upload-denied: use-ws
    at directUpload (file:///C:/Users/bgstr/source/repos/nodalmerge/clients/web/sdk.js:329:13)
    at process.processTicksAndRejections (node:internal/process/task_queues:103:5)
[nodalmerge] [sdk] direct upload failed; falling back to ws Error: upload-denied: use-ws
    at directUpload (file:///C:/Users/bgstr/source/repos/nodalmerge/clients/web/sdk.js:329:13)
    at process.processTicksAndRejections (node:internal/process/task_queues:103:5)
  peers=6 iter=11 warmup=46.281ms map=92.31ms list=120.898ms blob=91.797ms
[nodalmerge] [sdk] direct upload failed; falling back to ws Error: upload-denied: use-ws
    at directUpload (file:///C:/Users/bgstr/source/repos/nodalmerge/clients/web/sdk.js:329:13)
    at process.processTicksAndRejections (node:internal/process/task_queues:103:5)
[nodalmerge] [sdk] direct upload failed; falling back to ws Error: upload-denied: use-ws
    at directUpload (file:///C:/Users/bgstr/source/repos/nodalmerge/clients/web/sdk.js:329:13)
    at process.processTicksAndRejections (node:internal/process/task_queues:103:5)
[nodalmerge] [sdk] direct upload failed; falling back to ws Error: upload-denied: use-ws
    at directUpload (file:///C:/Users/bgstr/source/repos/nodalmerge/clients/web/sdk.js:329:13)
    at process.processTicksAndRejections (node:internal/process/task_queues:103:5)
[nodalmerge] [sdk] direct upload failed; falling back to ws Error: upload-denied: use-ws
    at directUpload (file:///C:/Users/bgstr/source/repos/nodalmerge/clients/web/sdk.js:329:13)
    at process.processTicksAndRejections (node:internal/process/task_queues:103:5)
[nodalmerge] [sdk] direct upload failed; falling back to ws Error: upload-denied: use-ws
    at directUpload (file:///C:/Users/bgstr/source/repos/nodalmerge/clients/web/sdk.js:329:13)
    at process.processTicksAndRejections (node:internal/process/task_queues:103:5)
[nodalmerge] [sdk] direct upload failed; falling back to ws Error: upload-denied: use-ws
    at directUpload (file:///C:/Users/bgstr/source/repos/nodalmerge/clients/web/sdk.js:329:13)
    at process.processTicksAndRejections (node:internal/process/task_queues:103:5)
  peers=6 iter=12 warmup=46.057ms map=109.033ms list=106.289ms blob=92.359ms
[nodalmerge] [sdk] direct upload failed; falling back to ws Error: upload-denied: use-ws
    at directUpload (file:///C:/Users/bgstr/source/repos/nodalmerge/clients/web/sdk.js:329:13)
    at process.processTicksAndRejections (node:internal/process/task_queues:103:5)
[nodalmerge] [sdk] direct upload failed; falling back to ws Error: upload-denied: use-ws
    at directUpload (file:///C:/Users/bgstr/source/repos/nodalmerge/clients/web/sdk.js:329:13)
    at process.processTicksAndRejections (node:internal/process/task_queues:103:5)
[nodalmerge] [sdk] direct upload failed; falling back to ws Error: upload-denied: use-ws
    at directUpload (file:///C:/Users/bgstr/source/repos/nodalmerge/clients/web/sdk.js:329:13)
    at process.processTicksAndRejections (node:internal/process/task_queues:103:5)
[nodalmerge] [sdk] direct upload failed; falling back to ws Error: upload-denied: use-ws
    at directUpload (file:///C:/Users/bgstr/source/repos/nodalmerge/clients/web/sdk.js:329:13)
    at process.processTicksAndRejections (node:internal/process/task_queues:103:5)
[nodalmerge] [sdk] direct upload failed; falling back to ws Error: upload-denied: use-ws
    at directUpload (file:///C:/Users/bgstr/source/repos/nodalmerge/clients/web/sdk.js:329:13)
    at process.processTicksAndRejections (node:internal/process/task_queues:103:5)
[nodalmerge] [sdk] direct upload failed; falling back to ws Error: upload-denied: use-ws
    at directUpload (file:///C:/Users/bgstr/source/repos/nodalmerge/clients/web/sdk.js:329:13)
    at process.processTicksAndRejections (node:internal/process/task_queues:103:5)
  peers=6 iter=13 warmup=46.01ms map=109.312ms list=106.356ms blob=91.603ms
[nodalmerge] [sdk] direct upload failed; falling back to ws Error: upload-denied: use-ws
    at directUpload (file:///C:/Users/bgstr/source/repos/nodalmerge/clients/web/sdk.js:329:13)
    at process.processTicksAndRejections (node:internal/process/task_queues:103:5)
[nodalmerge] [sdk] direct upload failed; falling back to ws Error: upload-denied: use-ws
    at directUpload (file:///C:/Users/bgstr/source/repos/nodalmerge/clients/web/sdk.js:329:13)
    at process.processTicksAndRejections (node:internal/process/task_queues:103:5)
[nodalmerge] [sdk] direct upload failed; falling back to ws Error: upload-denied: use-ws
    at directUpload (file:///C:/Users/bgstr/source/repos/nodalmerge/clients/web/sdk.js:329:13)
    at process.processTicksAndRejections (node:internal/process/task_queues:103:5)
[nodalmerge] [sdk] direct upload failed; falling back to ws Error: upload-denied: use-ws
    at directUpload (file:///C:/Users/bgstr/source/repos/nodalmerge/clients/web/sdk.js:329:13)
    at process.processTicksAndRejections (node:internal/process/task_queues:103:5)
[nodalmerge] [sdk] direct upload failed; falling back to ws Error: upload-denied: use-ws
    at directUpload (file:///C:/Users/bgstr/source/repos/nodalmerge/clients/web/sdk.js:329:13)
    at process.processTicksAndRejections (node:internal/process/task_queues:103:5)
[nodalmerge] [sdk] direct upload failed; falling back to ws Error: upload-denied: use-ws
    at directUpload (file:///C:/Users/bgstr/source/repos/nodalmerge/clients/web/sdk.js:329:13)
    at process.processTicksAndRejections (node:internal/process/task_queues:103:5)
  peers=6 iter=14 warmup=46.35ms map=92.91ms list=121.022ms blob=92.183ms
  peers=6 warmup_avg=46.225ms map_samples=15 map_avg=99.132ms list_samples=15 list_avg=112.482ms blob_samples=15 blob_avg=97.011ms

Target: dotnet-host-runtime-alias (ws://127.0.0.1:8787)
  peers=6 iter=0 warmup=45.474ms map=107.031ms list=89.663ms blob=92.433ms
  peers=6 iter=1 warmup=46.273ms map=91.185ms list=105.815ms blob=91.849ms
  peers=6 iter=2 warmup=46.865ms map=93.809ms list=107.224ms blob=92.15ms
  peers=6 iter=3 warmup=45.375ms map=93.132ms list=91.743ms blob=92.441ms
  peers=6 iter=4 warmup=46.594ms map=92.289ms list=121.348ms blob=77.26ms
  peers=6 iter=5 warmup=46.611ms map=91.073ms list=107.915ms blob=91.172ms
  peers=6 iter=6 warmup=46.002ms map=93.737ms list=93.526ms blob=92.789ms
  peers=6 iter=7 warmup=46.606ms map=93.187ms list=108.018ms blob=92.1ms
  peers=6 iter=8 warmup=46.813ms map=94.242ms list=107.909ms blob=77.714ms
  peers=6 iter=9 warmup=46.248ms map=92.151ms list=107.814ms blob=76.536ms
  peers=6 iter=10 warmup=46.025ms map=93.282ms list=91.716ms blob=91.472ms
  peers=6 iter=11 warmup=45.656ms map=91.216ms list=121.995ms blob=91.569ms
  peers=6 iter=12 warmup=46.089ms map=106.582ms list=108.393ms blob=75.874ms
  peers=6 iter=13 warmup=46.171ms map=106.379ms list=92.18ms blob=77.577ms
  peers=6 iter=14 warmup=45.629ms map=91.938ms list=106.668ms blob=90.991ms
  peers=6 warmup_avg=46.162ms map_samples=15 map_avg=95.416ms list_samples=15 list_avg=104.128ms blob_samples=15 blob_avg=86.928ms

Wrote results: C:\Users\bgstr\source\repos\nodalmerge\benchmarks\results\sdk-scenarios-peers6-ops6-integrated-vs-dotnet-mongo-clean.json

Done.
using deprecated parameters for `initSync()`; pass a single object instead
SDK scenario benchmark config:
{
  "peerCounts": [
    6
  ],
  "iterations": 15,
  "mapOps": 12,
  "listOps": 12,
  "blobOps": 12,
  "blobSizeBytes": 1024,
  "warmupOps": 4,
  "timeoutMs": 45000,
  "opDelayMs": 2,
  "transport": "ws-only",
  "authMode": "none",
  "tokenExpirySecs": 3600,
  "authTokenCaps": [
    "read:bench/**",
    "write:bench/**"
  ],
  "targets": [
    "rust-integrated-hosted-server",
    "dotnet-host-runtime-alias"
  ]
}

Target: rust-integrated-hosted-server (ws://127.0.0.1:7979)
[nodalmerge] [sdk] direct upload failed; falling back to ws Error: upload-denied: use-ws
    at directUpload (file:///C:/Users/bgstr/source/repos/nodalmerge/clients/web/sdk.js:329:13)
    at process.processTicksAndRejections (node:internal/process/task_queues:103:5)
[nodalmerge] [sdk] direct upload failed; falling back to ws Error: upload-denied: use-ws
    at directUpload (file:///C:/Users/bgstr/source/repos/nodalmerge/clients/web/sdk.js:329:13)
    at process.processTicksAndRejections (node:internal/process/task_queues:103:5)
[nodalmerge] [sdk] direct upload failed; falling back to ws Error: upload-denied: use-ws
    at directUpload (file:///C:/Users/bgstr/source/repos/nodalmerge/clients/web/sdk.js:329:13)
    at process.processTicksAndRejections (node:internal/process/task_queues:103:5)
[nodalmerge] [sdk] direct upload failed; falling back to ws Error: upload-denied: use-ws
    at directUpload (file:///C:/Users/bgstr/source/repos/nodalmerge/clients/web/sdk.js:329:13)
    at process.processTicksAndRejections (node:internal/process/task_queues:103:5)
[nodalmerge] [sdk] direct upload failed; falling back to ws Error: upload-denied: use-ws
    at directUpload (file:///C:/Users/bgstr/source/repos/nodalmerge/clients/web/sdk.js:329:13)
    at process.processTicksAndRejections (node:internal/process/task_queues:103:5)
[nodalmerge] [sdk] direct upload failed; falling back to ws Error: upload-denied: use-ws
    at directUpload (file:///C:/Users/bgstr/source/repos/nodalmerge/clients/web/sdk.js:329:13)
    at process.processTicksAndRejections (node:internal/process/task_queues:103:5)
[nodalmerge] [sdk] direct upload failed; falling back to ws Error: upload-denied: use-ws
    at directUpload (file:///C:/Users/bgstr/source/repos/nodalmerge/clients/web/sdk.js:329:13)
    at process.processTicksAndRejections (node:internal/process/task_queues:103:5)
[nodalmerge] [sdk] direct upload failed; falling back to ws Error: upload-denied: use-ws
    at directUpload (file:///C:/Users/bgstr/source/repos/nodalmerge/clients/web/sdk.js:329:13)
    at process.processTicksAndRejections (node:internal/process/task_queues:103:5)
[nodalmerge] [sdk] direct upload failed; falling back to ws Error: upload-denied: use-ws
    at directUpload (file:///C:/Users/bgstr/source/repos/nodalmerge/clients/web/sdk.js:329:13)
    at process.processTicksAndRejections (node:internal/process/task_queues:103:5)
[nodalmerge] [sdk] direct upload failed; falling back to ws Error: upload-denied: use-ws
    at directUpload (file:///C:/Users/bgstr/source/repos/nodalmerge/clients/web/sdk.js:329:13)
    at process.processTicksAndRejections (node:internal/process/task_queues:103:5)
[nodalmerge] [sdk] direct upload failed; falling back to ws Error: upload-denied: use-ws
    at directUpload (file:///C:/Users/bgstr/source/repos/nodalmerge/clients/web/sdk.js:329:13)
    at process.processTicksAndRejections (node:internal/process/task_queues:103:5)
[nodalmerge] [sdk] direct upload failed; falling back to ws Error: upload-denied: use-ws
    at directUpload (file:///C:/Users/bgstr/source/repos/nodalmerge/clients/web/sdk.js:329:13)
    at process.processTicksAndRejections (node:internal/process/task_queues:103:5)
  peers=6 iter=0 warmup=47.188ms map=138.169ms list=212.122ms blob=185.071ms
[nodalmerge] [sdk] direct upload failed; falling back to ws Error: upload-denied: use-ws
    at directUpload (file:///C:/Users/bgstr/source/repos/nodalmerge/clients/web/sdk.js:329:13)
    at process.processTicksAndRejections (node:internal/process/task_queues:103:5)
[nodalmerge] [sdk] direct upload failed; falling back to ws Error: upload-denied: use-ws
    at directUpload (file:///C:/Users/bgstr/source/repos/nodalmerge/clients/web/sdk.js:329:13)
    at process.processTicksAndRejections (node:internal/process/task_queues:103:5)
[nodalmerge] [sdk] direct upload failed; falling back to ws Error: upload-denied: use-ws
    at directUpload (file:///C:/Users/bgstr/source/repos/nodalmerge/clients/web/sdk.js:329:13)
    at process.processTicksAndRejections (node:internal/process/task_queues:103:5)
[nodalmerge] [sdk] direct upload failed; falling back to ws Error: upload-denied: use-ws
    at directUpload (file:///C:/Users/bgstr/source/repos/nodalmerge/clients/web/sdk.js:329:13)
    at process.processTicksAndRejections (node:internal/process/task_queues:103:5)
[nodalmerge] [sdk] direct upload failed; falling back to ws Error: upload-denied: use-ws
    at directUpload (file:///C:/Users/bgstr/source/repos/nodalmerge/clients/web/sdk.js:329:13)
    at process.processTicksAndRejections (node:internal/process/task_queues:103:5)
[nodalmerge] [sdk] direct upload failed; falling back to ws Error: upload-denied: use-ws
    at directUpload (file:///C:/Users/bgstr/source/repos/nodalmerge/clients/web/sdk.js:329:13)
    at process.processTicksAndRejections (node:internal/process/task_queues:103:5)
[nodalmerge] [sdk] direct upload failed; falling back to ws Error: upload-denied: use-ws
    at directUpload (file:///C:/Users/bgstr/source/repos/nodalmerge/clients/web/sdk.js:329:13)
    at process.processTicksAndRejections (node:internal/process/task_queues:103:5)
[nodalmerge] [sdk] direct upload failed; falling back to ws Error: upload-denied: use-ws
    at directUpload (file:///C:/Users/bgstr/source/repos/nodalmerge/clients/web/sdk.js:329:13)
    at process.processTicksAndRejections (node:internal/process/task_queues:103:5)
[nodalmerge] [sdk] direct upload failed; falling back to ws Error: upload-denied: use-ws
    at directUpload (file:///C:/Users/bgstr/source/repos/nodalmerge/clients/web/sdk.js:329:13)
    at process.processTicksAndRejections (node:internal/process/task_queues:103:5)
[nodalmerge] [sdk] direct upload failed; falling back to ws Error: upload-denied: use-ws
    at directUpload (file:///C:/Users/bgstr/source/repos/nodalmerge/clients/web/sdk.js:329:13)
    at process.processTicksAndRejections (node:internal/process/task_queues:103:5)
[nodalmerge] [sdk] direct upload failed; falling back to ws Error: upload-denied: use-ws
    at directUpload (file:///C:/Users/bgstr/source/repos/nodalmerge/clients/web/sdk.js:329:13)
    at process.processTicksAndRejections (node:internal/process/task_queues:103:5)
[nodalmerge] [sdk] direct upload failed; falling back to ws Error: upload-denied: use-ws
    at directUpload (file:///C:/Users/bgstr/source/repos/nodalmerge/clients/web/sdk.js:329:13)
    at process.processTicksAndRejections (node:internal/process/task_queues:103:5)
  peers=6 iter=1 warmup=46.061ms map=153.045ms list=213.726ms blob=140.933ms
[nodalmerge] [sdk] direct upload failed; falling back to ws Error: upload-denied: use-ws
    at directUpload (file:///C:/Users/bgstr/source/repos/nodalmerge/clients/web/sdk.js:329:13)
    at process.processTicksAndRejections (node:internal/process/task_queues:103:5)
[nodalmerge] [sdk] direct upload failed; falling back to ws Error: upload-denied: use-ws
    at directUpload (file:///C:/Users/bgstr/source/repos/nodalmerge/clients/web/sdk.js:329:13)
    at process.processTicksAndRejections (node:internal/process/task_queues:103:5)
[nodalmerge] [sdk] direct upload failed; falling back to ws Error: upload-denied: use-ws
    at directUpload (file:///C:/Users/bgstr/source/repos/nodalmerge/clients/web/sdk.js:329:13)
    at process.processTicksAndRejections (node:internal/process/task_queues:103:5)
[nodalmerge] [sdk] direct upload failed; falling back to ws Error: upload-denied: use-ws
    at directUpload (file:///C:/Users/bgstr/source/repos/nodalmerge/clients/web/sdk.js:329:13)
    at process.processTicksAndRejections (node:internal/process/task_queues:103:5)
[nodalmerge] [sdk] direct upload failed; falling back to ws Error: upload-denied: use-ws
    at directUpload (file:///C:/Users/bgstr/source/repos/nodalmerge/clients/web/sdk.js:329:13)
    at process.processTicksAndRejections (node:internal/process/task_queues:103:5)
[nodalmerge] [sdk] direct upload failed; falling back to ws Error: upload-denied: use-ws
    at directUpload (file:///C:/Users/bgstr/source/repos/nodalmerge/clients/web/sdk.js:329:13)
    at process.processTicksAndRejections (node:internal/process/task_queues:103:5)
[nodalmerge] [sdk] direct upload failed; falling back to ws Error: upload-denied: use-ws
    at directUpload (file:///C:/Users/bgstr/source/repos/nodalmerge/clients/web/sdk.js:329:13)
    at process.processTicksAndRejections (node:internal/process/task_queues:103:5)
[nodalmerge] [sdk] direct upload failed; falling back to ws Error: upload-denied: use-ws
    at directUpload (file:///C:/Users/bgstr/source/repos/nodalmerge/clients/web/sdk.js:329:13)
    at process.processTicksAndRejections (node:internal/process/task_queues:103:5)
[nodalmerge] [sdk] direct upload failed; falling back to ws Error: upload-denied: use-ws
    at directUpload (file:///C:/Users/bgstr/source/repos/nodalmerge/clients/web/sdk.js:329:13)
    at process.processTicksAndRejections (node:internal/process/task_queues:103:5)
[nodalmerge] [sdk] direct upload failed; falling back to ws Error: upload-denied: use-ws
    at directUpload (file:///C:/Users/bgstr/source/repos/nodalmerge/clients/web/sdk.js:329:13)
    at process.processTicksAndRejections (node:internal/process/task_queues:103:5)
[nodalmerge] [sdk] direct upload failed; falling back to ws Error: upload-denied: use-ws
    at directUpload (file:///C:/Users/bgstr/source/repos/nodalmerge/clients/web/sdk.js:329:13)
    at process.processTicksAndRejections (node:internal/process/task_queues:103:5)
[nodalmerge] [sdk] direct upload failed; falling back to ws Error: upload-denied: use-ws
    at directUpload (file:///C:/Users/bgstr/source/repos/nodalmerge/clients/web/sdk.js:329:13)
    at process.processTicksAndRejections (node:internal/process/task_queues:103:5)
  peers=6 iter=2 warmup=46.379ms map=138.491ms list=214.146ms blob=170.316ms
[nodalmerge] [sdk] direct upload failed; falling back to ws Error: upload-denied: use-ws
    at directUpload (file:///C:/Users/bgstr/source/repos/nodalmerge/clients/web/sdk.js:329:13)
    at process.processTicksAndRejections (node:internal/process/task_queues:103:5)
[nodalmerge] [sdk] direct upload failed; falling back to ws Error: upload-denied: use-ws
    at directUpload (file:///C:/Users/bgstr/source/repos/nodalmerge/clients/web/sdk.js:329:13)
    at process.processTicksAndRejections (node:internal/process/task_queues:103:5)
[nodalmerge] [sdk] direct upload failed; falling back to ws Error: upload-denied: use-ws
    at directUpload (file:///C:/Users/bgstr/source/repos/nodalmerge/clients/web/sdk.js:329:13)
    at process.processTicksAndRejections (node:internal/process/task_queues:103:5)
[nodalmerge] [sdk] direct upload failed; falling back to ws Error: upload-denied: use-ws
    at directUpload (file:///C:/Users/bgstr/source/repos/nodalmerge/clients/web/sdk.js:329:13)
    at process.processTicksAndRejections (node:internal/process/task_queues:103:5)
[nodalmerge] [sdk] direct upload failed; falling back to ws Error: upload-denied: use-ws
    at directUpload (file:///C:/Users/bgstr/source/repos/nodalmerge/clients/web/sdk.js:329:13)
    at process.processTicksAndRejections (node:internal/process/task_queues:103:5)
[nodalmerge] [sdk] direct upload failed; falling back to ws Error: upload-denied: use-ws
    at directUpload (file:///C:/Users/bgstr/source/repos/nodalmerge/clients/web/sdk.js:329:13)
    at process.processTicksAndRejections (node:internal/process/task_queues:103:5)
[nodalmerge] [sdk] direct upload failed; falling back to ws Error: upload-denied: use-ws
    at directUpload (file:///C:/Users/bgstr/source/repos/nodalmerge/clients/web/sdk.js:329:13)
    at process.processTicksAndRejections (node:internal/process/task_queues:103:5)
[nodalmerge] [sdk] direct upload failed; falling back to ws Error: upload-denied: use-ws
    at directUpload (file:///C:/Users/bgstr/source/repos/nodalmerge/clients/web/sdk.js:329:13)
    at process.processTicksAndRejections (node:internal/process/task_queues:103:5)
[nodalmerge] [sdk] direct upload failed; falling back to ws Error: upload-denied: use-ws
    at directUpload (file:///C:/Users/bgstr/source/repos/nodalmerge/clients/web/sdk.js:329:13)
    at process.processTicksAndRejections (node:internal/process/task_queues:103:5)
[nodalmerge] [sdk] direct upload failed; falling back to ws Error: upload-denied: use-ws
    at directUpload (file:///C:/Users/bgstr/source/repos/nodalmerge/clients/web/sdk.js:329:13)
    at process.processTicksAndRejections (node:internal/process/task_queues:103:5)
[nodalmerge] [sdk] direct upload failed; falling back to ws Error: upload-denied: use-ws
    at directUpload (file:///C:/Users/bgstr/source/repos/nodalmerge/clients/web/sdk.js:329:13)
    at process.processTicksAndRejections (node:internal/process/task_queues:103:5)
[nodalmerge] [sdk] direct upload failed; falling back to ws Error: upload-denied: use-ws
    at directUpload (file:///C:/Users/bgstr/source/repos/nodalmerge/clients/web/sdk.js:329:13)
    at process.processTicksAndRejections (node:internal/process/task_queues:103:5)
  peers=6 iter=3 warmup=45.981ms map=139.333ms list=214.121ms blob=136.668ms
[nodalmerge] [sdk] direct upload failed; falling back to ws Error: upload-denied: use-ws
    at directUpload (file:///C:/Users/bgstr/source/repos/nodalmerge/clients/web/sdk.js:329:13)
    at process.processTicksAndRejections (node:internal/process/task_queues:103:5)
[nodalmerge] [sdk] direct upload failed; falling back to ws Error: upload-denied: use-ws
    at directUpload (file:///C:/Users/bgstr/source/repos/nodalmerge/clients/web/sdk.js:329:13)
    at process.processTicksAndRejections (node:internal/process/task_queues:103:5)
[nodalmerge] [sdk] direct upload failed; falling back to ws Error: upload-denied: use-ws
    at directUpload (file:///C:/Users/bgstr/source/repos/nodalmerge/clients/web/sdk.js:329:13)
    at process.processTicksAndRejections (node:internal/process/task_queues:103:5)
[nodalmerge] [sdk] direct upload failed; falling back to ws Error: upload-denied: use-ws
    at directUpload (file:///C:/Users/bgstr/source/repos/nodalmerge/clients/web/sdk.js:329:13)
    at process.processTicksAndRejections (node:internal/process/task_queues:103:5)
[nodalmerge] [sdk] direct upload failed; falling back to ws Error: upload-denied: use-ws
    at directUpload (file:///C:/Users/bgstr/source/repos/nodalmerge/clients/web/sdk.js:329:13)
    at process.processTicksAndRejections (node:internal/process/task_queues:103:5)
[nodalmerge] [sdk] direct upload failed; falling back to ws Error: upload-denied: use-ws
    at directUpload (file:///C:/Users/bgstr/source/repos/nodalmerge/clients/web/sdk.js:329:13)
    at process.processTicksAndRejections (node:internal/process/task_queues:103:5)
[nodalmerge] [sdk] direct upload failed; falling back to ws Error: upload-denied: use-ws
    at directUpload (file:///C:/Users/bgstr/source/repos/nodalmerge/clients/web/sdk.js:329:13)
    at process.processTicksAndRejections (node:internal/process/task_queues:103:5)
[nodalmerge] [sdk] direct upload failed; falling back to ws Error: upload-denied: use-ws
    at directUpload (file:///C:/Users/bgstr/source/repos/nodalmerge/clients/web/sdk.js:329:13)
    at process.processTicksAndRejections (node:internal/process/task_queues:103:5)
[nodalmerge] [sdk] direct upload failed; falling back to ws Error: upload-denied: use-ws
    at directUpload (file:///C:/Users/bgstr/source/repos/nodalmerge/clients/web/sdk.js:329:13)
    at process.processTicksAndRejections (node:internal/process/task_queues:103:5)
[nodalmerge] [sdk] direct upload failed; falling back to ws Error: upload-denied: use-ws
    at directUpload (file:///C:/Users/bgstr/source/repos/nodalmerge/clients/web/sdk.js:329:13)
    at process.processTicksAndRejections (node:internal/process/task_queues:103:5)
[nodalmerge] [sdk] direct upload failed; falling back to ws Error: upload-denied: use-ws
    at directUpload (file:///C:/Users/bgstr/source/repos/nodalmerge/clients/web/sdk.js:329:13)
    at process.processTicksAndRejections (node:internal/process/task_queues:103:5)
[nodalmerge] [sdk] direct upload failed; falling back to ws Error: upload-denied: use-ws
    at directUpload (file:///C:/Users/bgstr/source/repos/nodalmerge/clients/web/sdk.js:329:13)
    at process.processTicksAndRejections (node:internal/process/task_queues:103:5)
  peers=6 iter=4 warmup=45.845ms map=137.549ms list=213.985ms blob=139.816ms
[nodalmerge] [sdk] direct upload failed; falling back to ws Error: upload-denied: use-ws
    at directUpload (file:///C:/Users/bgstr/source/repos/nodalmerge/clients/web/sdk.js:329:13)
    at process.processTicksAndRejections (node:internal/process/task_queues:103:5)
[nodalmerge] [sdk] direct upload failed; falling back to ws Error: upload-denied: use-ws
    at directUpload (file:///C:/Users/bgstr/source/repos/nodalmerge/clients/web/sdk.js:329:13)
    at process.processTicksAndRejections (node:internal/process/task_queues:103:5)
[nodalmerge] [sdk] direct upload failed; falling back to ws Error: upload-denied: use-ws
    at directUpload (file:///C:/Users/bgstr/source/repos/nodalmerge/clients/web/sdk.js:329:13)
    at process.processTicksAndRejections (node:internal/process/task_queues:103:5)
[nodalmerge] [sdk] direct upload failed; falling back to ws Error: upload-denied: use-ws
    at directUpload (file:///C:/Users/bgstr/source/repos/nodalmerge/clients/web/sdk.js:329:13)
    at process.processTicksAndRejections (node:internal/process/task_queues:103:5)
[nodalmerge] [sdk] direct upload failed; falling back to ws Error: upload-denied: use-ws
    at directUpload (file:///C:/Users/bgstr/source/repos/nodalmerge/clients/web/sdk.js:329:13)
    at process.processTicksAndRejections (node:internal/process/task_queues:103:5)
[nodalmerge] [sdk] direct upload failed; falling back to ws Error: upload-denied: use-ws
    at directUpload (file:///C:/Users/bgstr/source/repos/nodalmerge/clients/web/sdk.js:329:13)
    at process.processTicksAndRejections (node:internal/process/task_queues:103:5)
[nodalmerge] [sdk] direct upload failed; falling back to ws Error: upload-denied: use-ws
    at directUpload (file:///C:/Users/bgstr/source/repos/nodalmerge/clients/web/sdk.js:329:13)
    at process.processTicksAndRejections (node:internal/process/task_queues:103:5)
[nodalmerge] [sdk] direct upload failed; falling back to ws Error: upload-denied: use-ws
    at directUpload (file:///C:/Users/bgstr/source/repos/nodalmerge/clients/web/sdk.js:329:13)
    at process.processTicksAndRejections (node:internal/process/task_queues:103:5)
[nodalmerge] [sdk] direct upload failed; falling back to ws Error: upload-denied: use-ws
    at directUpload (file:///C:/Users/bgstr/source/repos/nodalmerge/clients/web/sdk.js:329:13)
    at process.processTicksAndRejections (node:internal/process/task_queues:103:5)
[nodalmerge] [sdk] direct upload failed; falling back to ws Error: upload-denied: use-ws
    at directUpload (file:///C:/Users/bgstr/source/repos/nodalmerge/clients/web/sdk.js:329:13)
    at process.processTicksAndRejections (node:internal/process/task_queues:103:5)
[nodalmerge] [sdk] direct upload failed; falling back to ws Error: upload-denied: use-ws
    at directUpload (file:///C:/Users/bgstr/source/repos/nodalmerge/clients/web/sdk.js:329:13)
    at process.processTicksAndRejections (node:internal/process/task_queues:103:5)
[nodalmerge] [sdk] direct upload failed; falling back to ws Error: upload-denied: use-ws
    at directUpload (file:///C:/Users/bgstr/source/repos/nodalmerge/clients/web/sdk.js:329:13)
    at process.processTicksAndRejections (node:internal/process/task_queues:103:5)
  peers=6 iter=5 warmup=46.435ms map=157.309ms list=212.252ms blob=139.127ms
[nodalmerge] [sdk] direct upload failed; falling back to ws Error: upload-denied: use-ws
    at directUpload (file:///C:/Users/bgstr/source/repos/nodalmerge/clients/web/sdk.js:329:13)
    at process.processTicksAndRejections (node:internal/process/task_queues:103:5)
[nodalmerge] [sdk] direct upload failed; falling back to ws Error: upload-denied: use-ws
    at directUpload (file:///C:/Users/bgstr/source/repos/nodalmerge/clients/web/sdk.js:329:13)
    at process.processTicksAndRejections (node:internal/process/task_queues:103:5)
[nodalmerge] [sdk] direct upload failed; falling back to ws Error: upload-denied: use-ws
    at directUpload (file:///C:/Users/bgstr/source/repos/nodalmerge/clients/web/sdk.js:329:13)
    at process.processTicksAndRejections (node:internal/process/task_queues:103:5)
[nodalmerge] [sdk] direct upload failed; falling back to ws Error: upload-denied: use-ws
    at directUpload (file:///C:/Users/bgstr/source/repos/nodalmerge/clients/web/sdk.js:329:13)
    at process.processTicksAndRejections (node:internal/process/task_queues:103:5)
[nodalmerge] [sdk] direct upload failed; falling back to ws Error: upload-denied: use-ws
    at directUpload (file:///C:/Users/bgstr/source/repos/nodalmerge/clients/web/sdk.js:329:13)
    at process.processTicksAndRejections (node:internal/process/task_queues:103:5)
[nodalmerge] [sdk] direct upload failed; falling back to ws Error: upload-denied: use-ws
    at directUpload (file:///C:/Users/bgstr/source/repos/nodalmerge/clients/web/sdk.js:329:13)
    at process.processTicksAndRejections (node:internal/process/task_queues:103:5)
[nodalmerge] [sdk] direct upload failed; falling back to ws Error: upload-denied: use-ws
    at directUpload (file:///C:/Users/bgstr/source/repos/nodalmerge/clients/web/sdk.js:329:13)
    at process.processTicksAndRejections (node:internal/process/task_queues:103:5)
[nodalmerge] [sdk] direct upload failed; falling back to ws Error: upload-denied: use-ws
    at directUpload (file:///C:/Users/bgstr/source/repos/nodalmerge/clients/web/sdk.js:329:13)
    at process.processTicksAndRejections (node:internal/process/task_queues:103:5)
[nodalmerge] [sdk] direct upload failed; falling back to ws Error: upload-denied: use-ws
    at directUpload (file:///C:/Users/bgstr/source/repos/nodalmerge/clients/web/sdk.js:329:13)
    at process.processTicksAndRejections (node:internal/process/task_queues:103:5)
[nodalmerge] [sdk] direct upload failed; falling back to ws Error: upload-denied: use-ws
    at directUpload (file:///C:/Users/bgstr/source/repos/nodalmerge/clients/web/sdk.js:329:13)
    at process.processTicksAndRejections (node:internal/process/task_queues:103:5)
[nodalmerge] [sdk] direct upload failed; falling back to ws Error: upload-denied: use-ws
    at directUpload (file:///C:/Users/bgstr/source/repos/nodalmerge/clients/web/sdk.js:329:13)
    at process.processTicksAndRejections (node:internal/process/task_queues:103:5)
[nodalmerge] [sdk] direct upload failed; falling back to ws Error: upload-denied: use-ws
    at directUpload (file:///C:/Users/bgstr/source/repos/nodalmerge/clients/web/sdk.js:329:13)
    at process.processTicksAndRejections (node:internal/process/task_queues:103:5)
  peers=6 iter=6 warmup=46.637ms map=154.43ms list=213.382ms blob=138.085ms
[nodalmerge] [sdk] direct upload failed; falling back to ws Error: upload-denied: use-ws
    at directUpload (file:///C:/Users/bgstr/source/repos/nodalmerge/clients/web/sdk.js:329:13)
    at process.processTicksAndRejections (node:internal/process/task_queues:103:5)
[nodalmerge] [sdk] direct upload failed; falling back to ws Error: upload-denied: use-ws
    at directUpload (file:///C:/Users/bgstr/source/repos/nodalmerge/clients/web/sdk.js:329:13)
    at process.processTicksAndRejections (node:internal/process/task_queues:103:5)
[nodalmerge] [sdk] direct upload failed; falling back to ws Error: upload-denied: use-ws
    at directUpload (file:///C:/Users/bgstr/source/repos/nodalmerge/clients/web/sdk.js:329:13)
    at process.processTicksAndRejections (node:internal/process/task_queues:103:5)
[nodalmerge] [sdk] direct upload failed; falling back to ws Error: upload-denied: use-ws
    at directUpload (file:///C:/Users/bgstr/source/repos/nodalmerge/clients/web/sdk.js:329:13)
    at process.processTicksAndRejections (node:internal/process/task_queues:103:5)
[nodalmerge] [sdk] direct upload failed; falling back to ws Error: upload-denied: use-ws
    at directUpload (file:///C:/Users/bgstr/source/repos/nodalmerge/clients/web/sdk.js:329:13)
    at process.processTicksAndRejections (node:internal/process/task_queues:103:5)
[nodalmerge] [sdk] direct upload failed; falling back to ws Error: upload-denied: use-ws
    at directUpload (file:///C:/Users/bgstr/source/repos/nodalmerge/clients/web/sdk.js:329:13)
    at process.processTicksAndRejections (node:internal/process/task_queues:103:5)
[nodalmerge] [sdk] direct upload failed; falling back to ws Error: upload-denied: use-ws
    at directUpload (file:///C:/Users/bgstr/source/repos/nodalmerge/clients/web/sdk.js:329:13)
    at process.processTicksAndRejections (node:internal/process/task_queues:103:5)
[nodalmerge] [sdk] direct upload failed; falling back to ws Error: upload-denied: use-ws
    at directUpload (file:///C:/Users/bgstr/source/repos/nodalmerge/clients/web/sdk.js:329:13)
    at process.processTicksAndRejections (node:internal/process/task_queues:103:5)
[nodalmerge] [sdk] direct upload failed; falling back to ws Error: upload-denied: use-ws
    at directUpload (file:///C:/Users/bgstr/source/repos/nodalmerge/clients/web/sdk.js:329:13)
    at process.processTicksAndRejections (node:internal/process/task_queues:103:5)
[nodalmerge] [sdk] direct upload failed; falling back to ws Error: upload-denied: use-ws
    at directUpload (file:///C:/Users/bgstr/source/repos/nodalmerge/clients/web/sdk.js:329:13)
    at process.processTicksAndRejections (node:internal/process/task_queues:103:5)
[nodalmerge] [sdk] direct upload failed; falling back to ws Error: upload-denied: use-ws
    at directUpload (file:///C:/Users/bgstr/source/repos/nodalmerge/clients/web/sdk.js:329:13)
    at process.processTicksAndRejections (node:internal/process/task_queues:103:5)
[nodalmerge] [sdk] direct upload failed; falling back to ws Error: upload-denied: use-ws
    at directUpload (file:///C:/Users/bgstr/source/repos/nodalmerge/clients/web/sdk.js:329:13)
    at process.processTicksAndRejections (node:internal/process/task_queues:103:5)
  peers=6 iter=7 warmup=46.214ms map=137.383ms list=213.569ms blob=184.301ms
[nodalmerge] [sdk] direct upload failed; falling back to ws Error: upload-denied: use-ws
    at directUpload (file:///C:/Users/bgstr/source/repos/nodalmerge/clients/web/sdk.js:329:13)
    at process.processTicksAndRejections (node:internal/process/task_queues:103:5)
[nodalmerge] [sdk] direct upload failed; falling back to ws Error: upload-denied: use-ws
    at directUpload (file:///C:/Users/bgstr/source/repos/nodalmerge/clients/web/sdk.js:329:13)
    at process.processTicksAndRejections (node:internal/process/task_queues:103:5)
[nodalmerge] [sdk] direct upload failed; falling back to ws Error: upload-denied: use-ws
    at directUpload (file:///C:/Users/bgstr/source/repos/nodalmerge/clients/web/sdk.js:329:13)
    at process.processTicksAndRejections (node:internal/process/task_queues:103:5)
[nodalmerge] [sdk] direct upload failed; falling back to ws Error: upload-denied: use-ws
    at directUpload (file:///C:/Users/bgstr/source/repos/nodalmerge/clients/web/sdk.js:329:13)
    at process.processTicksAndRejections (node:internal/process/task_queues:103:5)
[nodalmerge] [sdk] direct upload failed; falling back to ws Error: upload-denied: use-ws
    at directUpload (file:///C:/Users/bgstr/source/repos/nodalmerge/clients/web/sdk.js:329:13)
    at process.processTicksAndRejections (node:internal/process/task_queues:103:5)
[nodalmerge] [sdk] direct upload failed; falling back to ws Error: upload-denied: use-ws
    at directUpload (file:///C:/Users/bgstr/source/repos/nodalmerge/clients/web/sdk.js:329:13)
    at process.processTicksAndRejections (node:internal/process/task_queues:103:5)
[nodalmerge] [sdk] direct upload failed; falling back to ws Error: upload-denied: use-ws
    at directUpload (file:///C:/Users/bgstr/source/repos/nodalmerge/clients/web/sdk.js:329:13)
    at process.processTicksAndRejections (node:internal/process/task_queues:103:5)
[nodalmerge] [sdk] direct upload failed; falling back to ws Error: upload-denied: use-ws
    at directUpload (file:///C:/Users/bgstr/source/repos/nodalmerge/clients/web/sdk.js:329:13)
    at process.processTicksAndRejections (node:internal/process/task_queues:103:5)
[nodalmerge] [sdk] direct upload failed; falling back to ws Error: upload-denied: use-ws
    at directUpload (file:///C:/Users/bgstr/source/repos/nodalmerge/clients/web/sdk.js:329:13)
    at process.processTicksAndRejections (node:internal/process/task_queues:103:5)
[nodalmerge] [sdk] direct upload failed; falling back to ws Error: upload-denied: use-ws
    at directUpload (file:///C:/Users/bgstr/source/repos/nodalmerge/clients/web/sdk.js:329:13)
    at process.processTicksAndRejections (node:internal/process/task_queues:103:5)
[nodalmerge] [sdk] direct upload failed; falling back to ws Error: upload-denied: use-ws
    at directUpload (file:///C:/Users/bgstr/source/repos/nodalmerge/clients/web/sdk.js:329:13)
    at process.processTicksAndRejections (node:internal/process/task_queues:103:5)
[nodalmerge] [sdk] direct upload failed; falling back to ws Error: upload-denied: use-ws
    at directUpload (file:///C:/Users/bgstr/source/repos/nodalmerge/clients/web/sdk.js:329:13)
    at process.processTicksAndRejections (node:internal/process/task_queues:103:5)
  peers=6 iter=8 warmup=47.355ms map=138.862ms list=213.444ms blob=138.273ms
[nodalmerge] [sdk] direct upload failed; falling back to ws Error: upload-denied: use-ws
    at directUpload (file:///C:/Users/bgstr/source/repos/nodalmerge/clients/web/sdk.js:329:13)
    at process.processTicksAndRejections (node:internal/process/task_queues:103:5)
[nodalmerge] [sdk] direct upload failed; falling back to ws Error: upload-denied: use-ws
    at directUpload (file:///C:/Users/bgstr/source/repos/nodalmerge/clients/web/sdk.js:329:13)
    at process.processTicksAndRejections (node:internal/process/task_queues:103:5)
[nodalmerge] [sdk] direct upload failed; falling back to ws Error: upload-denied: use-ws
    at directUpload (file:///C:/Users/bgstr/source/repos/nodalmerge/clients/web/sdk.js:329:13)
    at process.processTicksAndRejections (node:internal/process/task_queues:103:5)
[nodalmerge] [sdk] direct upload failed; falling back to ws Error: upload-denied: use-ws
    at directUpload (file:///C:/Users/bgstr/source/repos/nodalmerge/clients/web/sdk.js:329:13)
    at process.processTicksAndRejections (node:internal/process/task_queues:103:5)
[nodalmerge] [sdk] direct upload failed; falling back to ws Error: upload-denied: use-ws
    at directUpload (file:///C:/Users/bgstr/source/repos/nodalmerge/clients/web/sdk.js:329:13)
    at process.processTicksAndRejections (node:internal/process/task_queues:103:5)
[nodalmerge] [sdk] direct upload failed; falling back to ws Error: upload-denied: use-ws
    at directUpload (file:///C:/Users/bgstr/source/repos/nodalmerge/clients/web/sdk.js:329:13)
    at process.processTicksAndRejections (node:internal/process/task_queues:103:5)
[nodalmerge] [sdk] direct upload failed; falling back to ws Error: upload-denied: use-ws
    at directUpload (file:///C:/Users/bgstr/source/repos/nodalmerge/clients/web/sdk.js:329:13)
    at process.processTicksAndRejections (node:internal/process/task_queues:103:5)
[nodalmerge] [sdk] direct upload failed; falling back to ws Error: upload-denied: use-ws
    at directUpload (file:///C:/Users/bgstr/source/repos/nodalmerge/clients/web/sdk.js:329:13)
    at process.processTicksAndRejections (node:internal/process/task_queues:103:5)
[nodalmerge] [sdk] direct upload failed; falling back to ws Error: upload-denied: use-ws
    at directUpload (file:///C:/Users/bgstr/source/repos/nodalmerge/clients/web/sdk.js:329:13)
    at process.processTicksAndRejections (node:internal/process/task_queues:103:5)
[nodalmerge] [sdk] direct upload failed; falling back to ws Error: upload-denied: use-ws
    at directUpload (file:///C:/Users/bgstr/source/repos/nodalmerge/clients/web/sdk.js:329:13)
    at process.processTicksAndRejections (node:internal/process/task_queues:103:5)
[nodalmerge] [sdk] direct upload failed; falling back to ws Error: upload-denied: use-ws
    at directUpload (file:///C:/Users/bgstr/source/repos/nodalmerge/clients/web/sdk.js:329:13)
    at process.processTicksAndRejections (node:internal/process/task_queues:103:5)
[nodalmerge] [sdk] direct upload failed; falling back to ws Error: upload-denied: use-ws
    at directUpload (file:///C:/Users/bgstr/source/repos/nodalmerge/clients/web/sdk.js:329:13)
    at process.processTicksAndRejections (node:internal/process/task_queues:103:5)
  peers=6 iter=9 warmup=45.324ms map=138.866ms list=212.774ms blob=155.325ms
[nodalmerge] [sdk] direct upload failed; falling back to ws Error: upload-denied: use-ws
    at directUpload (file:///C:/Users/bgstr/source/repos/nodalmerge/clients/web/sdk.js:329:13)
    at process.processTicksAndRejections (node:internal/process/task_queues:103:5)
[nodalmerge] [sdk] direct upload failed; falling back to ws Error: upload-denied: use-ws
    at directUpload (file:///C:/Users/bgstr/source/repos/nodalmerge/clients/web/sdk.js:329:13)
    at process.processTicksAndRejections (node:internal/process/task_queues:103:5)
[nodalmerge] [sdk] direct upload failed; falling back to ws Error: upload-denied: use-ws
    at directUpload (file:///C:/Users/bgstr/source/repos/nodalmerge/clients/web/sdk.js:329:13)
    at process.processTicksAndRejections (node:internal/process/task_queues:103:5)
[nodalmerge] [sdk] direct upload failed; falling back to ws Error: upload-denied: use-ws
    at directUpload (file:///C:/Users/bgstr/source/repos/nodalmerge/clients/web/sdk.js:329:13)
    at process.processTicksAndRejections (node:internal/process/task_queues:103:5)
[nodalmerge] [sdk] direct upload failed; falling back to ws Error: upload-denied: use-ws
    at directUpload (file:///C:/Users/bgstr/source/repos/nodalmerge/clients/web/sdk.js:329:13)
    at process.processTicksAndRejections (node:internal/process/task_queues:103:5)
[nodalmerge] [sdk] direct upload failed; falling back to ws Error: upload-denied: use-ws
    at directUpload (file:///C:/Users/bgstr/source/repos/nodalmerge/clients/web/sdk.js:329:13)
    at process.processTicksAndRejections (node:internal/process/task_queues:103:5)
[nodalmerge] [sdk] direct upload failed; falling back to ws Error: upload-denied: use-ws
    at directUpload (file:///C:/Users/bgstr/source/repos/nodalmerge/clients/web/sdk.js:329:13)
    at process.processTicksAndRejections (node:internal/process/task_queues:103:5)
[nodalmerge] [sdk] direct upload failed; falling back to ws Error: upload-denied: use-ws
    at directUpload (file:///C:/Users/bgstr/source/repos/nodalmerge/clients/web/sdk.js:329:13)
    at process.processTicksAndRejections (node:internal/process/task_queues:103:5)
[nodalmerge] [sdk] direct upload failed; falling back to ws Error: upload-denied: use-ws
    at directUpload (file:///C:/Users/bgstr/source/repos/nodalmerge/clients/web/sdk.js:329:13)
    at process.processTicksAndRejections (node:internal/process/task_queues:103:5)
[nodalmerge] [sdk] direct upload failed; falling back to ws Error: upload-denied: use-ws
    at directUpload (file:///C:/Users/bgstr/source/repos/nodalmerge/clients/web/sdk.js:329:13)
    at process.processTicksAndRejections (node:internal/process/task_queues:103:5)
[nodalmerge] [sdk] direct upload failed; falling back to ws Error: upload-denied: use-ws
    at directUpload (file:///C:/Users/bgstr/source/repos/nodalmerge/clients/web/sdk.js:329:13)
    at process.processTicksAndRejections (node:internal/process/task_queues:103:5)
[nodalmerge] [sdk] direct upload failed; falling back to ws Error: upload-denied: use-ws
    at directUpload (file:///C:/Users/bgstr/source/repos/nodalmerge/clients/web/sdk.js:329:13)
    at process.processTicksAndRejections (node:internal/process/task_queues:103:5)
  peers=6 iter=10 warmup=45.841ms map=151.326ms list=213.961ms blob=138.175ms
[nodalmerge] [sdk] direct upload failed; falling back to ws Error: upload-denied: use-ws
    at directUpload (file:///C:/Users/bgstr/source/repos/nodalmerge/clients/web/sdk.js:329:13)
    at process.processTicksAndRejections (node:internal/process/task_queues:103:5)
[nodalmerge] [sdk] direct upload failed; falling back to ws Error: upload-denied: use-ws
    at directUpload (file:///C:/Users/bgstr/source/repos/nodalmerge/clients/web/sdk.js:329:13)
    at process.processTicksAndRejections (node:internal/process/task_queues:103:5)
[nodalmerge] [sdk] direct upload failed; falling back to ws Error: upload-denied: use-ws
    at directUpload (file:///C:/Users/bgstr/source/repos/nodalmerge/clients/web/sdk.js:329:13)
    at process.processTicksAndRejections (node:internal/process/task_queues:103:5)
[nodalmerge] [sdk] direct upload failed; falling back to ws Error: upload-denied: use-ws
    at directUpload (file:///C:/Users/bgstr/source/repos/nodalmerge/clients/web/sdk.js:329:13)
    at process.processTicksAndRejections (node:internal/process/task_queues:103:5)
[nodalmerge] [sdk] direct upload failed; falling back to ws Error: upload-denied: use-ws
    at directUpload (file:///C:/Users/bgstr/source/repos/nodalmerge/clients/web/sdk.js:329:13)
    at process.processTicksAndRejections (node:internal/process/task_queues:103:5)
[nodalmerge] [sdk] direct upload failed; falling back to ws Error: upload-denied: use-ws
    at directUpload (file:///C:/Users/bgstr/source/repos/nodalmerge/clients/web/sdk.js:329:13)
    at process.processTicksAndRejections (node:internal/process/task_queues:103:5)
[nodalmerge] [sdk] direct upload failed; falling back to ws Error: upload-denied: use-ws
    at directUpload (file:///C:/Users/bgstr/source/repos/nodalmerge/clients/web/sdk.js:329:13)
    at process.processTicksAndRejections (node:internal/process/task_queues:103:5)
[nodalmerge] [sdk] direct upload failed; falling back to ws Error: upload-denied: use-ws
    at directUpload (file:///C:/Users/bgstr/source/repos/nodalmerge/clients/web/sdk.js:329:13)
    at process.processTicksAndRejections (node:internal/process/task_queues:103:5)
[nodalmerge] [sdk] direct upload failed; falling back to ws Error: upload-denied: use-ws
    at directUpload (file:///C:/Users/bgstr/source/repos/nodalmerge/clients/web/sdk.js:329:13)
    at process.processTicksAndRejections (node:internal/process/task_queues:103:5)
[nodalmerge] [sdk] direct upload failed; falling back to ws Error: upload-denied: use-ws
    at directUpload (file:///C:/Users/bgstr/source/repos/nodalmerge/clients/web/sdk.js:329:13)
    at process.processTicksAndRejections (node:internal/process/task_queues:103:5)
[nodalmerge] [sdk] direct upload failed; falling back to ws Error: upload-denied: use-ws
    at directUpload (file:///C:/Users/bgstr/source/repos/nodalmerge/clients/web/sdk.js:329:13)
    at process.processTicksAndRejections (node:internal/process/task_queues:103:5)
[nodalmerge] [sdk] direct upload failed; falling back to ws Error: upload-denied: use-ws
    at directUpload (file:///C:/Users/bgstr/source/repos/nodalmerge/clients/web/sdk.js:329:13)
    at process.processTicksAndRejections (node:internal/process/task_queues:103:5)
  peers=6 iter=11 warmup=47.506ms map=154.761ms list=214.802ms blob=184.754ms
[nodalmerge] [sdk] direct upload failed; falling back to ws Error: upload-denied: use-ws
    at directUpload (file:///C:/Users/bgstr/source/repos/nodalmerge/clients/web/sdk.js:329:13)
    at process.processTicksAndRejections (node:internal/process/task_queues:103:5)
[nodalmerge] [sdk] direct upload failed; falling back to ws Error: upload-denied: use-ws
    at directUpload (file:///C:/Users/bgstr/source/repos/nodalmerge/clients/web/sdk.js:329:13)
    at process.processTicksAndRejections (node:internal/process/task_queues:103:5)
[nodalmerge] [sdk] direct upload failed; falling back to ws Error: upload-denied: use-ws
    at directUpload (file:///C:/Users/bgstr/source/repos/nodalmerge/clients/web/sdk.js:329:13)
    at process.processTicksAndRejections (node:internal/process/task_queues:103:5)
[nodalmerge] [sdk] direct upload failed; falling back to ws Error: upload-denied: use-ws
    at directUpload (file:///C:/Users/bgstr/source/repos/nodalmerge/clients/web/sdk.js:329:13)
    at process.processTicksAndRejections (node:internal/process/task_queues:103:5)
[nodalmerge] [sdk] direct upload failed; falling back to ws Error: upload-denied: use-ws
    at directUpload (file:///C:/Users/bgstr/source/repos/nodalmerge/clients/web/sdk.js:329:13)
    at process.processTicksAndRejections (node:internal/process/task_queues:103:5)
[nodalmerge] [sdk] direct upload failed; falling back to ws Error: upload-denied: use-ws
    at directUpload (file:///C:/Users/bgstr/source/repos/nodalmerge/clients/web/sdk.js:329:13)
    at process.processTicksAndRejections (node:internal/process/task_queues:103:5)
[nodalmerge] [sdk] direct upload failed; falling back to ws Error: upload-denied: use-ws
    at directUpload (file:///C:/Users/bgstr/source/repos/nodalmerge/clients/web/sdk.js:329:13)
    at process.processTicksAndRejections (node:internal/process/task_queues:103:5)
[nodalmerge] [sdk] direct upload failed; falling back to ws Error: upload-denied: use-ws
    at directUpload (file:///C:/Users/bgstr/source/repos/nodalmerge/clients/web/sdk.js:329:13)
    at process.processTicksAndRejections (node:internal/process/task_queues:103:5)
[nodalmerge] [sdk] direct upload failed; falling back to ws Error: upload-denied: use-ws
    at directUpload (file:///C:/Users/bgstr/source/repos/nodalmerge/clients/web/sdk.js:329:13)
    at process.processTicksAndRejections (node:internal/process/task_queues:103:5)
[nodalmerge] [sdk] direct upload failed; falling back to ws Error: upload-denied: use-ws
    at directUpload (file:///C:/Users/bgstr/source/repos/nodalmerge/clients/web/sdk.js:329:13)
    at process.processTicksAndRejections (node:internal/process/task_queues:103:5)
[nodalmerge] [sdk] direct upload failed; falling back to ws Error: upload-denied: use-ws
    at directUpload (file:///C:/Users/bgstr/source/repos/nodalmerge/clients/web/sdk.js:329:13)
    at process.processTicksAndRejections (node:internal/process/task_queues:103:5)
[nodalmerge] [sdk] direct upload failed; falling back to ws Error: upload-denied: use-ws
    at directUpload (file:///C:/Users/bgstr/source/repos/nodalmerge/clients/web/sdk.js:329:13)
    at process.processTicksAndRejections (node:internal/process/task_queues:103:5)
  peers=6 iter=12 warmup=46.629ms map=154.423ms list=214.32ms blob=137.843ms
[nodalmerge] [sdk] direct upload failed; falling back to ws Error: upload-denied: use-ws
    at directUpload (file:///C:/Users/bgstr/source/repos/nodalmerge/clients/web/sdk.js:329:13)
    at process.processTicksAndRejections (node:internal/process/task_queues:103:5)
[nodalmerge] [sdk] direct upload failed; falling back to ws Error: upload-denied: use-ws
    at directUpload (file:///C:/Users/bgstr/source/repos/nodalmerge/clients/web/sdk.js:329:13)
    at process.processTicksAndRejections (node:internal/process/task_queues:103:5)
[nodalmerge] [sdk] direct upload failed; falling back to ws Error: upload-denied: use-ws
    at directUpload (file:///C:/Users/bgstr/source/repos/nodalmerge/clients/web/sdk.js:329:13)
    at process.processTicksAndRejections (node:internal/process/task_queues:103:5)
[nodalmerge] [sdk] direct upload failed; falling back to ws Error: upload-denied: use-ws
    at directUpload (file:///C:/Users/bgstr/source/repos/nodalmerge/clients/web/sdk.js:329:13)
    at process.processTicksAndRejections (node:internal/process/task_queues:103:5)
[nodalmerge] [sdk] direct upload failed; falling back to ws Error: upload-denied: use-ws
    at directUpload (file:///C:/Users/bgstr/source/repos/nodalmerge/clients/web/sdk.js:329:13)
    at process.processTicksAndRejections (node:internal/process/task_queues:103:5)
[nodalmerge] [sdk] direct upload failed; falling back to ws Error: upload-denied: use-ws
    at directUpload (file:///C:/Users/bgstr/source/repos/nodalmerge/clients/web/sdk.js:329:13)
    at process.processTicksAndRejections (node:internal/process/task_queues:103:5)
[nodalmerge] [sdk] direct upload failed; falling back to ws Error: upload-denied: use-ws
    at directUpload (file:///C:/Users/bgstr/source/repos/nodalmerge/clients/web/sdk.js:329:13)
    at process.processTicksAndRejections (node:internal/process/task_queues:103:5)
[nodalmerge] [sdk] direct upload failed; falling back to ws Error: upload-denied: use-ws
    at directUpload (file:///C:/Users/bgstr/source/repos/nodalmerge/clients/web/sdk.js:329:13)
    at process.processTicksAndRejections (node:internal/process/task_queues:103:5)
[nodalmerge] [sdk] direct upload failed; falling back to ws Error: upload-denied: use-ws
    at directUpload (file:///C:/Users/bgstr/source/repos/nodalmerge/clients/web/sdk.js:329:13)
    at process.processTicksAndRejections (node:internal/process/task_queues:103:5)
[nodalmerge] [sdk] direct upload failed; falling back to ws Error: upload-denied: use-ws
    at directUpload (file:///C:/Users/bgstr/source/repos/nodalmerge/clients/web/sdk.js:329:13)
    at process.processTicksAndRejections (node:internal/process/task_queues:103:5)
[nodalmerge] [sdk] direct upload failed; falling back to ws Error: upload-denied: use-ws
    at directUpload (file:///C:/Users/bgstr/source/repos/nodalmerge/clients/web/sdk.js:329:13)
    at process.processTicksAndRejections (node:internal/process/task_queues:103:5)
[nodalmerge] [sdk] direct upload failed; falling back to ws Error: upload-denied: use-ws
    at directUpload (file:///C:/Users/bgstr/source/repos/nodalmerge/clients/web/sdk.js:329:13)
    at process.processTicksAndRejections (node:internal/process/task_queues:103:5)
  peers=6 iter=13 warmup=46.24ms map=154.268ms list=214.479ms blob=139.407ms
[nodalmerge] [sdk] direct upload failed; falling back to ws Error: upload-denied: use-ws
    at directUpload (file:///C:/Users/bgstr/source/repos/nodalmerge/clients/web/sdk.js:329:13)
    at process.processTicksAndRejections (node:internal/process/task_queues:103:5)
[nodalmerge] [sdk] direct upload failed; falling back to ws Error: upload-denied: use-ws
    at directUpload (file:///C:/Users/bgstr/source/repos/nodalmerge/clients/web/sdk.js:329:13)
    at process.processTicksAndRejections (node:internal/process/task_queues:103:5)
[nodalmerge] [sdk] direct upload failed; falling back to ws Error: upload-denied: use-ws
    at directUpload (file:///C:/Users/bgstr/source/repos/nodalmerge/clients/web/sdk.js:329:13)
    at process.processTicksAndRejections (node:internal/process/task_queues:103:5)
[nodalmerge] [sdk] direct upload failed; falling back to ws Error: upload-denied: use-ws
    at directUpload (file:///C:/Users/bgstr/source/repos/nodalmerge/clients/web/sdk.js:329:13)
    at process.processTicksAndRejections (node:internal/process/task_queues:103:5)
[nodalmerge] [sdk] direct upload failed; falling back to ws Error: upload-denied: use-ws
    at directUpload (file:///C:/Users/bgstr/source/repos/nodalmerge/clients/web/sdk.js:329:13)
    at process.processTicksAndRejections (node:internal/process/task_queues:103:5)
[nodalmerge] [sdk] direct upload failed; falling back to ws Error: upload-denied: use-ws
    at directUpload (file:///C:/Users/bgstr/source/repos/nodalmerge/clients/web/sdk.js:329:13)
    at process.processTicksAndRejections (node:internal/process/task_queues:103:5)
[nodalmerge] [sdk] direct upload failed; falling back to ws Error: upload-denied: use-ws
    at directUpload (file:///C:/Users/bgstr/source/repos/nodalmerge/clients/web/sdk.js:329:13)
    at process.processTicksAndRejections (node:internal/process/task_queues:103:5)
[nodalmerge] [sdk] direct upload failed; falling back to ws Error: upload-denied: use-ws
    at directUpload (file:///C:/Users/bgstr/source/repos/nodalmerge/clients/web/sdk.js:329:13)
    at process.processTicksAndRejections (node:internal/process/task_queues:103:5)
[nodalmerge] [sdk] direct upload failed; falling back to ws Error: upload-denied: use-ws
    at directUpload (file:///C:/Users/bgstr/source/repos/nodalmerge/clients/web/sdk.js:329:13)
    at process.processTicksAndRejections (node:internal/process/task_queues:103:5)
[nodalmerge] [sdk] direct upload failed; falling back to ws Error: upload-denied: use-ws
    at directUpload (file:///C:/Users/bgstr/source/repos/nodalmerge/clients/web/sdk.js:329:13)
    at process.processTicksAndRejections (node:internal/process/task_queues:103:5)
[nodalmerge] [sdk] direct upload failed; falling back to ws Error: upload-denied: use-ws
    at directUpload (file:///C:/Users/bgstr/source/repos/nodalmerge/clients/web/sdk.js:329:13)
    at process.processTicksAndRejections (node:internal/process/task_queues:103:5)
[nodalmerge] [sdk] direct upload failed; falling back to ws Error: upload-denied: use-ws
    at directUpload (file:///C:/Users/bgstr/source/repos/nodalmerge/clients/web/sdk.js:329:13)
    at process.processTicksAndRejections (node:internal/process/task_queues:103:5)
  peers=6 iter=14 warmup=46.195ms map=140.127ms list=213.377ms blob=134.529ms
  peers=6 warmup_avg=46.389ms map_samples=15 map_avg=145.889ms list_samples=15 list_avg=213.631ms blob_samples=15 blob_avg=150.842ms

Target: dotnet-host-runtime-alias (ws://127.0.0.1:8787)
  peers=6 iter=0 warmup=45.212ms map=152.616ms list=184.314ms blob=168.28ms
  peers=6 iter=1 warmup=46.481ms map=155.172ms list=184.498ms blob=168.768ms
  peers=6 iter=2 warmup=46.368ms map=153.104ms list=147.333ms blob=158.582ms
  peers=6 iter=3 warmup=45.96ms map=153.042ms list=149.251ms blob=157.168ms
  peers=6 iter=4 warmup=46.737ms map=139.623ms list=185.072ms blob=121.377ms
  peers=6 iter=5 warmup=46.072ms map=151.689ms list=197.694ms blob=138.672ms
  peers=6 iter=6 warmup=46.033ms map=155.796ms list=169.101ms blob=167.53ms
  peers=6 iter=7 warmup=46.519ms map=153.133ms list=152.645ms blob=121.944ms
  peers=6 iter=8 warmup=45.623ms map=139.204ms list=147.567ms blob=157.604ms
  peers=6 iter=9 warmup=45.831ms map=137.645ms list=153.336ms blob=152.434ms
  peers=6 iter=10 warmup=45.689ms map=153.19ms list=168.556ms blob=154.63ms
  peers=6 iter=11 warmup=46.761ms map=138.227ms list=185.123ms blob=167.108ms
  peers=6 iter=12 warmup=46.206ms map=153.902ms list=183.734ms blob=169.384ms
  peers=6 iter=13 warmup=45.871ms map=152.78ms list=153.066ms blob=154.033ms
  peers=6 iter=14 warmup=46.157ms map=138.986ms list=184.112ms blob=122.259ms
  peers=6 warmup_avg=46.101ms map_samples=15 map_avg=148.541ms list_samples=15 list_avg=169.693ms blob_samples=15 blob_avg=151.985ms

Wrote results: C:\Users\bgstr\source\repos\nodalmerge\benchmarks\results\sdk-scenarios-peers6-ops12-integrated-vs-dotnet-mongo-clean.json

Done.
using deprecated parameters for `initSync()`; pass a single object instead
SDK scenario benchmark config:
{
  "peerCounts": [
    6
  ],
  "iterations": 15,
  "mapOps": 30,
  "listOps": 30,
  "blobOps": 30,
  "blobSizeBytes": 1024,
  "warmupOps": 4,
  "timeoutMs": 45000,
  "opDelayMs": 2,
  "transport": "ws-only",
  "authMode": "none",
  "tokenExpirySecs": 3600,
  "authTokenCaps": [
    "read:bench/**",
    "write:bench/**"
  ],
  "targets": [
    "rust-integrated-hosted-server",
    "dotnet-host-runtime-alias"
  ]
}

Target: rust-integrated-hosted-server (ws://127.0.0.1:7979)
[nodalmerge] [sdk] direct upload failed; falling back to ws Error: upload-denied: use-ws
    at directUpload (file:///C:/Users/bgstr/source/repos/nodalmerge/clients/web/sdk.js:329:13)
    at process.processTicksAndRejections (node:internal/process/task_queues:103:5)
[nodalmerge] [sdk] direct upload failed; falling back to ws Error: upload-denied: use-ws
    at directUpload (file:///C:/Users/bgstr/source/repos/nodalmerge/clients/web/sdk.js:329:13)
    at process.processTicksAndRejections (node:internal/process/task_queues:103:5)
[nodalmerge] [sdk] direct upload failed; falling back to ws Error: upload-denied: use-ws
    at directUpload (file:///C:/Users/bgstr/source/repos/nodalmerge/clients/web/sdk.js:329:13)
    at process.processTicksAndRejections (node:internal/process/task_queues:103:5)
[nodalmerge] [sdk] direct upload failed; falling back to ws Error: upload-denied: use-ws
    at directUpload (file:///C:/Users/bgstr/source/repos/nodalmerge/clients/web/sdk.js:329:13)
    at process.processTicksAndRejections (node:internal/process/task_queues:103:5)
[nodalmerge] [sdk] direct upload failed; falling back to ws Error: upload-denied: use-ws
    at directUpload (file:///C:/Users/bgstr/source/repos/nodalmerge/clients/web/sdk.js:329:13)
    at process.processTicksAndRejections (node:internal/process/task_queues:103:5)
[nodalmerge] [sdk] direct upload failed; falling back to ws Error: upload-denied: use-ws
    at directUpload (file:///C:/Users/bgstr/source/repos/nodalmerge/clients/web/sdk.js:329:13)
    at process.processTicksAndRejections (node:internal/process/task_queues:103:5)
[nodalmerge] [sdk] direct upload failed; falling back to ws Error: upload-denied: use-ws
    at directUpload (file:///C:/Users/bgstr/source/repos/nodalmerge/clients/web/sdk.js:329:13)
    at process.processTicksAndRejections (node:internal/process/task_queues:103:5)
[nodalmerge] [sdk] direct upload failed; falling back to ws Error: upload-denied: use-ws
    at directUpload (file:///C:/Users/bgstr/source/repos/nodalmerge/clients/web/sdk.js:329:13)
    at process.processTicksAndRejections (node:internal/process/task_queues:103:5)
[nodalmerge] [sdk] direct upload failed; falling back to ws Error: upload-denied: use-ws
    at directUpload (file:///C:/Users/bgstr/source/repos/nodalmerge/clients/web/sdk.js:329:13)
    at process.processTicksAndRejections (node:internal/process/task_queues:103:5)
[nodalmerge] [sdk] direct upload failed; falling back to ws Error: upload-denied: use-ws
    at directUpload (file:///C:/Users/bgstr/source/repos/nodalmerge/clients/web/sdk.js:329:13)
    at process.processTicksAndRejections (node:internal/process/task_queues:103:5)
[nodalmerge] [sdk] direct upload failed; falling back to ws Error: upload-denied: use-ws
    at directUpload (file:///C:/Users/bgstr/source/repos/nodalmerge/clients/web/sdk.js:329:13)
    at process.processTicksAndRejections (node:internal/process/task_queues:103:5)
[nodalmerge] [sdk] direct upload failed; falling back to ws Error: upload-denied: use-ws
    at directUpload (file:///C:/Users/bgstr/source/repos/nodalmerge/clients/web/sdk.js:329:13)
    at process.processTicksAndRejections (node:internal/process/task_queues:103:5)
[nodalmerge] [sdk] direct upload failed; falling back to ws Error: upload-denied: use-ws
    at directUpload (file:///C:/Users/bgstr/source/repos/nodalmerge/clients/web/sdk.js:329:13)
    at process.processTicksAndRejections (node:internal/process/task_queues:103:5)
[nodalmerge] [sdk] direct upload failed; falling back to ws Error: upload-denied: use-ws
    at directUpload (file:///C:/Users/bgstr/source/repos/nodalmerge/clients/web/sdk.js:329:13)
    at process.processTicksAndRejections (node:internal/process/task_queues:103:5)
[nodalmerge] [sdk] direct upload failed; falling back to ws Error: upload-denied: use-ws
    at directUpload (file:///C:/Users/bgstr/source/repos/nodalmerge/clients/web/sdk.js:329:13)
    at process.processTicksAndRejections (node:internal/process/task_queues:103:5)
[nodalmerge] [sdk] direct upload failed; falling back to ws Error: upload-denied: use-ws
    at directUpload (file:///C:/Users/bgstr/source/repos/nodalmerge/clients/web/sdk.js:329:13)
    at process.processTicksAndRejections (node:internal/process/task_queues:103:5)
[nodalmerge] [sdk] direct upload failed; falling back to ws Error: upload-denied: use-ws
    at directUpload (file:///C:/Users/bgstr/source/repos/nodalmerge/clients/web/sdk.js:329:13)
    at process.processTicksAndRejections (node:internal/process/task_queues:103:5)
[nodalmerge] [sdk] direct upload failed; falling back to ws Error: upload-denied: use-ws
    at directUpload (file:///C:/Users/bgstr/source/repos/nodalmerge/clients/web/sdk.js:329:13)
    at process.processTicksAndRejections (node:internal/process/task_queues:103:5)
[nodalmerge] [sdk] direct upload failed; falling back to ws Error: upload-denied: use-ws
    at directUpload (file:///C:/Users/bgstr/source/repos/nodalmerge/clients/web/sdk.js:329:13)
    at process.processTicksAndRejections (node:internal/process/task_queues:103:5)
[nodalmerge] [sdk] direct upload failed; falling back to ws Error: upload-denied: use-ws
    at directUpload (file:///C:/Users/bgstr/source/repos/nodalmerge/clients/web/sdk.js:329:13)
    at process.processTicksAndRejections (node:internal/process/task_queues:103:5)
[nodalmerge] [sdk] direct upload failed; falling back to ws Error: upload-denied: use-ws
    at directUpload (file:///C:/Users/bgstr/source/repos/nodalmerge/clients/web/sdk.js:329:13)
    at process.processTicksAndRejections (node:internal/process/task_queues:103:5)
[nodalmerge] [sdk] direct upload failed; falling back to ws Error: upload-denied: use-ws
    at directUpload (file:///C:/Users/bgstr/source/repos/nodalmerge/clients/web/sdk.js:329:13)
    at process.processTicksAndRejections (node:internal/process/task_queues:103:5)
[nodalmerge] [sdk] direct upload failed; falling back to ws Error: upload-denied: use-ws
    at directUpload (file:///C:/Users/bgstr/source/repos/nodalmerge/clients/web/sdk.js:329:13)
    at process.processTicksAndRejections (node:internal/process/task_queues:103:5)
[nodalmerge] [sdk] direct upload failed; falling back to ws Error: upload-denied: use-ws
    at directUpload (file:///C:/Users/bgstr/source/repos/nodalmerge/clients/web/sdk.js:329:13)
    at process.processTicksAndRejections (node:internal/process/task_queues:103:5)
[nodalmerge] [sdk] direct upload failed; falling back to ws Error: upload-denied: use-ws
    at directUpload (file:///C:/Users/bgstr/source/repos/nodalmerge/clients/web/sdk.js:329:13)
    at process.processTicksAndRejections (node:internal/process/task_queues:103:5)
[nodalmerge] [sdk] direct upload failed; falling back to ws Error: upload-denied: use-ws
    at directUpload (file:///C:/Users/bgstr/source/repos/nodalmerge/clients/web/sdk.js:329:13)
    at process.processTicksAndRejections (node:internal/process/task_queues:103:5)
[nodalmerge] [sdk] direct upload failed; falling back to ws Error: upload-denied: use-ws
    at directUpload (file:///C:/Users/bgstr/source/repos/nodalmerge/clients/web/sdk.js:329:13)
    at process.processTicksAndRejections (node:internal/process/task_queues:103:5)
[nodalmerge] [sdk] direct upload failed; falling back to ws Error: upload-denied: use-ws
    at directUpload (file:///C:/Users/bgstr/source/repos/nodalmerge/clients/web/sdk.js:329:13)
    at process.processTicksAndRejections (node:internal/process/task_queues:103:5)
[nodalmerge] [sdk] direct upload failed; falling back to ws Error: upload-denied: use-ws
    at directUpload (file:///C:/Users/bgstr/source/repos/nodalmerge/clients/web/sdk.js:329:13)
    at process.processTicksAndRejections (node:internal/process/task_queues:103:5)
[nodalmerge] [sdk] direct upload failed; falling back to ws Error: upload-denied: use-ws
    at directUpload (file:///C:/Users/bgstr/source/repos/nodalmerge/clients/web/sdk.js:329:13)
    at process.processTicksAndRejections (node:internal/process/task_queues:103:5)
  peers=6 iter=0 warmup=46.021ms map=322.407ms list=445.732ms blob=337.871ms
[nodalmerge] [sdk] direct upload failed; falling back to ws Error: upload-denied: use-ws
    at directUpload (file:///C:/Users/bgstr/source/repos/nodalmerge/clients/web/sdk.js:329:13)
    at process.processTicksAndRejections (node:internal/process/task_queues:103:5)
[nodalmerge] [sdk] direct upload failed; falling back to ws Error: upload-denied: use-ws
    at directUpload (file:///C:/Users/bgstr/source/repos/nodalmerge/clients/web/sdk.js:329:13)
    at process.processTicksAndRejections (node:internal/process/task_queues:103:5)
[nodalmerge] [sdk] direct upload failed; falling back to ws Error: upload-denied: use-ws
    at directUpload (file:///C:/Users/bgstr/source/repos/nodalmerge/clients/web/sdk.js:329:13)
    at process.processTicksAndRejections (node:internal/process/task_queues:103:5)
[nodalmerge] [sdk] direct upload failed; falling back to ws Error: upload-denied: use-ws
    at directUpload (file:///C:/Users/bgstr/source/repos/nodalmerge/clients/web/sdk.js:329:13)
    at process.processTicksAndRejections (node:internal/process/task_queues:103:5)
[nodalmerge] [sdk] direct upload failed; falling back to ws Error: upload-denied: use-ws
    at directUpload (file:///C:/Users/bgstr/source/repos/nodalmerge/clients/web/sdk.js:329:13)
    at process.processTicksAndRejections (node:internal/process/task_queues:103:5)
[nodalmerge] [sdk] direct upload failed; falling back to ws Error: upload-denied: use-ws
    at directUpload (file:///C:/Users/bgstr/source/repos/nodalmerge/clients/web/sdk.js:329:13)
    at process.processTicksAndRejections (node:internal/process/task_queues:103:5)
[nodalmerge] [sdk] direct upload failed; falling back to ws Error: upload-denied: use-ws
    at directUpload (file:///C:/Users/bgstr/source/repos/nodalmerge/clients/web/sdk.js:329:13)
    at process.processTicksAndRejections (node:internal/process/task_queues:103:5)
[nodalmerge] [sdk] direct upload failed; falling back to ws Error: upload-denied: use-ws
    at directUpload (file:///C:/Users/bgstr/source/repos/nodalmerge/clients/web/sdk.js:329:13)
    at process.processTicksAndRejections (node:internal/process/task_queues:103:5)
[nodalmerge] [sdk] direct upload failed; falling back to ws Error: upload-denied: use-ws
    at directUpload (file:///C:/Users/bgstr/source/repos/nodalmerge/clients/web/sdk.js:329:13)
    at process.processTicksAndRejections (node:internal/process/task_queues:103:5)
[nodalmerge] [sdk] direct upload failed; falling back to ws Error: upload-denied: use-ws
    at directUpload (file:///C:/Users/bgstr/source/repos/nodalmerge/clients/web/sdk.js:329:13)
    at process.processTicksAndRejections (node:internal/process/task_queues:103:5)
[nodalmerge] [sdk] direct upload failed; falling back to ws Error: upload-denied: use-ws
    at directUpload (file:///C:/Users/bgstr/source/repos/nodalmerge/clients/web/sdk.js:329:13)
    at process.processTicksAndRejections (node:internal/process/task_queues:103:5)
[nodalmerge] [sdk] direct upload failed; falling back to ws Error: upload-denied: use-ws
    at directUpload (file:///C:/Users/bgstr/source/repos/nodalmerge/clients/web/sdk.js:329:13)
    at process.processTicksAndRejections (node:internal/process/task_queues:103:5)
[nodalmerge] [sdk] direct upload failed; falling back to ws Error: upload-denied: use-ws
    at directUpload (file:///C:/Users/bgstr/source/repos/nodalmerge/clients/web/sdk.js:329:13)
    at process.processTicksAndRejections (node:internal/process/task_queues:103:5)
[nodalmerge] [sdk] direct upload failed; falling back to ws Error: upload-denied: use-ws
    at directUpload (file:///C:/Users/bgstr/source/repos/nodalmerge/clients/web/sdk.js:329:13)
    at process.processTicksAndRejections (node:internal/process/task_queues:103:5)
[nodalmerge] [sdk] direct upload failed; falling back to ws Error: upload-denied: use-ws
    at directUpload (file:///C:/Users/bgstr/source/repos/nodalmerge/clients/web/sdk.js:329:13)
    at process.processTicksAndRejections (node:internal/process/task_queues:103:5)
[nodalmerge] [sdk] direct upload failed; falling back to ws Error: upload-denied: use-ws
    at directUpload (file:///C:/Users/bgstr/source/repos/nodalmerge/clients/web/sdk.js:329:13)
    at process.processTicksAndRejections (node:internal/process/task_queues:103:5)
[nodalmerge] [sdk] direct upload failed; falling back to ws Error: upload-denied: use-ws
    at directUpload (file:///C:/Users/bgstr/source/repos/nodalmerge/clients/web/sdk.js:329:13)
    at process.processTicksAndRejections (node:internal/process/task_queues:103:5)
[nodalmerge] [sdk] direct upload failed; falling back to ws Error: upload-denied: use-ws
    at directUpload (file:///C:/Users/bgstr/source/repos/nodalmerge/clients/web/sdk.js:329:13)
    at process.processTicksAndRejections (node:internal/process/task_queues:103:5)
[nodalmerge] [sdk] direct upload failed; falling back to ws Error: upload-denied: use-ws
    at directUpload (file:///C:/Users/bgstr/source/repos/nodalmerge/clients/web/sdk.js:329:13)
    at process.processTicksAndRejections (node:internal/process/task_queues:103:5)
[nodalmerge] [sdk] direct upload failed; falling back to ws Error: upload-denied: use-ws
    at directUpload (file:///C:/Users/bgstr/source/repos/nodalmerge/clients/web/sdk.js:329:13)
    at process.processTicksAndRejections (node:internal/process/task_queues:103:5)
[nodalmerge] [sdk] direct upload failed; falling back to ws Error: upload-denied: use-ws
    at directUpload (file:///C:/Users/bgstr/source/repos/nodalmerge/clients/web/sdk.js:329:13)
    at process.processTicksAndRejections (node:internal/process/task_queues:103:5)
[nodalmerge] [sdk] direct upload failed; falling back to ws Error: upload-denied: use-ws
    at directUpload (file:///C:/Users/bgstr/source/repos/nodalmerge/clients/web/sdk.js:329:13)
    at process.processTicksAndRejections (node:internal/process/task_queues:103:5)
[nodalmerge] [sdk] direct upload failed; falling back to ws Error: upload-denied: use-ws
    at directUpload (file:///C:/Users/bgstr/source/repos/nodalmerge/clients/web/sdk.js:329:13)
    at process.processTicksAndRejections (node:internal/process/task_queues:103:5)
[nodalmerge] [sdk] direct upload failed; falling back to ws Error: upload-denied: use-ws
    at directUpload (file:///C:/Users/bgstr/source/repos/nodalmerge/clients/web/sdk.js:329:13)
    at process.processTicksAndRejections (node:internal/process/task_queues:103:5)
[nodalmerge] [sdk] direct upload failed; falling back to ws Error: upload-denied: use-ws
    at directUpload (file:///C:/Users/bgstr/source/repos/nodalmerge/clients/web/sdk.js:329:13)
    at process.processTicksAndRejections (node:internal/process/task_queues:103:5)
[nodalmerge] [sdk] direct upload failed; falling back to ws Error: upload-denied: use-ws
    at directUpload (file:///C:/Users/bgstr/source/repos/nodalmerge/clients/web/sdk.js:329:13)
    at process.processTicksAndRejections (node:internal/process/task_queues:103:5)
[nodalmerge] [sdk] direct upload failed; falling back to ws Error: upload-denied: use-ws
    at directUpload (file:///C:/Users/bgstr/source/repos/nodalmerge/clients/web/sdk.js:329:13)
    at process.processTicksAndRejections (node:internal/process/task_queues:103:5)
[nodalmerge] [sdk] direct upload failed; falling back to ws Error: upload-denied: use-ws
    at directUpload (file:///C:/Users/bgstr/source/repos/nodalmerge/clients/web/sdk.js:329:13)
    at process.processTicksAndRejections (node:internal/process/task_queues:103:5)
[nodalmerge] [sdk] direct upload failed; falling back to ws Error: upload-denied: use-ws
    at directUpload (file:///C:/Users/bgstr/source/repos/nodalmerge/clients/web/sdk.js:329:13)
    at process.processTicksAndRejections (node:internal/process/task_queues:103:5)
[nodalmerge] [sdk] direct upload failed; falling back to ws Error: upload-denied: use-ws
    at directUpload (file:///C:/Users/bgstr/source/repos/nodalmerge/clients/web/sdk.js:329:13)
    at process.processTicksAndRejections (node:internal/process/task_queues:103:5)
  peers=6 iter=1 warmup=46.195ms map=337.898ms list=443.878ms blob=354.455ms
[nodalmerge] [sdk] direct upload failed; falling back to ws Error: upload-denied: use-ws
    at directUpload (file:///C:/Users/bgstr/source/repos/nodalmerge/clients/web/sdk.js:329:13)
    at process.processTicksAndRejections (node:internal/process/task_queues:103:5)
[nodalmerge] [sdk] direct upload failed; falling back to ws Error: upload-denied: use-ws
    at directUpload (file:///C:/Users/bgstr/source/repos/nodalmerge/clients/web/sdk.js:329:13)
    at process.processTicksAndRejections (node:internal/process/task_queues:103:5)
[nodalmerge] [sdk] direct upload failed; falling back to ws Error: upload-denied: use-ws
    at directUpload (file:///C:/Users/bgstr/source/repos/nodalmerge/clients/web/sdk.js:329:13)
    at process.processTicksAndRejections (node:internal/process/task_queues:103:5)
[nodalmerge] [sdk] direct upload failed; falling back to ws Error: upload-denied: use-ws
    at directUpload (file:///C:/Users/bgstr/source/repos/nodalmerge/clients/web/sdk.js:329:13)
    at process.processTicksAndRejections (node:internal/process/task_queues:103:5)
[nodalmerge] [sdk] direct upload failed; falling back to ws Error: upload-denied: use-ws
    at directUpload (file:///C:/Users/bgstr/source/repos/nodalmerge/clients/web/sdk.js:329:13)
    at process.processTicksAndRejections (node:internal/process/task_queues:103:5)
[nodalmerge] [sdk] direct upload failed; falling back to ws Error: upload-denied: use-ws
    at directUpload (file:///C:/Users/bgstr/source/repos/nodalmerge/clients/web/sdk.js:329:13)
    at process.processTicksAndRejections (node:internal/process/task_queues:103:5)
[nodalmerge] [sdk] direct upload failed; falling back to ws Error: upload-denied: use-ws
    at directUpload (file:///C:/Users/bgstr/source/repos/nodalmerge/clients/web/sdk.js:329:13)
    at process.processTicksAndRejections (node:internal/process/task_queues:103:5)
[nodalmerge] [sdk] direct upload failed; falling back to ws Error: upload-denied: use-ws
    at directUpload (file:///C:/Users/bgstr/source/repos/nodalmerge/clients/web/sdk.js:329:13)
    at process.processTicksAndRejections (node:internal/process/task_queues:103:5)
[nodalmerge] [sdk] direct upload failed; falling back to ws Error: upload-denied: use-ws
    at directUpload (file:///C:/Users/bgstr/source/repos/nodalmerge/clients/web/sdk.js:329:13)
    at process.processTicksAndRejections (node:internal/process/task_queues:103:5)
[nodalmerge] [sdk] direct upload failed; falling back to ws Error: upload-denied: use-ws
    at directUpload (file:///C:/Users/bgstr/source/repos/nodalmerge/clients/web/sdk.js:329:13)
    at process.processTicksAndRejections (node:internal/process/task_queues:103:5)
[nodalmerge] [sdk] direct upload failed; falling back to ws Error: upload-denied: use-ws
    at directUpload (file:///C:/Users/bgstr/source/repos/nodalmerge/clients/web/sdk.js:329:13)
    at process.processTicksAndRejections (node:internal/process/task_queues:103:5)
[nodalmerge] [sdk] direct upload failed; falling back to ws Error: upload-denied: use-ws
    at directUpload (file:///C:/Users/bgstr/source/repos/nodalmerge/clients/web/sdk.js:329:13)
    at process.processTicksAndRejections (node:internal/process/task_queues:103:5)
[nodalmerge] [sdk] direct upload failed; falling back to ws Error: upload-denied: use-ws
    at directUpload (file:///C:/Users/bgstr/source/repos/nodalmerge/clients/web/sdk.js:329:13)
    at process.processTicksAndRejections (node:internal/process/task_queues:103:5)
[nodalmerge] [sdk] direct upload failed; falling back to ws Error: upload-denied: use-ws
    at directUpload (file:///C:/Users/bgstr/source/repos/nodalmerge/clients/web/sdk.js:329:13)
    at process.processTicksAndRejections (node:internal/process/task_queues:103:5)
[nodalmerge] [sdk] direct upload failed; falling back to ws Error: upload-denied: use-ws
    at directUpload (file:///C:/Users/bgstr/source/repos/nodalmerge/clients/web/sdk.js:329:13)
    at process.processTicksAndRejections (node:internal/process/task_queues:103:5)
[nodalmerge] [sdk] direct upload failed; falling back to ws Error: upload-denied: use-ws
    at directUpload (file:///C:/Users/bgstr/source/repos/nodalmerge/clients/web/sdk.js:329:13)
    at process.processTicksAndRejections (node:internal/process/task_queues:103:5)
[nodalmerge] [sdk] direct upload failed; falling back to ws Error: upload-denied: use-ws
    at directUpload (file:///C:/Users/bgstr/source/repos/nodalmerge/clients/web/sdk.js:329:13)
    at process.processTicksAndRejections (node:internal/process/task_queues:103:5)
[nodalmerge] [sdk] direct upload failed; falling back to ws Error: upload-denied: use-ws
    at directUpload (file:///C:/Users/bgstr/source/repos/nodalmerge/clients/web/sdk.js:329:13)
    at process.processTicksAndRejections (node:internal/process/task_queues:103:5)
[nodalmerge] [sdk] direct upload failed; falling back to ws Error: upload-denied: use-ws
    at directUpload (file:///C:/Users/bgstr/source/repos/nodalmerge/clients/web/sdk.js:329:13)
    at process.processTicksAndRejections (node:internal/process/task_queues:103:5)
[nodalmerge] [sdk] direct upload failed; falling back to ws Error: upload-denied: use-ws
    at directUpload (file:///C:/Users/bgstr/source/repos/nodalmerge/clients/web/sdk.js:329:13)
    at process.processTicksAndRejections (node:internal/process/task_queues:103:5)
[nodalmerge] [sdk] direct upload failed; falling back to ws Error: upload-denied: use-ws
    at directUpload (file:///C:/Users/bgstr/source/repos/nodalmerge/clients/web/sdk.js:329:13)
    at process.processTicksAndRejections (node:internal/process/task_queues:103:5)
[nodalmerge] [sdk] direct upload failed; falling back to ws Error: upload-denied: use-ws
    at directUpload (file:///C:/Users/bgstr/source/repos/nodalmerge/clients/web/sdk.js:329:13)
    at process.processTicksAndRejections (node:internal/process/task_queues:103:5)
[nodalmerge] [sdk] direct upload failed; falling back to ws Error: upload-denied: use-ws
    at directUpload (file:///C:/Users/bgstr/source/repos/nodalmerge/clients/web/sdk.js:329:13)
    at process.processTicksAndRejections (node:internal/process/task_queues:103:5)
[nodalmerge] [sdk] direct upload failed; falling back to ws Error: upload-denied: use-ws
    at directUpload (file:///C:/Users/bgstr/source/repos/nodalmerge/clients/web/sdk.js:329:13)
    at process.processTicksAndRejections (node:internal/process/task_queues:103:5)
[nodalmerge] [sdk] direct upload failed; falling back to ws Error: upload-denied: use-ws
    at directUpload (file:///C:/Users/bgstr/source/repos/nodalmerge/clients/web/sdk.js:329:13)
    at process.processTicksAndRejections (node:internal/process/task_queues:103:5)
[nodalmerge] [sdk] direct upload failed; falling back to ws Error: upload-denied: use-ws
    at directUpload (file:///C:/Users/bgstr/source/repos/nodalmerge/clients/web/sdk.js:329:13)
    at process.processTicksAndRejections (node:internal/process/task_queues:103:5)
[nodalmerge] [sdk] direct upload failed; falling back to ws Error: upload-denied: use-ws
    at directUpload (file:///C:/Users/bgstr/source/repos/nodalmerge/clients/web/sdk.js:329:13)
    at process.processTicksAndRejections (node:internal/process/task_queues:103:5)
[nodalmerge] [sdk] direct upload failed; falling back to ws Error: upload-denied: use-ws
    at directUpload (file:///C:/Users/bgstr/source/repos/nodalmerge/clients/web/sdk.js:329:13)
    at process.processTicksAndRejections (node:internal/process/task_queues:103:5)
[nodalmerge] [sdk] direct upload failed; falling back to ws Error: upload-denied: use-ws
    at directUpload (file:///C:/Users/bgstr/source/repos/nodalmerge/clients/web/sdk.js:329:13)
    at process.processTicksAndRejections (node:internal/process/task_queues:103:5)
[nodalmerge] [sdk] direct upload failed; falling back to ws Error: upload-denied: use-ws
    at directUpload (file:///C:/Users/bgstr/source/repos/nodalmerge/clients/web/sdk.js:329:13)
    at process.processTicksAndRejections (node:internal/process/task_queues:103:5)
  peers=6 iter=2 warmup=46.35ms map=339.878ms list=469.993ms blob=368.9ms
[nodalmerge] [sdk] direct upload failed; falling back to ws Error: upload-denied: use-ws
    at directUpload (file:///C:/Users/bgstr/source/repos/nodalmerge/clients/web/sdk.js:329:13)
    at process.processTicksAndRejections (node:internal/process/task_queues:103:5)
[nodalmerge] [sdk] direct upload failed; falling back to ws Error: upload-denied: use-ws
    at directUpload (file:///C:/Users/bgstr/source/repos/nodalmerge/clients/web/sdk.js:329:13)
    at process.processTicksAndRejections (node:internal/process/task_queues:103:5)
[nodalmerge] [sdk] direct upload failed; falling back to ws Error: upload-denied: use-ws
    at directUpload (file:///C:/Users/bgstr/source/repos/nodalmerge/clients/web/sdk.js:329:13)
    at process.processTicksAndRejections (node:internal/process/task_queues:103:5)
[nodalmerge] [sdk] direct upload failed; falling back to ws Error: upload-denied: use-ws
    at directUpload (file:///C:/Users/bgstr/source/repos/nodalmerge/clients/web/sdk.js:329:13)
    at process.processTicksAndRejections (node:internal/process/task_queues:103:5)
[nodalmerge] [sdk] direct upload failed; falling back to ws Error: upload-denied: use-ws
    at directUpload (file:///C:/Users/bgstr/source/repos/nodalmerge/clients/web/sdk.js:329:13)
    at process.processTicksAndRejections (node:internal/process/task_queues:103:5)
[nodalmerge] [sdk] direct upload failed; falling back to ws Error: upload-denied: use-ws
    at directUpload (file:///C:/Users/bgstr/source/repos/nodalmerge/clients/web/sdk.js:329:13)
    at process.processTicksAndRejections (node:internal/process/task_queues:103:5)
[nodalmerge] [sdk] direct upload failed; falling back to ws Error: upload-denied: use-ws
    at directUpload (file:///C:/Users/bgstr/source/repos/nodalmerge/clients/web/sdk.js:329:13)
    at process.processTicksAndRejections (node:internal/process/task_queues:103:5)
[nodalmerge] [sdk] direct upload failed; falling back to ws Error: upload-denied: use-ws
    at directUpload (file:///C:/Users/bgstr/source/repos/nodalmerge/clients/web/sdk.js:329:13)
    at process.processTicksAndRejections (node:internal/process/task_queues:103:5)
[nodalmerge] [sdk] direct upload failed; falling back to ws Error: upload-denied: use-ws
    at directUpload (file:///C:/Users/bgstr/source/repos/nodalmerge/clients/web/sdk.js:329:13)
    at process.processTicksAndRejections (node:internal/process/task_queues:103:5)
[nodalmerge] [sdk] direct upload failed; falling back to ws Error: upload-denied: use-ws
    at directUpload (file:///C:/Users/bgstr/source/repos/nodalmerge/clients/web/sdk.js:329:13)
    at process.processTicksAndRejections (node:internal/process/task_queues:103:5)
[nodalmerge] [sdk] direct upload failed; falling back to ws Error: upload-denied: use-ws
    at directUpload (file:///C:/Users/bgstr/source/repos/nodalmerge/clients/web/sdk.js:329:13)
    at process.processTicksAndRejections (node:internal/process/task_queues:103:5)
[nodalmerge] [sdk] direct upload failed; falling back to ws Error: upload-denied: use-ws
    at directUpload (file:///C:/Users/bgstr/source/repos/nodalmerge/clients/web/sdk.js:329:13)
    at process.processTicksAndRejections (node:internal/process/task_queues:103:5)
[nodalmerge] [sdk] direct upload failed; falling back to ws Error: upload-denied: use-ws
    at directUpload (file:///C:/Users/bgstr/source/repos/nodalmerge/clients/web/sdk.js:329:13)
    at process.processTicksAndRejections (node:internal/process/task_queues:103:5)
[nodalmerge] [sdk] direct upload failed; falling back to ws Error: upload-denied: use-ws
    at directUpload (file:///C:/Users/bgstr/source/repos/nodalmerge/clients/web/sdk.js:329:13)
    at process.processTicksAndRejections (node:internal/process/task_queues:103:5)
[nodalmerge] [sdk] direct upload failed; falling back to ws Error: upload-denied: use-ws
    at directUpload (file:///C:/Users/bgstr/source/repos/nodalmerge/clients/web/sdk.js:329:13)
    at process.processTicksAndRejections (node:internal/process/task_queues:103:5)
[nodalmerge] [sdk] direct upload failed; falling back to ws Error: upload-denied: use-ws
    at directUpload (file:///C:/Users/bgstr/source/repos/nodalmerge/clients/web/sdk.js:329:13)
    at process.processTicksAndRejections (node:internal/process/task_queues:103:5)
[nodalmerge] [sdk] direct upload failed; falling back to ws Error: upload-denied: use-ws
    at directUpload (file:///C:/Users/bgstr/source/repos/nodalmerge/clients/web/sdk.js:329:13)
    at process.processTicksAndRejections (node:internal/process/task_queues:103:5)
[nodalmerge] [sdk] direct upload failed; falling back to ws Error: upload-denied: use-ws
    at directUpload (file:///C:/Users/bgstr/source/repos/nodalmerge/clients/web/sdk.js:329:13)
    at process.processTicksAndRejections (node:internal/process/task_queues:103:5)
[nodalmerge] [sdk] direct upload failed; falling back to ws Error: upload-denied: use-ws
    at directUpload (file:///C:/Users/bgstr/source/repos/nodalmerge/clients/web/sdk.js:329:13)
    at process.processTicksAndRejections (node:internal/process/task_queues:103:5)
[nodalmerge] [sdk] direct upload failed; falling back to ws Error: upload-denied: use-ws
    at directUpload (file:///C:/Users/bgstr/source/repos/nodalmerge/clients/web/sdk.js:329:13)
    at process.processTicksAndRejections (node:internal/process/task_queues:103:5)
[nodalmerge] [sdk] direct upload failed; falling back to ws Error: upload-denied: use-ws
    at directUpload (file:///C:/Users/bgstr/source/repos/nodalmerge/clients/web/sdk.js:329:13)
    at process.processTicksAndRejections (node:internal/process/task_queues:103:5)
[nodalmerge] [sdk] direct upload failed; falling back to ws Error: upload-denied: use-ws
    at directUpload (file:///C:/Users/bgstr/source/repos/nodalmerge/clients/web/sdk.js:329:13)
    at process.processTicksAndRejections (node:internal/process/task_queues:103:5)
[nodalmerge] [sdk] direct upload failed; falling back to ws Error: upload-denied: use-ws
    at directUpload (file:///C:/Users/bgstr/source/repos/nodalmerge/clients/web/sdk.js:329:13)
    at process.processTicksAndRejections (node:internal/process/task_queues:103:5)
[nodalmerge] [sdk] direct upload failed; falling back to ws Error: upload-denied: use-ws
    at directUpload (file:///C:/Users/bgstr/source/repos/nodalmerge/clients/web/sdk.js:329:13)
    at process.processTicksAndRejections (node:internal/process/task_queues:103:5)
[nodalmerge] [sdk] direct upload failed; falling back to ws Error: upload-denied: use-ws
    at directUpload (file:///C:/Users/bgstr/source/repos/nodalmerge/clients/web/sdk.js:329:13)
    at process.processTicksAndRejections (node:internal/process/task_queues:103:5)
[nodalmerge] [sdk] direct upload failed; falling back to ws Error: upload-denied: use-ws
    at directUpload (file:///C:/Users/bgstr/source/repos/nodalmerge/clients/web/sdk.js:329:13)
    at process.processTicksAndRejections (node:internal/process/task_queues:103:5)
[nodalmerge] [sdk] direct upload failed; falling back to ws Error: upload-denied: use-ws
    at directUpload (file:///C:/Users/bgstr/source/repos/nodalmerge/clients/web/sdk.js:329:13)
    at process.processTicksAndRejections (node:internal/process/task_queues:103:5)
[nodalmerge] [sdk] direct upload failed; falling back to ws Error: upload-denied: use-ws
    at directUpload (file:///C:/Users/bgstr/source/repos/nodalmerge/clients/web/sdk.js:329:13)
    at process.processTicksAndRejections (node:internal/process/task_queues:103:5)
[nodalmerge] [sdk] direct upload failed; falling back to ws Error: upload-denied: use-ws
    at directUpload (file:///C:/Users/bgstr/source/repos/nodalmerge/clients/web/sdk.js:329:13)
    at process.processTicksAndRejections (node:internal/process/task_queues:103:5)
[nodalmerge] [sdk] direct upload failed; falling back to ws Error: upload-denied: use-ws
    at directUpload (file:///C:/Users/bgstr/source/repos/nodalmerge/clients/web/sdk.js:329:13)
    at process.processTicksAndRejections (node:internal/process/task_queues:103:5)
  peers=6 iter=3 warmup=46.541ms map=315.643ms list=433.858ms blob=335.294ms
[nodalmerge] [sdk] direct upload failed; falling back to ws Error: upload-denied: use-ws
    at directUpload (file:///C:/Users/bgstr/source/repos/nodalmerge/clients/web/sdk.js:329:13)
    at process.processTicksAndRejections (node:internal/process/task_queues:103:5)
[nodalmerge] [sdk] direct upload failed; falling back to ws Error: upload-denied: use-ws
    at directUpload (file:///C:/Users/bgstr/source/repos/nodalmerge/clients/web/sdk.js:329:13)
    at process.processTicksAndRejections (node:internal/process/task_queues:103:5)
[nodalmerge] [sdk] direct upload failed; falling back to ws Error: upload-denied: use-ws
    at directUpload (file:///C:/Users/bgstr/source/repos/nodalmerge/clients/web/sdk.js:329:13)
    at process.processTicksAndRejections (node:internal/process/task_queues:103:5)
[nodalmerge] [sdk] direct upload failed; falling back to ws Error: upload-denied: use-ws
    at directUpload (file:///C:/Users/bgstr/source/repos/nodalmerge/clients/web/sdk.js:329:13)
    at process.processTicksAndRejections (node:internal/process/task_queues:103:5)
[nodalmerge] [sdk] direct upload failed; falling back to ws Error: upload-denied: use-ws
    at directUpload (file:///C:/Users/bgstr/source/repos/nodalmerge/clients/web/sdk.js:329:13)
    at process.processTicksAndRejections (node:internal/process/task_queues:103:5)
[nodalmerge] [sdk] direct upload failed; falling back to ws Error: upload-denied: use-ws
    at directUpload (file:///C:/Users/bgstr/source/repos/nodalmerge/clients/web/sdk.js:329:13)
    at process.processTicksAndRejections (node:internal/process/task_queues:103:5)
[nodalmerge] [sdk] direct upload failed; falling back to ws Error: upload-denied: use-ws
    at directUpload (file:///C:/Users/bgstr/source/repos/nodalmerge/clients/web/sdk.js:329:13)
    at process.processTicksAndRejections (node:internal/process/task_queues:103:5)
[nodalmerge] [sdk] direct upload failed; falling back to ws Error: upload-denied: use-ws
    at directUpload (file:///C:/Users/bgstr/source/repos/nodalmerge/clients/web/sdk.js:329:13)
    at process.processTicksAndRejections (node:internal/process/task_queues:103:5)
[nodalmerge] [sdk] direct upload failed; falling back to ws Error: upload-denied: use-ws
    at directUpload (file:///C:/Users/bgstr/source/repos/nodalmerge/clients/web/sdk.js:329:13)
    at process.processTicksAndRejections (node:internal/process/task_queues:103:5)
[nodalmerge] [sdk] direct upload failed; falling back to ws Error: upload-denied: use-ws
    at directUpload (file:///C:/Users/bgstr/source/repos/nodalmerge/clients/web/sdk.js:329:13)
    at process.processTicksAndRejections (node:internal/process/task_queues:103:5)
[nodalmerge] [sdk] direct upload failed; falling back to ws Error: upload-denied: use-ws
    at directUpload (file:///C:/Users/bgstr/source/repos/nodalmerge/clients/web/sdk.js:329:13)
    at process.processTicksAndRejections (node:internal/process/task_queues:103:5)
[nodalmerge] [sdk] direct upload failed; falling back to ws Error: upload-denied: use-ws
    at directUpload (file:///C:/Users/bgstr/source/repos/nodalmerge/clients/web/sdk.js:329:13)
    at process.processTicksAndRejections (node:internal/process/task_queues:103:5)
[nodalmerge] [sdk] direct upload failed; falling back to ws Error: upload-denied: use-ws
    at directUpload (file:///C:/Users/bgstr/source/repos/nodalmerge/clients/web/sdk.js:329:13)
    at process.processTicksAndRejections (node:internal/process/task_queues:103:5)
[nodalmerge] [sdk] direct upload failed; falling back to ws Error: upload-denied: use-ws
    at directUpload (file:///C:/Users/bgstr/source/repos/nodalmerge/clients/web/sdk.js:329:13)
    at process.processTicksAndRejections (node:internal/process/task_queues:103:5)
[nodalmerge] [sdk] direct upload failed; falling back to ws Error: upload-denied: use-ws
    at directUpload (file:///C:/Users/bgstr/source/repos/nodalmerge/clients/web/sdk.js:329:13)
    at process.processTicksAndRejections (node:internal/process/task_queues:103:5)
[nodalmerge] [sdk] direct upload failed; falling back to ws Error: upload-denied: use-ws
    at directUpload (file:///C:/Users/bgstr/source/repos/nodalmerge/clients/web/sdk.js:329:13)
    at process.processTicksAndRejections (node:internal/process/task_queues:103:5)
[nodalmerge] [sdk] direct upload failed; falling back to ws Error: upload-denied: use-ws
    at directUpload (file:///C:/Users/bgstr/source/repos/nodalmerge/clients/web/sdk.js:329:13)
    at process.processTicksAndRejections (node:internal/process/task_queues:103:5)
[nodalmerge] [sdk] direct upload failed; falling back to ws Error: upload-denied: use-ws
    at directUpload (file:///C:/Users/bgstr/source/repos/nodalmerge/clients/web/sdk.js:329:13)
    at process.processTicksAndRejections (node:internal/process/task_queues:103:5)
[nodalmerge] [sdk] direct upload failed; falling back to ws Error: upload-denied: use-ws
    at directUpload (file:///C:/Users/bgstr/source/repos/nodalmerge/clients/web/sdk.js:329:13)
    at process.processTicksAndRejections (node:internal/process/task_queues:103:5)
[nodalmerge] [sdk] direct upload failed; falling back to ws Error: upload-denied: use-ws
    at directUpload (file:///C:/Users/bgstr/source/repos/nodalmerge/clients/web/sdk.js:329:13)
    at process.processTicksAndRejections (node:internal/process/task_queues:103:5)
[nodalmerge] [sdk] direct upload failed; falling back to ws Error: upload-denied: use-ws
    at directUpload (file:///C:/Users/bgstr/source/repos/nodalmerge/clients/web/sdk.js:329:13)
    at process.processTicksAndRejections (node:internal/process/task_queues:103:5)
[nodalmerge] [sdk] direct upload failed; falling back to ws Error: upload-denied: use-ws
    at directUpload (file:///C:/Users/bgstr/source/repos/nodalmerge/clients/web/sdk.js:329:13)
    at process.processTicksAndRejections (node:internal/process/task_queues:103:5)
[nodalmerge] [sdk] direct upload failed; falling back to ws Error: upload-denied: use-ws
    at directUpload (file:///C:/Users/bgstr/source/repos/nodalmerge/clients/web/sdk.js:329:13)
    at process.processTicksAndRejections (node:internal/process/task_queues:103:5)
[nodalmerge] [sdk] direct upload failed; falling back to ws Error: upload-denied: use-ws
    at directUpload (file:///C:/Users/bgstr/source/repos/nodalmerge/clients/web/sdk.js:329:13)
    at process.processTicksAndRejections (node:internal/process/task_queues:103:5)
[nodalmerge] [sdk] direct upload failed; falling back to ws Error: upload-denied: use-ws
    at directUpload (file:///C:/Users/bgstr/source/repos/nodalmerge/clients/web/sdk.js:329:13)
    at process.processTicksAndRejections (node:internal/process/task_queues:103:5)
[nodalmerge] [sdk] direct upload failed; falling back to ws Error: upload-denied: use-ws
    at directUpload (file:///C:/Users/bgstr/source/repos/nodalmerge/clients/web/sdk.js:329:13)
    at process.processTicksAndRejections (node:internal/process/task_queues:103:5)
[nodalmerge] [sdk] direct upload failed; falling back to ws Error: upload-denied: use-ws
    at directUpload (file:///C:/Users/bgstr/source/repos/nodalmerge/clients/web/sdk.js:329:13)
    at process.processTicksAndRejections (node:internal/process/task_queues:103:5)
[nodalmerge] [sdk] direct upload failed; falling back to ws Error: upload-denied: use-ws
    at directUpload (file:///C:/Users/bgstr/source/repos/nodalmerge/clients/web/sdk.js:329:13)
    at process.processTicksAndRejections (node:internal/process/task_queues:103:5)
[nodalmerge] [sdk] direct upload failed; falling back to ws Error: upload-denied: use-ws
    at directUpload (file:///C:/Users/bgstr/source/repos/nodalmerge/clients/web/sdk.js:329:13)
    at process.processTicksAndRejections (node:internal/process/task_queues:103:5)
[nodalmerge] [sdk] direct upload failed; falling back to ws Error: upload-denied: use-ws
    at directUpload (file:///C:/Users/bgstr/source/repos/nodalmerge/clients/web/sdk.js:329:13)
    at process.processTicksAndRejections (node:internal/process/task_queues:103:5)
  peers=6 iter=4 warmup=46.171ms map=325.464ms list=456.273ms blob=355.533ms
[nodalmerge] [sdk] direct upload failed; falling back to ws Error: upload-denied: use-ws
    at directUpload (file:///C:/Users/bgstr/source/repos/nodalmerge/clients/web/sdk.js:329:13)
    at process.processTicksAndRejections (node:internal/process/task_queues:103:5)
[nodalmerge] [sdk] direct upload failed; falling back to ws Error: upload-denied: use-ws
    at directUpload (file:///C:/Users/bgstr/source/repos/nodalmerge/clients/web/sdk.js:329:13)
    at process.processTicksAndRejections (node:internal/process/task_queues:103:5)
[nodalmerge] [sdk] direct upload failed; falling back to ws Error: upload-denied: use-ws
    at directUpload (file:///C:/Users/bgstr/source/repos/nodalmerge/clients/web/sdk.js:329:13)
    at process.processTicksAndRejections (node:internal/process/task_queues:103:5)
[nodalmerge] [sdk] direct upload failed; falling back to ws Error: upload-denied: use-ws
    at directUpload (file:///C:/Users/bgstr/source/repos/nodalmerge/clients/web/sdk.js:329:13)
    at process.processTicksAndRejections (node:internal/process/task_queues:103:5)
[nodalmerge] [sdk] direct upload failed; falling back to ws Error: upload-denied: use-ws
    at directUpload (file:///C:/Users/bgstr/source/repos/nodalmerge/clients/web/sdk.js:329:13)
    at process.processTicksAndRejections (node:internal/process/task_queues:103:5)
[nodalmerge] [sdk] direct upload failed; falling back to ws Error: upload-denied: use-ws
    at directUpload (file:///C:/Users/bgstr/source/repos/nodalmerge/clients/web/sdk.js:329:13)
    at process.processTicksAndRejections (node:internal/process/task_queues:103:5)
[nodalmerge] [sdk] direct upload failed; falling back to ws Error: upload-denied: use-ws
    at directUpload (file:///C:/Users/bgstr/source/repos/nodalmerge/clients/web/sdk.js:329:13)
    at process.processTicksAndRejections (node:internal/process/task_queues:103:5)
[nodalmerge] [sdk] direct upload failed; falling back to ws Error: upload-denied: use-ws
    at directUpload (file:///C:/Users/bgstr/source/repos/nodalmerge/clients/web/sdk.js:329:13)
    at process.processTicksAndRejections (node:internal/process/task_queues:103:5)
[nodalmerge] [sdk] direct upload failed; falling back to ws Error: upload-denied: use-ws
    at directUpload (file:///C:/Users/bgstr/source/repos/nodalmerge/clients/web/sdk.js:329:13)
    at process.processTicksAndRejections (node:internal/process/task_queues:103:5)
[nodalmerge] [sdk] direct upload failed; falling back to ws Error: upload-denied: use-ws
    at directUpload (file:///C:/Users/bgstr/source/repos/nodalmerge/clients/web/sdk.js:329:13)
    at process.processTicksAndRejections (node:internal/process/task_queues:103:5)
[nodalmerge] [sdk] direct upload failed; falling back to ws Error: upload-denied: use-ws
    at directUpload (file:///C:/Users/bgstr/source/repos/nodalmerge/clients/web/sdk.js:329:13)
    at process.processTicksAndRejections (node:internal/process/task_queues:103:5)
[nodalmerge] [sdk] direct upload failed; falling back to ws Error: upload-denied: use-ws
    at directUpload (file:///C:/Users/bgstr/source/repos/nodalmerge/clients/web/sdk.js:329:13)
    at process.processTicksAndRejections (node:internal/process/task_queues:103:5)
[nodalmerge] [sdk] direct upload failed; falling back to ws Error: upload-denied: use-ws
    at directUpload (file:///C:/Users/bgstr/source/repos/nodalmerge/clients/web/sdk.js:329:13)
    at process.processTicksAndRejections (node:internal/process/task_queues:103:5)
[nodalmerge] [sdk] direct upload failed; falling back to ws Error: upload-denied: use-ws
    at directUpload (file:///C:/Users/bgstr/source/repos/nodalmerge/clients/web/sdk.js:329:13)
    at process.processTicksAndRejections (node:internal/process/task_queues:103:5)
[nodalmerge] [sdk] direct upload failed; falling back to ws Error: upload-denied: use-ws
    at directUpload (file:///C:/Users/bgstr/source/repos/nodalmerge/clients/web/sdk.js:329:13)
    at process.processTicksAndRejections (node:internal/process/task_queues:103:5)
[nodalmerge] [sdk] direct upload failed; falling back to ws Error: upload-denied: use-ws
    at directUpload (file:///C:/Users/bgstr/source/repos/nodalmerge/clients/web/sdk.js:329:13)
    at process.processTicksAndRejections (node:internal/process/task_queues:103:5)
[nodalmerge] [sdk] direct upload failed; falling back to ws Error: upload-denied: use-ws
    at directUpload (file:///C:/Users/bgstr/source/repos/nodalmerge/clients/web/sdk.js:329:13)
    at process.processTicksAndRejections (node:internal/process/task_queues:103:5)
[nodalmerge] [sdk] direct upload failed; falling back to ws Error: upload-denied: use-ws
    at directUpload (file:///C:/Users/bgstr/source/repos/nodalmerge/clients/web/sdk.js:329:13)
    at process.processTicksAndRejections (node:internal/process/task_queues:103:5)
[nodalmerge] [sdk] direct upload failed; falling back to ws Error: upload-denied: use-ws
    at directUpload (file:///C:/Users/bgstr/source/repos/nodalmerge/clients/web/sdk.js:329:13)
    at process.processTicksAndRejections (node:internal/process/task_queues:103:5)
[nodalmerge] [sdk] direct upload failed; falling back to ws Error: upload-denied: use-ws
    at directUpload (file:///C:/Users/bgstr/source/repos/nodalmerge/clients/web/sdk.js:329:13)
    at process.processTicksAndRejections (node:internal/process/task_queues:103:5)
[nodalmerge] [sdk] direct upload failed; falling back to ws Error: upload-denied: use-ws
    at directUpload (file:///C:/Users/bgstr/source/repos/nodalmerge/clients/web/sdk.js:329:13)
    at process.processTicksAndRejections (node:internal/process/task_queues:103:5)
[nodalmerge] [sdk] direct upload failed; falling back to ws Error: upload-denied: use-ws
    at directUpload (file:///C:/Users/bgstr/source/repos/nodalmerge/clients/web/sdk.js:329:13)
    at process.processTicksAndRejections (node:internal/process/task_queues:103:5)
[nodalmerge] [sdk] direct upload failed; falling back to ws Error: upload-denied: use-ws
    at directUpload (file:///C:/Users/bgstr/source/repos/nodalmerge/clients/web/sdk.js:329:13)
    at process.processTicksAndRejections (node:internal/process/task_queues:103:5)
[nodalmerge] [sdk] direct upload failed; falling back to ws Error: upload-denied: use-ws
    at directUpload (file:///C:/Users/bgstr/source/repos/nodalmerge/clients/web/sdk.js:329:13)
    at process.processTicksAndRejections (node:internal/process/task_queues:103:5)
[nodalmerge] [sdk] direct upload failed; falling back to ws Error: upload-denied: use-ws
    at directUpload (file:///C:/Users/bgstr/source/repos/nodalmerge/clients/web/sdk.js:329:13)
    at process.processTicksAndRejections (node:internal/process/task_queues:103:5)
[nodalmerge] [sdk] direct upload failed; falling back to ws Error: upload-denied: use-ws
    at directUpload (file:///C:/Users/bgstr/source/repos/nodalmerge/clients/web/sdk.js:329:13)
    at process.processTicksAndRejections (node:internal/process/task_queues:103:5)
[nodalmerge] [sdk] direct upload failed; falling back to ws Error: upload-denied: use-ws
    at directUpload (file:///C:/Users/bgstr/source/repos/nodalmerge/clients/web/sdk.js:329:13)
    at process.processTicksAndRejections (node:internal/process/task_queues:103:5)
[nodalmerge] [sdk] direct upload failed; falling back to ws Error: upload-denied: use-ws
    at directUpload (file:///C:/Users/bgstr/source/repos/nodalmerge/clients/web/sdk.js:329:13)
    at process.processTicksAndRejections (node:internal/process/task_queues:103:5)
[nodalmerge] [sdk] direct upload failed; falling back to ws Error: upload-denied: use-ws
    at directUpload (file:///C:/Users/bgstr/source/repos/nodalmerge/clients/web/sdk.js:329:13)
    at process.processTicksAndRejections (node:internal/process/task_queues:103:5)
[nodalmerge] [sdk] direct upload failed; falling back to ws Error: upload-denied: use-ws
    at directUpload (file:///C:/Users/bgstr/source/repos/nodalmerge/clients/web/sdk.js:329:13)
    at process.processTicksAndRejections (node:internal/process/task_queues:103:5)
  peers=6 iter=5 warmup=45.998ms map=339.095ms list=458.058ms blob=336.404ms
[nodalmerge] [sdk] direct upload failed; falling back to ws Error: upload-denied: use-ws
    at directUpload (file:///C:/Users/bgstr/source/repos/nodalmerge/clients/web/sdk.js:329:13)
    at process.processTicksAndRejections (node:internal/process/task_queues:103:5)
[nodalmerge] [sdk] direct upload failed; falling back to ws Error: upload-denied: use-ws
    at directUpload (file:///C:/Users/bgstr/source/repos/nodalmerge/clients/web/sdk.js:329:13)
    at process.processTicksAndRejections (node:internal/process/task_queues:103:5)
[nodalmerge] [sdk] direct upload failed; falling back to ws Error: upload-denied: use-ws
    at directUpload (file:///C:/Users/bgstr/source/repos/nodalmerge/clients/web/sdk.js:329:13)
    at process.processTicksAndRejections (node:internal/process/task_queues:103:5)
[nodalmerge] [sdk] direct upload failed; falling back to ws Error: upload-denied: use-ws
    at directUpload (file:///C:/Users/bgstr/source/repos/nodalmerge/clients/web/sdk.js:329:13)
    at process.processTicksAndRejections (node:internal/process/task_queues:103:5)
[nodalmerge] [sdk] direct upload failed; falling back to ws Error: upload-denied: use-ws
    at directUpload (file:///C:/Users/bgstr/source/repos/nodalmerge/clients/web/sdk.js:329:13)
    at process.processTicksAndRejections (node:internal/process/task_queues:103:5)
[nodalmerge] [sdk] direct upload failed; falling back to ws Error: upload-denied: use-ws
    at directUpload (file:///C:/Users/bgstr/source/repos/nodalmerge/clients/web/sdk.js:329:13)
    at process.processTicksAndRejections (node:internal/process/task_queues:103:5)
[nodalmerge] [sdk] direct upload failed; falling back to ws Error: upload-denied: use-ws
    at directUpload (file:///C:/Users/bgstr/source/repos/nodalmerge/clients/web/sdk.js:329:13)
    at process.processTicksAndRejections (node:internal/process/task_queues:103:5)
[nodalmerge] [sdk] direct upload failed; falling back to ws Error: upload-denied: use-ws
    at directUpload (file:///C:/Users/bgstr/source/repos/nodalmerge/clients/web/sdk.js:329:13)
    at process.processTicksAndRejections (node:internal/process/task_queues:103:5)
[nodalmerge] [sdk] direct upload failed; falling back to ws Error: upload-denied: use-ws
    at directUpload (file:///C:/Users/bgstr/source/repos/nodalmerge/clients/web/sdk.js:329:13)
    at process.processTicksAndRejections (node:internal/process/task_queues:103:5)
[nodalmerge] [sdk] direct upload failed; falling back to ws Error: upload-denied: use-ws
    at directUpload (file:///C:/Users/bgstr/source/repos/nodalmerge/clients/web/sdk.js:329:13)
    at process.processTicksAndRejections (node:internal/process/task_queues:103:5)
[nodalmerge] [sdk] direct upload failed; falling back to ws Error: upload-denied: use-ws
    at directUpload (file:///C:/Users/bgstr/source/repos/nodalmerge/clients/web/sdk.js:329:13)
    at process.processTicksAndRejections (node:internal/process/task_queues:103:5)
[nodalmerge] [sdk] direct upload failed; falling back to ws Error: upload-denied: use-ws
    at directUpload (file:///C:/Users/bgstr/source/repos/nodalmerge/clients/web/sdk.js:329:13)
    at process.processTicksAndRejections (node:internal/process/task_queues:103:5)
[nodalmerge] [sdk] direct upload failed; falling back to ws Error: upload-denied: use-ws
    at directUpload (file:///C:/Users/bgstr/source/repos/nodalmerge/clients/web/sdk.js:329:13)
    at process.processTicksAndRejections (node:internal/process/task_queues:103:5)
[nodalmerge] [sdk] direct upload failed; falling back to ws Error: upload-denied: use-ws
    at directUpload (file:///C:/Users/bgstr/source/repos/nodalmerge/clients/web/sdk.js:329:13)
    at process.processTicksAndRejections (node:internal/process/task_queues:103:5)
[nodalmerge] [sdk] direct upload failed; falling back to ws Error: upload-denied: use-ws
    at directUpload (file:///C:/Users/bgstr/source/repos/nodalmerge/clients/web/sdk.js:329:13)
    at process.processTicksAndRejections (node:internal/process/task_queues:103:5)
[nodalmerge] [sdk] direct upload failed; falling back to ws Error: upload-denied: use-ws
    at directUpload (file:///C:/Users/bgstr/source/repos/nodalmerge/clients/web/sdk.js:329:13)
    at process.processTicksAndRejections (node:internal/process/task_queues:103:5)
[nodalmerge] [sdk] direct upload failed; falling back to ws Error: upload-denied: use-ws
    at directUpload (file:///C:/Users/bgstr/source/repos/nodalmerge/clients/web/sdk.js:329:13)
    at process.processTicksAndRejections (node:internal/process/task_queues:103:5)
[nodalmerge] [sdk] direct upload failed; falling back to ws Error: upload-denied: use-ws
    at directUpload (file:///C:/Users/bgstr/source/repos/nodalmerge/clients/web/sdk.js:329:13)
    at process.processTicksAndRejections (node:internal/process/task_queues:103:5)
[nodalmerge] [sdk] direct upload failed; falling back to ws Error: upload-denied: use-ws
    at directUpload (file:///C:/Users/bgstr/source/repos/nodalmerge/clients/web/sdk.js:329:13)
    at process.processTicksAndRejections (node:internal/process/task_queues:103:5)
[nodalmerge] [sdk] direct upload failed; falling back to ws Error: upload-denied: use-ws
    at directUpload (file:///C:/Users/bgstr/source/repos/nodalmerge/clients/web/sdk.js:329:13)
    at process.processTicksAndRejections (node:internal/process/task_queues:103:5)
[nodalmerge] [sdk] direct upload failed; falling back to ws Error: upload-denied: use-ws
    at directUpload (file:///C:/Users/bgstr/source/repos/nodalmerge/clients/web/sdk.js:329:13)
    at process.processTicksAndRejections (node:internal/process/task_queues:103:5)
[nodalmerge] [sdk] direct upload failed; falling back to ws Error: upload-denied: use-ws
    at directUpload (file:///C:/Users/bgstr/source/repos/nodalmerge/clients/web/sdk.js:329:13)
    at process.processTicksAndRejections (node:internal/process/task_queues:103:5)
[nodalmerge] [sdk] direct upload failed; falling back to ws Error: upload-denied: use-ws
    at directUpload (file:///C:/Users/bgstr/source/repos/nodalmerge/clients/web/sdk.js:329:13)
    at process.processTicksAndRejections (node:internal/process/task_queues:103:5)
[nodalmerge] [sdk] direct upload failed; falling back to ws Error: upload-denied: use-ws
    at directUpload (file:///C:/Users/bgstr/source/repos/nodalmerge/clients/web/sdk.js:329:13)
    at process.processTicksAndRejections (node:internal/process/task_queues:103:5)
[nodalmerge] [sdk] direct upload failed; falling back to ws Error: upload-denied: use-ws
    at directUpload (file:///C:/Users/bgstr/source/repos/nodalmerge/clients/web/sdk.js:329:13)
    at process.processTicksAndRejections (node:internal/process/task_queues:103:5)
[nodalmerge] [sdk] direct upload failed; falling back to ws Error: upload-denied: use-ws
    at directUpload (file:///C:/Users/bgstr/source/repos/nodalmerge/clients/web/sdk.js:329:13)
    at process.processTicksAndRejections (node:internal/process/task_queues:103:5)
[nodalmerge] [sdk] direct upload failed; falling back to ws Error: upload-denied: use-ws
    at directUpload (file:///C:/Users/bgstr/source/repos/nodalmerge/clients/web/sdk.js:329:13)
    at process.processTicksAndRejections (node:internal/process/task_queues:103:5)
[nodalmerge] [sdk] direct upload failed; falling back to ws Error: upload-denied: use-ws
    at directUpload (file:///C:/Users/bgstr/source/repos/nodalmerge/clients/web/sdk.js:329:13)
    at process.processTicksAndRejections (node:internal/process/task_queues:103:5)
[nodalmerge] [sdk] direct upload failed; falling back to ws Error: upload-denied: use-ws
    at directUpload (file:///C:/Users/bgstr/source/repos/nodalmerge/clients/web/sdk.js:329:13)
    at process.processTicksAndRejections (node:internal/process/task_queues:103:5)
[nodalmerge] [sdk] direct upload failed; falling back to ws Error: upload-denied: use-ws
    at directUpload (file:///C:/Users/bgstr/source/repos/nodalmerge/clients/web/sdk.js:329:13)
    at process.processTicksAndRejections (node:internal/process/task_queues:103:5)
  peers=6 iter=6 warmup=47.039ms map=352.594ms list=428.218ms blob=369.544ms
[nodalmerge] [sdk] direct upload failed; falling back to ws Error: upload-denied: use-ws
    at directUpload (file:///C:/Users/bgstr/source/repos/nodalmerge/clients/web/sdk.js:329:13)
    at process.processTicksAndRejections (node:internal/process/task_queues:103:5)
[nodalmerge] [sdk] direct upload failed; falling back to ws Error: upload-denied: use-ws
    at directUpload (file:///C:/Users/bgstr/source/repos/nodalmerge/clients/web/sdk.js:329:13)
    at process.processTicksAndRejections (node:internal/process/task_queues:103:5)
[nodalmerge] [sdk] direct upload failed; falling back to ws Error: upload-denied: use-ws
    at directUpload (file:///C:/Users/bgstr/source/repos/nodalmerge/clients/web/sdk.js:329:13)
    at process.processTicksAndRejections (node:internal/process/task_queues:103:5)
[nodalmerge] [sdk] direct upload failed; falling back to ws Error: upload-denied: use-ws
    at directUpload (file:///C:/Users/bgstr/source/repos/nodalmerge/clients/web/sdk.js:329:13)
    at process.processTicksAndRejections (node:internal/process/task_queues:103:5)
[nodalmerge] [sdk] direct upload failed; falling back to ws Error: upload-denied: use-ws
    at directUpload (file:///C:/Users/bgstr/source/repos/nodalmerge/clients/web/sdk.js:329:13)
    at process.processTicksAndRejections (node:internal/process/task_queues:103:5)
[nodalmerge] [sdk] direct upload failed; falling back to ws Error: upload-denied: use-ws
    at directUpload (file:///C:/Users/bgstr/source/repos/nodalmerge/clients/web/sdk.js:329:13)
    at process.processTicksAndRejections (node:internal/process/task_queues:103:5)
[nodalmerge] [sdk] direct upload failed; falling back to ws Error: upload-denied: use-ws
    at directUpload (file:///C:/Users/bgstr/source/repos/nodalmerge/clients/web/sdk.js:329:13)
    at process.processTicksAndRejections (node:internal/process/task_queues:103:5)
[nodalmerge] [sdk] direct upload failed; falling back to ws Error: upload-denied: use-ws
    at directUpload (file:///C:/Users/bgstr/source/repos/nodalmerge/clients/web/sdk.js:329:13)
    at process.processTicksAndRejections (node:internal/process/task_queues:103:5)
[nodalmerge] [sdk] direct upload failed; falling back to ws Error: upload-denied: use-ws
    at directUpload (file:///C:/Users/bgstr/source/repos/nodalmerge/clients/web/sdk.js:329:13)
    at process.processTicksAndRejections (node:internal/process/task_queues:103:5)
[nodalmerge] [sdk] direct upload failed; falling back to ws Error: upload-denied: use-ws
    at directUpload (file:///C:/Users/bgstr/source/repos/nodalmerge/clients/web/sdk.js:329:13)
    at process.processTicksAndRejections (node:internal/process/task_queues:103:5)
[nodalmerge] [sdk] direct upload failed; falling back to ws Error: upload-denied: use-ws
    at directUpload (file:///C:/Users/bgstr/source/repos/nodalmerge/clients/web/sdk.js:329:13)
    at process.processTicksAndRejections (node:internal/process/task_queues:103:5)
[nodalmerge] [sdk] direct upload failed; falling back to ws Error: upload-denied: use-ws
    at directUpload (file:///C:/Users/bgstr/source/repos/nodalmerge/clients/web/sdk.js:329:13)
    at process.processTicksAndRejections (node:internal/process/task_queues:103:5)
[nodalmerge] [sdk] direct upload failed; falling back to ws Error: upload-denied: use-ws
    at directUpload (file:///C:/Users/bgstr/source/repos/nodalmerge/clients/web/sdk.js:329:13)
    at process.processTicksAndRejections (node:internal/process/task_queues:103:5)
[nodalmerge] [sdk] direct upload failed; falling back to ws Error: upload-denied: use-ws
    at directUpload (file:///C:/Users/bgstr/source/repos/nodalmerge/clients/web/sdk.js:329:13)
    at process.processTicksAndRejections (node:internal/process/task_queues:103:5)
[nodalmerge] [sdk] direct upload failed; falling back to ws Error: upload-denied: use-ws
    at directUpload (file:///C:/Users/bgstr/source/repos/nodalmerge/clients/web/sdk.js:329:13)
    at process.processTicksAndRejections (node:internal/process/task_queues:103:5)
[nodalmerge] [sdk] direct upload failed; falling back to ws Error: upload-denied: use-ws
    at directUpload (file:///C:/Users/bgstr/source/repos/nodalmerge/clients/web/sdk.js:329:13)
    at process.processTicksAndRejections (node:internal/process/task_queues:103:5)
[nodalmerge] [sdk] direct upload failed; falling back to ws Error: upload-denied: use-ws
    at directUpload (file:///C:/Users/bgstr/source/repos/nodalmerge/clients/web/sdk.js:329:13)
    at process.processTicksAndRejections (node:internal/process/task_queues:103:5)
[nodalmerge] [sdk] direct upload failed; falling back to ws Error: upload-denied: use-ws
    at directUpload (file:///C:/Users/bgstr/source/repos/nodalmerge/clients/web/sdk.js:329:13)
    at process.processTicksAndRejections (node:internal/process/task_queues:103:5)
[nodalmerge] [sdk] direct upload failed; falling back to ws Error: upload-denied: use-ws
    at directUpload (file:///C:/Users/bgstr/source/repos/nodalmerge/clients/web/sdk.js:329:13)
    at process.processTicksAndRejections (node:internal/process/task_queues:103:5)
[nodalmerge] [sdk] direct upload failed; falling back to ws Error: upload-denied: use-ws
    at directUpload (file:///C:/Users/bgstr/source/repos/nodalmerge/clients/web/sdk.js:329:13)
    at process.processTicksAndRejections (node:internal/process/task_queues:103:5)
[nodalmerge] [sdk] direct upload failed; falling back to ws Error: upload-denied: use-ws
    at directUpload (file:///C:/Users/bgstr/source/repos/nodalmerge/clients/web/sdk.js:329:13)
    at process.processTicksAndRejections (node:internal/process/task_queues:103:5)
[nodalmerge] [sdk] direct upload failed; falling back to ws Error: upload-denied: use-ws
    at directUpload (file:///C:/Users/bgstr/source/repos/nodalmerge/clients/web/sdk.js:329:13)
    at process.processTicksAndRejections (node:internal/process/task_queues:103:5)
[nodalmerge] [sdk] direct upload failed; falling back to ws Error: upload-denied: use-ws
    at directUpload (file:///C:/Users/bgstr/source/repos/nodalmerge/clients/web/sdk.js:329:13)
    at process.processTicksAndRejections (node:internal/process/task_queues:103:5)
[nodalmerge] [sdk] direct upload failed; falling back to ws Error: upload-denied: use-ws
    at directUpload (file:///C:/Users/bgstr/source/repos/nodalmerge/clients/web/sdk.js:329:13)
    at process.processTicksAndRejections (node:internal/process/task_queues:103:5)
[nodalmerge] [sdk] direct upload failed; falling back to ws Error: upload-denied: use-ws
    at directUpload (file:///C:/Users/bgstr/source/repos/nodalmerge/clients/web/sdk.js:329:13)
    at process.processTicksAndRejections (node:internal/process/task_queues:103:5)
[nodalmerge] [sdk] direct upload failed; falling back to ws Error: upload-denied: use-ws
    at directUpload (file:///C:/Users/bgstr/source/repos/nodalmerge/clients/web/sdk.js:329:13)
    at process.processTicksAndRejections (node:internal/process/task_queues:103:5)
[nodalmerge] [sdk] direct upload failed; falling back to ws Error: upload-denied: use-ws
    at directUpload (file:///C:/Users/bgstr/source/repos/nodalmerge/clients/web/sdk.js:329:13)
    at process.processTicksAndRejections (node:internal/process/task_queues:103:5)
[nodalmerge] [sdk] direct upload failed; falling back to ws Error: upload-denied: use-ws
    at directUpload (file:///C:/Users/bgstr/source/repos/nodalmerge/clients/web/sdk.js:329:13)
    at process.processTicksAndRejections (node:internal/process/task_queues:103:5)
[nodalmerge] [sdk] direct upload failed; falling back to ws Error: upload-denied: use-ws
    at directUpload (file:///C:/Users/bgstr/source/repos/nodalmerge/clients/web/sdk.js:329:13)
    at process.processTicksAndRejections (node:internal/process/task_queues:103:5)
[nodalmerge] [sdk] direct upload failed; falling back to ws Error: upload-denied: use-ws
    at directUpload (file:///C:/Users/bgstr/source/repos/nodalmerge/clients/web/sdk.js:329:13)
    at process.processTicksAndRejections (node:internal/process/task_queues:103:5)
  peers=6 iter=7 warmup=46.507ms map=354.045ms list=440.687ms blob=355.677ms
[nodalmerge] [sdk] direct upload failed; falling back to ws Error: upload-denied: use-ws
    at directUpload (file:///C:/Users/bgstr/source/repos/nodalmerge/clients/web/sdk.js:329:13)
    at process.processTicksAndRejections (node:internal/process/task_queues:103:5)
[nodalmerge] [sdk] direct upload failed; falling back to ws Error: upload-denied: use-ws
    at directUpload (file:///C:/Users/bgstr/source/repos/nodalmerge/clients/web/sdk.js:329:13)
    at process.processTicksAndRejections (node:internal/process/task_queues:103:5)
[nodalmerge] [sdk] direct upload failed; falling back to ws Error: upload-denied: use-ws
    at directUpload (file:///C:/Users/bgstr/source/repos/nodalmerge/clients/web/sdk.js:329:13)
    at process.processTicksAndRejections (node:internal/process/task_queues:103:5)
[nodalmerge] [sdk] direct upload failed; falling back to ws Error: upload-denied: use-ws
    at directUpload (file:///C:/Users/bgstr/source/repos/nodalmerge/clients/web/sdk.js:329:13)
    at process.processTicksAndRejections (node:internal/process/task_queues:103:5)
[nodalmerge] [sdk] direct upload failed; falling back to ws Error: upload-denied: use-ws
    at directUpload (file:///C:/Users/bgstr/source/repos/nodalmerge/clients/web/sdk.js:329:13)
    at process.processTicksAndRejections (node:internal/process/task_queues:103:5)
[nodalmerge] [sdk] direct upload failed; falling back to ws Error: upload-denied: use-ws
    at directUpload (file:///C:/Users/bgstr/source/repos/nodalmerge/clients/web/sdk.js:329:13)
    at process.processTicksAndRejections (node:internal/process/task_queues:103:5)
[nodalmerge] [sdk] direct upload failed; falling back to ws Error: upload-denied: use-ws
    at directUpload (file:///C:/Users/bgstr/source/repos/nodalmerge/clients/web/sdk.js:329:13)
    at process.processTicksAndRejections (node:internal/process/task_queues:103:5)
[nodalmerge] [sdk] direct upload failed; falling back to ws Error: upload-denied: use-ws
    at directUpload (file:///C:/Users/bgstr/source/repos/nodalmerge/clients/web/sdk.js:329:13)
    at process.processTicksAndRejections (node:internal/process/task_queues:103:5)
[nodalmerge] [sdk] direct upload failed; falling back to ws Error: upload-denied: use-ws
    at directUpload (file:///C:/Users/bgstr/source/repos/nodalmerge/clients/web/sdk.js:329:13)
    at process.processTicksAndRejections (node:internal/process/task_queues:103:5)
[nodalmerge] [sdk] direct upload failed; falling back to ws Error: upload-denied: use-ws
    at directUpload (file:///C:/Users/bgstr/source/repos/nodalmerge/clients/web/sdk.js:329:13)
    at process.processTicksAndRejections (node:internal/process/task_queues:103:5)
[nodalmerge] [sdk] direct upload failed; falling back to ws Error: upload-denied: use-ws
    at directUpload (file:///C:/Users/bgstr/source/repos/nodalmerge/clients/web/sdk.js:329:13)
    at process.processTicksAndRejections (node:internal/process/task_queues:103:5)
[nodalmerge] [sdk] direct upload failed; falling back to ws Error: upload-denied: use-ws
    at directUpload (file:///C:/Users/bgstr/source/repos/nodalmerge/clients/web/sdk.js:329:13)
    at process.processTicksAndRejections (node:internal/process/task_queues:103:5)
[nodalmerge] [sdk] direct upload failed; falling back to ws Error: upload-denied: use-ws
    at directUpload (file:///C:/Users/bgstr/source/repos/nodalmerge/clients/web/sdk.js:329:13)
    at process.processTicksAndRejections (node:internal/process/task_queues:103:5)
[nodalmerge] [sdk] direct upload failed; falling back to ws Error: upload-denied: use-ws
    at directUpload (file:///C:/Users/bgstr/source/repos/nodalmerge/clients/web/sdk.js:329:13)
    at process.processTicksAndRejections (node:internal/process/task_queues:103:5)
[nodalmerge] [sdk] direct upload failed; falling back to ws Error: upload-denied: use-ws
    at directUpload (file:///C:/Users/bgstr/source/repos/nodalmerge/clients/web/sdk.js:329:13)
    at process.processTicksAndRejections (node:internal/process/task_queues:103:5)
[nodalmerge] [sdk] direct upload failed; falling back to ws Error: upload-denied: use-ws
    at directUpload (file:///C:/Users/bgstr/source/repos/nodalmerge/clients/web/sdk.js:329:13)
    at process.processTicksAndRejections (node:internal/process/task_queues:103:5)
[nodalmerge] [sdk] direct upload failed; falling back to ws Error: upload-denied: use-ws
    at directUpload (file:///C:/Users/bgstr/source/repos/nodalmerge/clients/web/sdk.js:329:13)
    at process.processTicksAndRejections (node:internal/process/task_queues:103:5)
[nodalmerge] [sdk] direct upload failed; falling back to ws Error: upload-denied: use-ws
    at directUpload (file:///C:/Users/bgstr/source/repos/nodalmerge/clients/web/sdk.js:329:13)
    at process.processTicksAndRejections (node:internal/process/task_queues:103:5)
[nodalmerge] [sdk] direct upload failed; falling back to ws Error: upload-denied: use-ws
    at directUpload (file:///C:/Users/bgstr/source/repos/nodalmerge/clients/web/sdk.js:329:13)
    at process.processTicksAndRejections (node:internal/process/task_queues:103:5)
[nodalmerge] [sdk] direct upload failed; falling back to ws Error: upload-denied: use-ws
    at directUpload (file:///C:/Users/bgstr/source/repos/nodalmerge/clients/web/sdk.js:329:13)
    at process.processTicksAndRejections (node:internal/process/task_queues:103:5)
[nodalmerge] [sdk] direct upload failed; falling back to ws Error: upload-denied: use-ws
    at directUpload (file:///C:/Users/bgstr/source/repos/nodalmerge/clients/web/sdk.js:329:13)
    at process.processTicksAndRejections (node:internal/process/task_queues:103:5)
[nodalmerge] [sdk] direct upload failed; falling back to ws Error: upload-denied: use-ws
    at directUpload (file:///C:/Users/bgstr/source/repos/nodalmerge/clients/web/sdk.js:329:13)
    at process.processTicksAndRejections (node:internal/process/task_queues:103:5)
[nodalmerge] [sdk] direct upload failed; falling back to ws Error: upload-denied: use-ws
    at directUpload (file:///C:/Users/bgstr/source/repos/nodalmerge/clients/web/sdk.js:329:13)
    at process.processTicksAndRejections (node:internal/process/task_queues:103:5)
[nodalmerge] [sdk] direct upload failed; falling back to ws Error: upload-denied: use-ws
    at directUpload (file:///C:/Users/bgstr/source/repos/nodalmerge/clients/web/sdk.js:329:13)
    at process.processTicksAndRejections (node:internal/process/task_queues:103:5)
[nodalmerge] [sdk] direct upload failed; falling back to ws Error: upload-denied: use-ws
    at directUpload (file:///C:/Users/bgstr/source/repos/nodalmerge/clients/web/sdk.js:329:13)
    at process.processTicksAndRejections (node:internal/process/task_queues:103:5)
[nodalmerge] [sdk] direct upload failed; falling back to ws Error: upload-denied: use-ws
    at directUpload (file:///C:/Users/bgstr/source/repos/nodalmerge/clients/web/sdk.js:329:13)
    at process.processTicksAndRejections (node:internal/process/task_queues:103:5)
[nodalmerge] [sdk] direct upload failed; falling back to ws Error: upload-denied: use-ws
    at directUpload (file:///C:/Users/bgstr/source/repos/nodalmerge/clients/web/sdk.js:329:13)
    at process.processTicksAndRejections (node:internal/process/task_queues:103:5)
[nodalmerge] [sdk] direct upload failed; falling back to ws Error: upload-denied: use-ws
    at directUpload (file:///C:/Users/bgstr/source/repos/nodalmerge/clients/web/sdk.js:329:13)
    at process.processTicksAndRejections (node:internal/process/task_queues:103:5)
[nodalmerge] [sdk] direct upload failed; falling back to ws Error: upload-denied: use-ws
    at directUpload (file:///C:/Users/bgstr/source/repos/nodalmerge/clients/web/sdk.js:329:13)
    at process.processTicksAndRejections (node:internal/process/task_queues:103:5)
[nodalmerge] [sdk] direct upload failed; falling back to ws Error: upload-denied: use-ws
    at directUpload (file:///C:/Users/bgstr/source/repos/nodalmerge/clients/web/sdk.js:329:13)
    at process.processTicksAndRejections (node:internal/process/task_queues:103:5)
  peers=6 iter=8 warmup=46.919ms map=321.981ms list=443.624ms blob=371.05ms
[nodalmerge] [sdk] direct upload failed; falling back to ws Error: upload-denied: use-ws
    at directUpload (file:///C:/Users/bgstr/source/repos/nodalmerge/clients/web/sdk.js:329:13)
    at process.processTicksAndRejections (node:internal/process/task_queues:103:5)
[nodalmerge] [sdk] direct upload failed; falling back to ws Error: upload-denied: use-ws
    at directUpload (file:///C:/Users/bgstr/source/repos/nodalmerge/clients/web/sdk.js:329:13)
    at process.processTicksAndRejections (node:internal/process/task_queues:103:5)
[nodalmerge] [sdk] direct upload failed; falling back to ws Error: upload-denied: use-ws
    at directUpload (file:///C:/Users/bgstr/source/repos/nodalmerge/clients/web/sdk.js:329:13)
    at process.processTicksAndRejections (node:internal/process/task_queues:103:5)
[nodalmerge] [sdk] direct upload failed; falling back to ws Error: upload-denied: use-ws
    at directUpload (file:///C:/Users/bgstr/source/repos/nodalmerge/clients/web/sdk.js:329:13)
    at process.processTicksAndRejections (node:internal/process/task_queues:103:5)
[nodalmerge] [sdk] direct upload failed; falling back to ws Error: upload-denied: use-ws
    at directUpload (file:///C:/Users/bgstr/source/repos/nodalmerge/clients/web/sdk.js:329:13)
    at process.processTicksAndRejections (node:internal/process/task_queues:103:5)
[nodalmerge] [sdk] direct upload failed; falling back to ws Error: upload-denied: use-ws
    at directUpload (file:///C:/Users/bgstr/source/repos/nodalmerge/clients/web/sdk.js:329:13)
    at process.processTicksAndRejections (node:internal/process/task_queues:103:5)
[nodalmerge] [sdk] direct upload failed; falling back to ws Error: upload-denied: use-ws
    at directUpload (file:///C:/Users/bgstr/source/repos/nodalmerge/clients/web/sdk.js:329:13)
    at process.processTicksAndRejections (node:internal/process/task_queues:103:5)
[nodalmerge] [sdk] direct upload failed; falling back to ws Error: upload-denied: use-ws
    at directUpload (file:///C:/Users/bgstr/source/repos/nodalmerge/clients/web/sdk.js:329:13)
    at process.processTicksAndRejections (node:internal/process/task_queues:103:5)
[nodalmerge] [sdk] direct upload failed; falling back to ws Error: upload-denied: use-ws
    at directUpload (file:///C:/Users/bgstr/source/repos/nodalmerge/clients/web/sdk.js:329:13)
    at process.processTicksAndRejections (node:internal/process/task_queues:103:5)
[nodalmerge] [sdk] direct upload failed; falling back to ws Error: upload-denied: use-ws
    at directUpload (file:///C:/Users/bgstr/source/repos/nodalmerge/clients/web/sdk.js:329:13)
    at process.processTicksAndRejections (node:internal/process/task_queues:103:5)
[nodalmerge] [sdk] direct upload failed; falling back to ws Error: upload-denied: use-ws
    at directUpload (file:///C:/Users/bgstr/source/repos/nodalmerge/clients/web/sdk.js:329:13)
    at process.processTicksAndRejections (node:internal/process/task_queues:103:5)
[nodalmerge] [sdk] direct upload failed; falling back to ws Error: upload-denied: use-ws
    at directUpload (file:///C:/Users/bgstr/source/repos/nodalmerge/clients/web/sdk.js:329:13)
    at process.processTicksAndRejections (node:internal/process/task_queues:103:5)
[nodalmerge] [sdk] direct upload failed; falling back to ws Error: upload-denied: use-ws
    at directUpload (file:///C:/Users/bgstr/source/repos/nodalmerge/clients/web/sdk.js:329:13)
    at process.processTicksAndRejections (node:internal/process/task_queues:103:5)
[nodalmerge] [sdk] direct upload failed; falling back to ws Error: upload-denied: use-ws
    at directUpload (file:///C:/Users/bgstr/source/repos/nodalmerge/clients/web/sdk.js:329:13)
    at process.processTicksAndRejections (node:internal/process/task_queues:103:5)
[nodalmerge] [sdk] direct upload failed; falling back to ws Error: upload-denied: use-ws
    at directUpload (file:///C:/Users/bgstr/source/repos/nodalmerge/clients/web/sdk.js:329:13)
    at process.processTicksAndRejections (node:internal/process/task_queues:103:5)
[nodalmerge] [sdk] direct upload failed; falling back to ws Error: upload-denied: use-ws
    at directUpload (file:///C:/Users/bgstr/source/repos/nodalmerge/clients/web/sdk.js:329:13)
    at process.processTicksAndRejections (node:internal/process/task_queues:103:5)
[nodalmerge] [sdk] direct upload failed; falling back to ws Error: upload-denied: use-ws
    at directUpload (file:///C:/Users/bgstr/source/repos/nodalmerge/clients/web/sdk.js:329:13)
    at process.processTicksAndRejections (node:internal/process/task_queues:103:5)
[nodalmerge] [sdk] direct upload failed; falling back to ws Error: upload-denied: use-ws
    at directUpload (file:///C:/Users/bgstr/source/repos/nodalmerge/clients/web/sdk.js:329:13)
    at process.processTicksAndRejections (node:internal/process/task_queues:103:5)
[nodalmerge] [sdk] direct upload failed; falling back to ws Error: upload-denied: use-ws
    at directUpload (file:///C:/Users/bgstr/source/repos/nodalmerge/clients/web/sdk.js:329:13)
    at process.processTicksAndRejections (node:internal/process/task_queues:103:5)
[nodalmerge] [sdk] direct upload failed; falling back to ws Error: upload-denied: use-ws
    at directUpload (file:///C:/Users/bgstr/source/repos/nodalmerge/clients/web/sdk.js:329:13)
    at process.processTicksAndRejections (node:internal/process/task_queues:103:5)
[nodalmerge] [sdk] direct upload failed; falling back to ws Error: upload-denied: use-ws
    at directUpload (file:///C:/Users/bgstr/source/repos/nodalmerge/clients/web/sdk.js:329:13)
    at process.processTicksAndRejections (node:internal/process/task_queues:103:5)
[nodalmerge] [sdk] direct upload failed; falling back to ws Error: upload-denied: use-ws
    at directUpload (file:///C:/Users/bgstr/source/repos/nodalmerge/clients/web/sdk.js:329:13)
    at process.processTicksAndRejections (node:internal/process/task_queues:103:5)
[nodalmerge] [sdk] direct upload failed; falling back to ws Error: upload-denied: use-ws
    at directUpload (file:///C:/Users/bgstr/source/repos/nodalmerge/clients/web/sdk.js:329:13)
    at process.processTicksAndRejections (node:internal/process/task_queues:103:5)
[nodalmerge] [sdk] direct upload failed; falling back to ws Error: upload-denied: use-ws
    at directUpload (file:///C:/Users/bgstr/source/repos/nodalmerge/clients/web/sdk.js:329:13)
    at process.processTicksAndRejections (node:internal/process/task_queues:103:5)
[nodalmerge] [sdk] direct upload failed; falling back to ws Error: upload-denied: use-ws
    at directUpload (file:///C:/Users/bgstr/source/repos/nodalmerge/clients/web/sdk.js:329:13)
    at process.processTicksAndRejections (node:internal/process/task_queues:103:5)
[nodalmerge] [sdk] direct upload failed; falling back to ws Error: upload-denied: use-ws
    at directUpload (file:///C:/Users/bgstr/source/repos/nodalmerge/clients/web/sdk.js:329:13)
    at process.processTicksAndRejections (node:internal/process/task_queues:103:5)
[nodalmerge] [sdk] direct upload failed; falling back to ws Error: upload-denied: use-ws
    at directUpload (file:///C:/Users/bgstr/source/repos/nodalmerge/clients/web/sdk.js:329:13)
    at process.processTicksAndRejections (node:internal/process/task_queues:103:5)
[nodalmerge] [sdk] direct upload failed; falling back to ws Error: upload-denied: use-ws
    at directUpload (file:///C:/Users/bgstr/source/repos/nodalmerge/clients/web/sdk.js:329:13)
    at process.processTicksAndRejections (node:internal/process/task_queues:103:5)
[nodalmerge] [sdk] direct upload failed; falling back to ws Error: upload-denied: use-ws
    at directUpload (file:///C:/Users/bgstr/source/repos/nodalmerge/clients/web/sdk.js:329:13)
    at process.processTicksAndRejections (node:internal/process/task_queues:103:5)
[nodalmerge] [sdk] direct upload failed; falling back to ws Error: upload-denied: use-ws
    at directUpload (file:///C:/Users/bgstr/source/repos/nodalmerge/clients/web/sdk.js:329:13)
    at process.processTicksAndRejections (node:internal/process/task_queues:103:5)
  peers=6 iter=9 warmup=45.807ms map=322.13ms list=427.451ms blob=369.527ms
[nodalmerge] [sdk] direct upload failed; falling back to ws Error: upload-denied: use-ws
    at directUpload (file:///C:/Users/bgstr/source/repos/nodalmerge/clients/web/sdk.js:329:13)
    at process.processTicksAndRejections (node:internal/process/task_queues:103:5)
[nodalmerge] [sdk] direct upload failed; falling back to ws Error: upload-denied: use-ws
    at directUpload (file:///C:/Users/bgstr/source/repos/nodalmerge/clients/web/sdk.js:329:13)
    at process.processTicksAndRejections (node:internal/process/task_queues:103:5)
[nodalmerge] [sdk] direct upload failed; falling back to ws Error: upload-denied: use-ws
    at directUpload (file:///C:/Users/bgstr/source/repos/nodalmerge/clients/web/sdk.js:329:13)
    at process.processTicksAndRejections (node:internal/process/task_queues:103:5)
[nodalmerge] [sdk] direct upload failed; falling back to ws Error: upload-denied: use-ws
    at directUpload (file:///C:/Users/bgstr/source/repos/nodalmerge/clients/web/sdk.js:329:13)
    at process.processTicksAndRejections (node:internal/process/task_queues:103:5)
[nodalmerge] [sdk] direct upload failed; falling back to ws Error: upload-denied: use-ws
    at directUpload (file:///C:/Users/bgstr/source/repos/nodalmerge/clients/web/sdk.js:329:13)
    at process.processTicksAndRejections (node:internal/process/task_queues:103:5)
[nodalmerge] [sdk] direct upload failed; falling back to ws Error: upload-denied: use-ws
    at directUpload (file:///C:/Users/bgstr/source/repos/nodalmerge/clients/web/sdk.js:329:13)
    at process.processTicksAndRejections (node:internal/process/task_queues:103:5)
[nodalmerge] [sdk] direct upload failed; falling back to ws Error: upload-denied: use-ws
    at directUpload (file:///C:/Users/bgstr/source/repos/nodalmerge/clients/web/sdk.js:329:13)
    at process.processTicksAndRejections (node:internal/process/task_queues:103:5)
[nodalmerge] [sdk] direct upload failed; falling back to ws Error: upload-denied: use-ws
    at directUpload (file:///C:/Users/bgstr/source/repos/nodalmerge/clients/web/sdk.js:329:13)
    at process.processTicksAndRejections (node:internal/process/task_queues:103:5)
[nodalmerge] [sdk] direct upload failed; falling back to ws Error: upload-denied: use-ws
    at directUpload (file:///C:/Users/bgstr/source/repos/nodalmerge/clients/web/sdk.js:329:13)
    at process.processTicksAndRejections (node:internal/process/task_queues:103:5)
[nodalmerge] [sdk] direct upload failed; falling back to ws Error: upload-denied: use-ws
    at directUpload (file:///C:/Users/bgstr/source/repos/nodalmerge/clients/web/sdk.js:329:13)
    at process.processTicksAndRejections (node:internal/process/task_queues:103:5)
[nodalmerge] [sdk] direct upload failed; falling back to ws Error: upload-denied: use-ws
    at directUpload (file:///C:/Users/bgstr/source/repos/nodalmerge/clients/web/sdk.js:329:13)
    at process.processTicksAndRejections (node:internal/process/task_queues:103:5)
[nodalmerge] [sdk] direct upload failed; falling back to ws Error: upload-denied: use-ws
    at directUpload (file:///C:/Users/bgstr/source/repos/nodalmerge/clients/web/sdk.js:329:13)
    at process.processTicksAndRejections (node:internal/process/task_queues:103:5)
[nodalmerge] [sdk] direct upload failed; falling back to ws Error: upload-denied: use-ws
    at directUpload (file:///C:/Users/bgstr/source/repos/nodalmerge/clients/web/sdk.js:329:13)
    at process.processTicksAndRejections (node:internal/process/task_queues:103:5)
[nodalmerge] [sdk] direct upload failed; falling back to ws Error: upload-denied: use-ws
    at directUpload (file:///C:/Users/bgstr/source/repos/nodalmerge/clients/web/sdk.js:329:13)
    at process.processTicksAndRejections (node:internal/process/task_queues:103:5)
[nodalmerge] [sdk] direct upload failed; falling back to ws Error: upload-denied: use-ws
    at directUpload (file:///C:/Users/bgstr/source/repos/nodalmerge/clients/web/sdk.js:329:13)
    at process.processTicksAndRejections (node:internal/process/task_queues:103:5)
[nodalmerge] [sdk] direct upload failed; falling back to ws Error: upload-denied: use-ws
    at directUpload (file:///C:/Users/bgstr/source/repos/nodalmerge/clients/web/sdk.js:329:13)
    at process.processTicksAndRejections (node:internal/process/task_queues:103:5)
[nodalmerge] [sdk] direct upload failed; falling back to ws Error: upload-denied: use-ws
    at directUpload (file:///C:/Users/bgstr/source/repos/nodalmerge/clients/web/sdk.js:329:13)
    at process.processTicksAndRejections (node:internal/process/task_queues:103:5)
[nodalmerge] [sdk] direct upload failed; falling back to ws Error: upload-denied: use-ws
    at directUpload (file:///C:/Users/bgstr/source/repos/nodalmerge/clients/web/sdk.js:329:13)
    at process.processTicksAndRejections (node:internal/process/task_queues:103:5)
[nodalmerge] [sdk] direct upload failed; falling back to ws Error: upload-denied: use-ws
    at directUpload (file:///C:/Users/bgstr/source/repos/nodalmerge/clients/web/sdk.js:329:13)
    at process.processTicksAndRejections (node:internal/process/task_queues:103:5)
[nodalmerge] [sdk] direct upload failed; falling back to ws Error: upload-denied: use-ws
    at directUpload (file:///C:/Users/bgstr/source/repos/nodalmerge/clients/web/sdk.js:329:13)
    at process.processTicksAndRejections (node:internal/process/task_queues:103:5)
[nodalmerge] [sdk] direct upload failed; falling back to ws Error: upload-denied: use-ws
    at directUpload (file:///C:/Users/bgstr/source/repos/nodalmerge/clients/web/sdk.js:329:13)
    at process.processTicksAndRejections (node:internal/process/task_queues:103:5)
[nodalmerge] [sdk] direct upload failed; falling back to ws Error: upload-denied: use-ws
    at directUpload (file:///C:/Users/bgstr/source/repos/nodalmerge/clients/web/sdk.js:329:13)
    at process.processTicksAndRejections (node:internal/process/task_queues:103:5)
[nodalmerge] [sdk] direct upload failed; falling back to ws Error: upload-denied: use-ws
    at directUpload (file:///C:/Users/bgstr/source/repos/nodalmerge/clients/web/sdk.js:329:13)
    at process.processTicksAndRejections (node:internal/process/task_queues:103:5)
[nodalmerge] [sdk] direct upload failed; falling back to ws Error: upload-denied: use-ws
    at directUpload (file:///C:/Users/bgstr/source/repos/nodalmerge/clients/web/sdk.js:329:13)
    at process.processTicksAndRejections (node:internal/process/task_queues:103:5)
[nodalmerge] [sdk] direct upload failed; falling back to ws Error: upload-denied: use-ws
    at directUpload (file:///C:/Users/bgstr/source/repos/nodalmerge/clients/web/sdk.js:329:13)
    at process.processTicksAndRejections (node:internal/process/task_queues:103:5)
[nodalmerge] [sdk] direct upload failed; falling back to ws Error: upload-denied: use-ws
    at directUpload (file:///C:/Users/bgstr/source/repos/nodalmerge/clients/web/sdk.js:329:13)
    at process.processTicksAndRejections (node:internal/process/task_queues:103:5)
[nodalmerge] [sdk] direct upload failed; falling back to ws Error: upload-denied: use-ws
    at directUpload (file:///C:/Users/bgstr/source/repos/nodalmerge/clients/web/sdk.js:329:13)
    at process.processTicksAndRejections (node:internal/process/task_queues:103:5)
[nodalmerge] [sdk] direct upload failed; falling back to ws Error: upload-denied: use-ws
    at directUpload (file:///C:/Users/bgstr/source/repos/nodalmerge/clients/web/sdk.js:329:13)
    at process.processTicksAndRejections (node:internal/process/task_queues:103:5)
[nodalmerge] [sdk] direct upload failed; falling back to ws Error: upload-denied: use-ws
    at directUpload (file:///C:/Users/bgstr/source/repos/nodalmerge/clients/web/sdk.js:329:13)
    at process.processTicksAndRejections (node:internal/process/task_queues:103:5)
[nodalmerge] [sdk] direct upload failed; falling back to ws Error: upload-denied: use-ws
    at directUpload (file:///C:/Users/bgstr/source/repos/nodalmerge/clients/web/sdk.js:329:13)
    at process.processTicksAndRejections (node:internal/process/task_queues:103:5)
  peers=6 iter=10 warmup=47.192ms map=317.423ms list=433.621ms blob=339.301ms
[nodalmerge] [sdk] direct upload failed; falling back to ws Error: upload-denied: use-ws
    at directUpload (file:///C:/Users/bgstr/source/repos/nodalmerge/clients/web/sdk.js:329:13)
    at process.processTicksAndRejections (node:internal/process/task_queues:103:5)
[nodalmerge] [sdk] direct upload failed; falling back to ws Error: upload-denied: use-ws
    at directUpload (file:///C:/Users/bgstr/source/repos/nodalmerge/clients/web/sdk.js:329:13)
    at process.processTicksAndRejections (node:internal/process/task_queues:103:5)
[nodalmerge] [sdk] direct upload failed; falling back to ws Error: upload-denied: use-ws
    at directUpload (file:///C:/Users/bgstr/source/repos/nodalmerge/clients/web/sdk.js:329:13)
    at process.processTicksAndRejections (node:internal/process/task_queues:103:5)
[nodalmerge] [sdk] direct upload failed; falling back to ws Error: upload-denied: use-ws
    at directUpload (file:///C:/Users/bgstr/source/repos/nodalmerge/clients/web/sdk.js:329:13)
    at process.processTicksAndRejections (node:internal/process/task_queues:103:5)
[nodalmerge] [sdk] direct upload failed; falling back to ws Error: upload-denied: use-ws
    at directUpload (file:///C:/Users/bgstr/source/repos/nodalmerge/clients/web/sdk.js:329:13)
    at process.processTicksAndRejections (node:internal/process/task_queues:103:5)
[nodalmerge] [sdk] direct upload failed; falling back to ws Error: upload-denied: use-ws
    at directUpload (file:///C:/Users/bgstr/source/repos/nodalmerge/clients/web/sdk.js:329:13)
    at process.processTicksAndRejections (node:internal/process/task_queues:103:5)
[nodalmerge] [sdk] direct upload failed; falling back to ws Error: upload-denied: use-ws
    at directUpload (file:///C:/Users/bgstr/source/repos/nodalmerge/clients/web/sdk.js:329:13)
    at process.processTicksAndRejections (node:internal/process/task_queues:103:5)
[nodalmerge] [sdk] direct upload failed; falling back to ws Error: upload-denied: use-ws
    at directUpload (file:///C:/Users/bgstr/source/repos/nodalmerge/clients/web/sdk.js:329:13)
    at process.processTicksAndRejections (node:internal/process/task_queues:103:5)
[nodalmerge] [sdk] direct upload failed; falling back to ws Error: upload-denied: use-ws
    at directUpload (file:///C:/Users/bgstr/source/repos/nodalmerge/clients/web/sdk.js:329:13)
    at process.processTicksAndRejections (node:internal/process/task_queues:103:5)
[nodalmerge] [sdk] direct upload failed; falling back to ws Error: upload-denied: use-ws
    at directUpload (file:///C:/Users/bgstr/source/repos/nodalmerge/clients/web/sdk.js:329:13)
    at process.processTicksAndRejections (node:internal/process/task_queues:103:5)
[nodalmerge] [sdk] direct upload failed; falling back to ws Error: upload-denied: use-ws
    at directUpload (file:///C:/Users/bgstr/source/repos/nodalmerge/clients/web/sdk.js:329:13)
    at process.processTicksAndRejections (node:internal/process/task_queues:103:5)
[nodalmerge] [sdk] direct upload failed; falling back to ws Error: upload-denied: use-ws
    at directUpload (file:///C:/Users/bgstr/source/repos/nodalmerge/clients/web/sdk.js:329:13)
    at process.processTicksAndRejections (node:internal/process/task_queues:103:5)
[nodalmerge] [sdk] direct upload failed; falling back to ws Error: upload-denied: use-ws
    at directUpload (file:///C:/Users/bgstr/source/repos/nodalmerge/clients/web/sdk.js:329:13)
    at process.processTicksAndRejections (node:internal/process/task_queues:103:5)
[nodalmerge] [sdk] direct upload failed; falling back to ws Error: upload-denied: use-ws
    at directUpload (file:///C:/Users/bgstr/source/repos/nodalmerge/clients/web/sdk.js:329:13)
    at process.processTicksAndRejections (node:internal/process/task_queues:103:5)
[nodalmerge] [sdk] direct upload failed; falling back to ws Error: upload-denied: use-ws
    at directUpload (file:///C:/Users/bgstr/source/repos/nodalmerge/clients/web/sdk.js:329:13)
    at process.processTicksAndRejections (node:internal/process/task_queues:103:5)
[nodalmerge] [sdk] direct upload failed; falling back to ws Error: upload-denied: use-ws
    at directUpload (file:///C:/Users/bgstr/source/repos/nodalmerge/clients/web/sdk.js:329:13)
    at process.processTicksAndRejections (node:internal/process/task_queues:103:5)
[nodalmerge] [sdk] direct upload failed; falling back to ws Error: upload-denied: use-ws
    at directUpload (file:///C:/Users/bgstr/source/repos/nodalmerge/clients/web/sdk.js:329:13)
    at process.processTicksAndRejections (node:internal/process/task_queues:103:5)
[nodalmerge] [sdk] direct upload failed; falling back to ws Error: upload-denied: use-ws
    at directUpload (file:///C:/Users/bgstr/source/repos/nodalmerge/clients/web/sdk.js:329:13)
    at process.processTicksAndRejections (node:internal/process/task_queues:103:5)
[nodalmerge] [sdk] direct upload failed; falling back to ws Error: upload-denied: use-ws
    at directUpload (file:///C:/Users/bgstr/source/repos/nodalmerge/clients/web/sdk.js:329:13)
    at process.processTicksAndRejections (node:internal/process/task_queues:103:5)
[nodalmerge] [sdk] direct upload failed; falling back to ws Error: upload-denied: use-ws
    at directUpload (file:///C:/Users/bgstr/source/repos/nodalmerge/clients/web/sdk.js:329:13)
    at process.processTicksAndRejections (node:internal/process/task_queues:103:5)
[nodalmerge] [sdk] direct upload failed; falling back to ws Error: upload-denied: use-ws
    at directUpload (file:///C:/Users/bgstr/source/repos/nodalmerge/clients/web/sdk.js:329:13)
    at process.processTicksAndRejections (node:internal/process/task_queues:103:5)
[nodalmerge] [sdk] direct upload failed; falling back to ws Error: upload-denied: use-ws
    at directUpload (file:///C:/Users/bgstr/source/repos/nodalmerge/clients/web/sdk.js:329:13)
    at process.processTicksAndRejections (node:internal/process/task_queues:103:5)
[nodalmerge] [sdk] direct upload failed; falling back to ws Error: upload-denied: use-ws
    at directUpload (file:///C:/Users/bgstr/source/repos/nodalmerge/clients/web/sdk.js:329:13)
    at process.processTicksAndRejections (node:internal/process/task_queues:103:5)
[nodalmerge] [sdk] direct upload failed; falling back to ws Error: upload-denied: use-ws
    at directUpload (file:///C:/Users/bgstr/source/repos/nodalmerge/clients/web/sdk.js:329:13)
    at process.processTicksAndRejections (node:internal/process/task_queues:103:5)
[nodalmerge] [sdk] direct upload failed; falling back to ws Error: upload-denied: use-ws
    at directUpload (file:///C:/Users/bgstr/source/repos/nodalmerge/clients/web/sdk.js:329:13)
    at process.processTicksAndRejections (node:internal/process/task_queues:103:5)
[nodalmerge] [sdk] direct upload failed; falling back to ws Error: upload-denied: use-ws
    at directUpload (file:///C:/Users/bgstr/source/repos/nodalmerge/clients/web/sdk.js:329:13)
    at process.processTicksAndRejections (node:internal/process/task_queues:103:5)
[nodalmerge] [sdk] direct upload failed; falling back to ws Error: upload-denied: use-ws
    at directUpload (file:///C:/Users/bgstr/source/repos/nodalmerge/clients/web/sdk.js:329:13)
    at process.processTicksAndRejections (node:internal/process/task_queues:103:5)
[nodalmerge] [sdk] direct upload failed; falling back to ws Error: upload-denied: use-ws
    at directUpload (file:///C:/Users/bgstr/source/repos/nodalmerge/clients/web/sdk.js:329:13)
    at process.processTicksAndRejections (node:internal/process/task_queues:103:5)
[nodalmerge] [sdk] direct upload failed; falling back to ws Error: upload-denied: use-ws
    at directUpload (file:///C:/Users/bgstr/source/repos/nodalmerge/clients/web/sdk.js:329:13)
    at process.processTicksAndRejections (node:internal/process/task_queues:103:5)
[nodalmerge] [sdk] direct upload failed; falling back to ws Error: upload-denied: use-ws
    at directUpload (file:///C:/Users/bgstr/source/repos/nodalmerge/clients/web/sdk.js:329:13)
    at process.processTicksAndRejections (node:internal/process/task_queues:103:5)
  peers=6 iter=11 warmup=46.655ms map=315.505ms list=433.434ms blob=325.39ms
[nodalmerge] [sdk] direct upload failed; falling back to ws Error: upload-denied: use-ws
    at directUpload (file:///C:/Users/bgstr/source/repos/nodalmerge/clients/web/sdk.js:329:13)
    at process.processTicksAndRejections (node:internal/process/task_queues:103:5)
[nodalmerge] [sdk] direct upload failed; falling back to ws Error: upload-denied: use-ws
    at directUpload (file:///C:/Users/bgstr/source/repos/nodalmerge/clients/web/sdk.js:329:13)
    at process.processTicksAndRejections (node:internal/process/task_queues:103:5)
[nodalmerge] [sdk] direct upload failed; falling back to ws Error: upload-denied: use-ws
    at directUpload (file:///C:/Users/bgstr/source/repos/nodalmerge/clients/web/sdk.js:329:13)
    at process.processTicksAndRejections (node:internal/process/task_queues:103:5)
[nodalmerge] [sdk] direct upload failed; falling back to ws Error: upload-denied: use-ws
    at directUpload (file:///C:/Users/bgstr/source/repos/nodalmerge/clients/web/sdk.js:329:13)
    at process.processTicksAndRejections (node:internal/process/task_queues:103:5)
[nodalmerge] [sdk] direct upload failed; falling back to ws Error: upload-denied: use-ws
    at directUpload (file:///C:/Users/bgstr/source/repos/nodalmerge/clients/web/sdk.js:329:13)
    at process.processTicksAndRejections (node:internal/process/task_queues:103:5)
[nodalmerge] [sdk] direct upload failed; falling back to ws Error: upload-denied: use-ws
    at directUpload (file:///C:/Users/bgstr/source/repos/nodalmerge/clients/web/sdk.js:329:13)
    at process.processTicksAndRejections (node:internal/process/task_queues:103:5)
[nodalmerge] [sdk] direct upload failed; falling back to ws Error: upload-denied: use-ws
    at directUpload (file:///C:/Users/bgstr/source/repos/nodalmerge/clients/web/sdk.js:329:13)
    at process.processTicksAndRejections (node:internal/process/task_queues:103:5)
[nodalmerge] [sdk] direct upload failed; falling back to ws Error: upload-denied: use-ws
    at directUpload (file:///C:/Users/bgstr/source/repos/nodalmerge/clients/web/sdk.js:329:13)
    at process.processTicksAndRejections (node:internal/process/task_queues:103:5)
[nodalmerge] [sdk] direct upload failed; falling back to ws Error: upload-denied: use-ws
    at directUpload (file:///C:/Users/bgstr/source/repos/nodalmerge/clients/web/sdk.js:329:13)
    at process.processTicksAndRejections (node:internal/process/task_queues:103:5)
[nodalmerge] [sdk] direct upload failed; falling back to ws Error: upload-denied: use-ws
    at directUpload (file:///C:/Users/bgstr/source/repos/nodalmerge/clients/web/sdk.js:329:13)
    at process.processTicksAndRejections (node:internal/process/task_queues:103:5)
[nodalmerge] [sdk] direct upload failed; falling back to ws Error: upload-denied: use-ws
    at directUpload (file:///C:/Users/bgstr/source/repos/nodalmerge/clients/web/sdk.js:329:13)
    at process.processTicksAndRejections (node:internal/process/task_queues:103:5)
[nodalmerge] [sdk] direct upload failed; falling back to ws Error: upload-denied: use-ws
    at directUpload (file:///C:/Users/bgstr/source/repos/nodalmerge/clients/web/sdk.js:329:13)
    at process.processTicksAndRejections (node:internal/process/task_queues:103:5)
[nodalmerge] [sdk] direct upload failed; falling back to ws Error: upload-denied: use-ws
    at directUpload (file:///C:/Users/bgstr/source/repos/nodalmerge/clients/web/sdk.js:329:13)
    at process.processTicksAndRejections (node:internal/process/task_queues:103:5)
[nodalmerge] [sdk] direct upload failed; falling back to ws Error: upload-denied: use-ws
    at directUpload (file:///C:/Users/bgstr/source/repos/nodalmerge/clients/web/sdk.js:329:13)
    at process.processTicksAndRejections (node:internal/process/task_queues:103:5)
[nodalmerge] [sdk] direct upload failed; falling back to ws Error: upload-denied: use-ws
    at directUpload (file:///C:/Users/bgstr/source/repos/nodalmerge/clients/web/sdk.js:329:13)
    at process.processTicksAndRejections (node:internal/process/task_queues:103:5)
[nodalmerge] [sdk] direct upload failed; falling back to ws Error: upload-denied: use-ws
    at directUpload (file:///C:/Users/bgstr/source/repos/nodalmerge/clients/web/sdk.js:329:13)
    at process.processTicksAndRejections (node:internal/process/task_queues:103:5)
[nodalmerge] [sdk] direct upload failed; falling back to ws Error: upload-denied: use-ws
    at directUpload (file:///C:/Users/bgstr/source/repos/nodalmerge/clients/web/sdk.js:329:13)
    at process.processTicksAndRejections (node:internal/process/task_queues:103:5)
[nodalmerge] [sdk] direct upload failed; falling back to ws Error: upload-denied: use-ws
    at directUpload (file:///C:/Users/bgstr/source/repos/nodalmerge/clients/web/sdk.js:329:13)
    at process.processTicksAndRejections (node:internal/process/task_queues:103:5)
[nodalmerge] [sdk] direct upload failed; falling back to ws Error: upload-denied: use-ws
    at directUpload (file:///C:/Users/bgstr/source/repos/nodalmerge/clients/web/sdk.js:329:13)
    at process.processTicksAndRejections (node:internal/process/task_queues:103:5)
[nodalmerge] [sdk] direct upload failed; falling back to ws Error: upload-denied: use-ws
    at directUpload (file:///C:/Users/bgstr/source/repos/nodalmerge/clients/web/sdk.js:329:13)
    at process.processTicksAndRejections (node:internal/process/task_queues:103:5)
[nodalmerge] [sdk] direct upload failed; falling back to ws Error: upload-denied: use-ws
    at directUpload (file:///C:/Users/bgstr/source/repos/nodalmerge/clients/web/sdk.js:329:13)
    at process.processTicksAndRejections (node:internal/process/task_queues:103:5)
[nodalmerge] [sdk] direct upload failed; falling back to ws Error: upload-denied: use-ws
    at directUpload (file:///C:/Users/bgstr/source/repos/nodalmerge/clients/web/sdk.js:329:13)
    at process.processTicksAndRejections (node:internal/process/task_queues:103:5)
[nodalmerge] [sdk] direct upload failed; falling back to ws Error: upload-denied: use-ws
    at directUpload (file:///C:/Users/bgstr/source/repos/nodalmerge/clients/web/sdk.js:329:13)
    at process.processTicksAndRejections (node:internal/process/task_queues:103:5)
[nodalmerge] [sdk] direct upload failed; falling back to ws Error: upload-denied: use-ws
    at directUpload (file:///C:/Users/bgstr/source/repos/nodalmerge/clients/web/sdk.js:329:13)
    at process.processTicksAndRejections (node:internal/process/task_queues:103:5)
[nodalmerge] [sdk] direct upload failed; falling back to ws Error: upload-denied: use-ws
    at directUpload (file:///C:/Users/bgstr/source/repos/nodalmerge/clients/web/sdk.js:329:13)
    at process.processTicksAndRejections (node:internal/process/task_queues:103:5)
[nodalmerge] [sdk] direct upload failed; falling back to ws Error: upload-denied: use-ws
    at directUpload (file:///C:/Users/bgstr/source/repos/nodalmerge/clients/web/sdk.js:329:13)
    at process.processTicksAndRejections (node:internal/process/task_queues:103:5)
[nodalmerge] [sdk] direct upload failed; falling back to ws Error: upload-denied: use-ws
    at directUpload (file:///C:/Users/bgstr/source/repos/nodalmerge/clients/web/sdk.js:329:13)
    at process.processTicksAndRejections (node:internal/process/task_queues:103:5)
[nodalmerge] [sdk] direct upload failed; falling back to ws Error: upload-denied: use-ws
    at directUpload (file:///C:/Users/bgstr/source/repos/nodalmerge/clients/web/sdk.js:329:13)
    at process.processTicksAndRejections (node:internal/process/task_queues:103:5)
[nodalmerge] [sdk] direct upload failed; falling back to ws Error: upload-denied: use-ws
    at directUpload (file:///C:/Users/bgstr/source/repos/nodalmerge/clients/web/sdk.js:329:13)
    at process.processTicksAndRejections (node:internal/process/task_queues:103:5)
[nodalmerge] [sdk] direct upload failed; falling back to ws Error: upload-denied: use-ws
    at directUpload (file:///C:/Users/bgstr/source/repos/nodalmerge/clients/web/sdk.js:329:13)
    at process.processTicksAndRejections (node:internal/process/task_queues:103:5)
  peers=6 iter=12 warmup=45.995ms map=338.092ms list=458.193ms blob=367.666ms
[nodalmerge] [sdk] direct upload failed; falling back to ws Error: upload-denied: use-ws
    at directUpload (file:///C:/Users/bgstr/source/repos/nodalmerge/clients/web/sdk.js:329:13)
    at process.processTicksAndRejections (node:internal/process/task_queues:103:5)
[nodalmerge] [sdk] direct upload failed; falling back to ws Error: upload-denied: use-ws
    at directUpload (file:///C:/Users/bgstr/source/repos/nodalmerge/clients/web/sdk.js:329:13)
    at process.processTicksAndRejections (node:internal/process/task_queues:103:5)
[nodalmerge] [sdk] direct upload failed; falling back to ws Error: upload-denied: use-ws
    at directUpload (file:///C:/Users/bgstr/source/repos/nodalmerge/clients/web/sdk.js:329:13)
    at process.processTicksAndRejections (node:internal/process/task_queues:103:5)
[nodalmerge] [sdk] direct upload failed; falling back to ws Error: upload-denied: use-ws
    at directUpload (file:///C:/Users/bgstr/source/repos/nodalmerge/clients/web/sdk.js:329:13)
    at process.processTicksAndRejections (node:internal/process/task_queues:103:5)
[nodalmerge] [sdk] direct upload failed; falling back to ws Error: upload-denied: use-ws
    at directUpload (file:///C:/Users/bgstr/source/repos/nodalmerge/clients/web/sdk.js:329:13)
    at process.processTicksAndRejections (node:internal/process/task_queues:103:5)
[nodalmerge] [sdk] direct upload failed; falling back to ws Error: upload-denied: use-ws
    at directUpload (file:///C:/Users/bgstr/source/repos/nodalmerge/clients/web/sdk.js:329:13)
    at process.processTicksAndRejections (node:internal/process/task_queues:103:5)
[nodalmerge] [sdk] direct upload failed; falling back to ws Error: upload-denied: use-ws
    at directUpload (file:///C:/Users/bgstr/source/repos/nodalmerge/clients/web/sdk.js:329:13)
    at process.processTicksAndRejections (node:internal/process/task_queues:103:5)
[nodalmerge] [sdk] direct upload failed; falling back to ws Error: upload-denied: use-ws
    at directUpload (file:///C:/Users/bgstr/source/repos/nodalmerge/clients/web/sdk.js:329:13)
    at process.processTicksAndRejections (node:internal/process/task_queues:103:5)
[nodalmerge] [sdk] direct upload failed; falling back to ws Error: upload-denied: use-ws
    at directUpload (file:///C:/Users/bgstr/source/repos/nodalmerge/clients/web/sdk.js:329:13)
    at process.processTicksAndRejections (node:internal/process/task_queues:103:5)
[nodalmerge] [sdk] direct upload failed; falling back to ws Error: upload-denied: use-ws
    at directUpload (file:///C:/Users/bgstr/source/repos/nodalmerge/clients/web/sdk.js:329:13)
    at process.processTicksAndRejections (node:internal/process/task_queues:103:5)
[nodalmerge] [sdk] direct upload failed; falling back to ws Error: upload-denied: use-ws
    at directUpload (file:///C:/Users/bgstr/source/repos/nodalmerge/clients/web/sdk.js:329:13)
    at process.processTicksAndRejections (node:internal/process/task_queues:103:5)
[nodalmerge] [sdk] direct upload failed; falling back to ws Error: upload-denied: use-ws
    at directUpload (file:///C:/Users/bgstr/source/repos/nodalmerge/clients/web/sdk.js:329:13)
    at process.processTicksAndRejections (node:internal/process/task_queues:103:5)
[nodalmerge] [sdk] direct upload failed; falling back to ws Error: upload-denied: use-ws
    at directUpload (file:///C:/Users/bgstr/source/repos/nodalmerge/clients/web/sdk.js:329:13)
    at process.processTicksAndRejections (node:internal/process/task_queues:103:5)
[nodalmerge] [sdk] direct upload failed; falling back to ws Error: upload-denied: use-ws
    at directUpload (file:///C:/Users/bgstr/source/repos/nodalmerge/clients/web/sdk.js:329:13)
    at process.processTicksAndRejections (node:internal/process/task_queues:103:5)
[nodalmerge] [sdk] direct upload failed; falling back to ws Error: upload-denied: use-ws
    at directUpload (file:///C:/Users/bgstr/source/repos/nodalmerge/clients/web/sdk.js:329:13)
    at process.processTicksAndRejections (node:internal/process/task_queues:103:5)
[nodalmerge] [sdk] direct upload failed; falling back to ws Error: upload-denied: use-ws
    at directUpload (file:///C:/Users/bgstr/source/repos/nodalmerge/clients/web/sdk.js:329:13)
    at process.processTicksAndRejections (node:internal/process/task_queues:103:5)
[nodalmerge] [sdk] direct upload failed; falling back to ws Error: upload-denied: use-ws
    at directUpload (file:///C:/Users/bgstr/source/repos/nodalmerge/clients/web/sdk.js:329:13)
    at process.processTicksAndRejections (node:internal/process/task_queues:103:5)
[nodalmerge] [sdk] direct upload failed; falling back to ws Error: upload-denied: use-ws
    at directUpload (file:///C:/Users/bgstr/source/repos/nodalmerge/clients/web/sdk.js:329:13)
    at process.processTicksAndRejections (node:internal/process/task_queues:103:5)
[nodalmerge] [sdk] direct upload failed; falling back to ws Error: upload-denied: use-ws
    at directUpload (file:///C:/Users/bgstr/source/repos/nodalmerge/clients/web/sdk.js:329:13)
    at process.processTicksAndRejections (node:internal/process/task_queues:103:5)
[nodalmerge] [sdk] direct upload failed; falling back to ws Error: upload-denied: use-ws
    at directUpload (file:///C:/Users/bgstr/source/repos/nodalmerge/clients/web/sdk.js:329:13)
    at process.processTicksAndRejections (node:internal/process/task_queues:103:5)
[nodalmerge] [sdk] direct upload failed; falling back to ws Error: upload-denied: use-ws
    at directUpload (file:///C:/Users/bgstr/source/repos/nodalmerge/clients/web/sdk.js:329:13)
    at process.processTicksAndRejections (node:internal/process/task_queues:103:5)
[nodalmerge] [sdk] direct upload failed; falling back to ws Error: upload-denied: use-ws
    at directUpload (file:///C:/Users/bgstr/source/repos/nodalmerge/clients/web/sdk.js:329:13)
    at process.processTicksAndRejections (node:internal/process/task_queues:103:5)
[nodalmerge] [sdk] direct upload failed; falling back to ws Error: upload-denied: use-ws
    at directUpload (file:///C:/Users/bgstr/source/repos/nodalmerge/clients/web/sdk.js:329:13)
    at process.processTicksAndRejections (node:internal/process/task_queues:103:5)
[nodalmerge] [sdk] direct upload failed; falling back to ws Error: upload-denied: use-ws
    at directUpload (file:///C:/Users/bgstr/source/repos/nodalmerge/clients/web/sdk.js:329:13)
    at process.processTicksAndRejections (node:internal/process/task_queues:103:5)
[nodalmerge] [sdk] direct upload failed; falling back to ws Error: upload-denied: use-ws
    at directUpload (file:///C:/Users/bgstr/source/repos/nodalmerge/clients/web/sdk.js:329:13)
    at process.processTicksAndRejections (node:internal/process/task_queues:103:5)
[nodalmerge] [sdk] direct upload failed; falling back to ws Error: upload-denied: use-ws
    at directUpload (file:///C:/Users/bgstr/source/repos/nodalmerge/clients/web/sdk.js:329:13)
    at process.processTicksAndRejections (node:internal/process/task_queues:103:5)
[nodalmerge] [sdk] direct upload failed; falling back to ws Error: upload-denied: use-ws
    at directUpload (file:///C:/Users/bgstr/source/repos/nodalmerge/clients/web/sdk.js:329:13)
    at process.processTicksAndRejections (node:internal/process/task_queues:103:5)
[nodalmerge] [sdk] direct upload failed; falling back to ws Error: upload-denied: use-ws
    at directUpload (file:///C:/Users/bgstr/source/repos/nodalmerge/clients/web/sdk.js:329:13)
    at process.processTicksAndRejections (node:internal/process/task_queues:103:5)
[nodalmerge] [sdk] direct upload failed; falling back to ws Error: upload-denied: use-ws
    at directUpload (file:///C:/Users/bgstr/source/repos/nodalmerge/clients/web/sdk.js:329:13)
    at process.processTicksAndRejections (node:internal/process/task_queues:103:5)
[nodalmerge] [sdk] direct upload failed; falling back to ws Error: upload-denied: use-ws
    at directUpload (file:///C:/Users/bgstr/source/repos/nodalmerge/clients/web/sdk.js:329:13)
    at process.processTicksAndRejections (node:internal/process/task_queues:103:5)
  peers=6 iter=13 warmup=46.56ms map=336.19ms list=443.928ms blob=339.407ms
[nodalmerge] [sdk] direct upload failed; falling back to ws Error: upload-denied: use-ws
    at directUpload (file:///C:/Users/bgstr/source/repos/nodalmerge/clients/web/sdk.js:329:13)
    at process.processTicksAndRejections (node:internal/process/task_queues:103:5)
[nodalmerge] [sdk] direct upload failed; falling back to ws Error: upload-denied: use-ws
    at directUpload (file:///C:/Users/bgstr/source/repos/nodalmerge/clients/web/sdk.js:329:13)
    at process.processTicksAndRejections (node:internal/process/task_queues:103:5)
[nodalmerge] [sdk] direct upload failed; falling back to ws Error: upload-denied: use-ws
    at directUpload (file:///C:/Users/bgstr/source/repos/nodalmerge/clients/web/sdk.js:329:13)
    at process.processTicksAndRejections (node:internal/process/task_queues:103:5)
[nodalmerge] [sdk] direct upload failed; falling back to ws Error: upload-denied: use-ws
    at directUpload (file:///C:/Users/bgstr/source/repos/nodalmerge/clients/web/sdk.js:329:13)
    at process.processTicksAndRejections (node:internal/process/task_queues:103:5)
[nodalmerge] [sdk] direct upload failed; falling back to ws Error: upload-denied: use-ws
    at directUpload (file:///C:/Users/bgstr/source/repos/nodalmerge/clients/web/sdk.js:329:13)
    at process.processTicksAndRejections (node:internal/process/task_queues:103:5)
[nodalmerge] [sdk] direct upload failed; falling back to ws Error: upload-denied: use-ws
    at directUpload (file:///C:/Users/bgstr/source/repos/nodalmerge/clients/web/sdk.js:329:13)
    at process.processTicksAndRejections (node:internal/process/task_queues:103:5)
[nodalmerge] [sdk] direct upload failed; falling back to ws Error: upload-denied: use-ws
    at directUpload (file:///C:/Users/bgstr/source/repos/nodalmerge/clients/web/sdk.js:329:13)
    at process.processTicksAndRejections (node:internal/process/task_queues:103:5)
[nodalmerge] [sdk] direct upload failed; falling back to ws Error: upload-denied: use-ws
    at directUpload (file:///C:/Users/bgstr/source/repos/nodalmerge/clients/web/sdk.js:329:13)
    at process.processTicksAndRejections (node:internal/process/task_queues:103:5)
[nodalmerge] [sdk] direct upload failed; falling back to ws Error: upload-denied: use-ws
    at directUpload (file:///C:/Users/bgstr/source/repos/nodalmerge/clients/web/sdk.js:329:13)
    at process.processTicksAndRejections (node:internal/process/task_queues:103:5)
[nodalmerge] [sdk] direct upload failed; falling back to ws Error: upload-denied: use-ws
    at directUpload (file:///C:/Users/bgstr/source/repos/nodalmerge/clients/web/sdk.js:329:13)
    at process.processTicksAndRejections (node:internal/process/task_queues:103:5)
[nodalmerge] [sdk] direct upload failed; falling back to ws Error: upload-denied: use-ws
    at directUpload (file:///C:/Users/bgstr/source/repos/nodalmerge/clients/web/sdk.js:329:13)
    at process.processTicksAndRejections (node:internal/process/task_queues:103:5)
[nodalmerge] [sdk] direct upload failed; falling back to ws Error: upload-denied: use-ws
    at directUpload (file:///C:/Users/bgstr/source/repos/nodalmerge/clients/web/sdk.js:329:13)
    at process.processTicksAndRejections (node:internal/process/task_queues:103:5)
[nodalmerge] [sdk] direct upload failed; falling back to ws Error: upload-denied: use-ws
    at directUpload (file:///C:/Users/bgstr/source/repos/nodalmerge/clients/web/sdk.js:329:13)
    at process.processTicksAndRejections (node:internal/process/task_queues:103:5)
[nodalmerge] [sdk] direct upload failed; falling back to ws Error: upload-denied: use-ws
    at directUpload (file:///C:/Users/bgstr/source/repos/nodalmerge/clients/web/sdk.js:329:13)
    at process.processTicksAndRejections (node:internal/process/task_queues:103:5)
[nodalmerge] [sdk] direct upload failed; falling back to ws Error: upload-denied: use-ws
    at directUpload (file:///C:/Users/bgstr/source/repos/nodalmerge/clients/web/sdk.js:329:13)
    at process.processTicksAndRejections (node:internal/process/task_queues:103:5)
[nodalmerge] [sdk] direct upload failed; falling back to ws Error: upload-denied: use-ws
    at directUpload (file:///C:/Users/bgstr/source/repos/nodalmerge/clients/web/sdk.js:329:13)
    at process.processTicksAndRejections (node:internal/process/task_queues:103:5)
[nodalmerge] [sdk] direct upload failed; falling back to ws Error: upload-denied: use-ws
    at directUpload (file:///C:/Users/bgstr/source/repos/nodalmerge/clients/web/sdk.js:329:13)
    at process.processTicksAndRejections (node:internal/process/task_queues:103:5)
[nodalmerge] [sdk] direct upload failed; falling back to ws Error: upload-denied: use-ws
    at directUpload (file:///C:/Users/bgstr/source/repos/nodalmerge/clients/web/sdk.js:329:13)
    at process.processTicksAndRejections (node:internal/process/task_queues:103:5)
[nodalmerge] [sdk] direct upload failed; falling back to ws Error: upload-denied: use-ws
    at directUpload (file:///C:/Users/bgstr/source/repos/nodalmerge/clients/web/sdk.js:329:13)
    at process.processTicksAndRejections (node:internal/process/task_queues:103:5)
[nodalmerge] [sdk] direct upload failed; falling back to ws Error: upload-denied: use-ws
    at directUpload (file:///C:/Users/bgstr/source/repos/nodalmerge/clients/web/sdk.js:329:13)
    at process.processTicksAndRejections (node:internal/process/task_queues:103:5)
[nodalmerge] [sdk] direct upload failed; falling back to ws Error: upload-denied: use-ws
    at directUpload (file:///C:/Users/bgstr/source/repos/nodalmerge/clients/web/sdk.js:329:13)
    at process.processTicksAndRejections (node:internal/process/task_queues:103:5)
[nodalmerge] [sdk] direct upload failed; falling back to ws Error: upload-denied: use-ws
    at directUpload (file:///C:/Users/bgstr/source/repos/nodalmerge/clients/web/sdk.js:329:13)
    at process.processTicksAndRejections (node:internal/process/task_queues:103:5)
[nodalmerge] [sdk] direct upload failed; falling back to ws Error: upload-denied: use-ws
    at directUpload (file:///C:/Users/bgstr/source/repos/nodalmerge/clients/web/sdk.js:329:13)
    at process.processTicksAndRejections (node:internal/process/task_queues:103:5)
[nodalmerge] [sdk] direct upload failed; falling back to ws Error: upload-denied: use-ws
    at directUpload (file:///C:/Users/bgstr/source/repos/nodalmerge/clients/web/sdk.js:329:13)
    at process.processTicksAndRejections (node:internal/process/task_queues:103:5)
[nodalmerge] [sdk] direct upload failed; falling back to ws Error: upload-denied: use-ws
    at directUpload (file:///C:/Users/bgstr/source/repos/nodalmerge/clients/web/sdk.js:329:13)
    at process.processTicksAndRejections (node:internal/process/task_queues:103:5)
[nodalmerge] [sdk] direct upload failed; falling back to ws Error: upload-denied: use-ws
    at directUpload (file:///C:/Users/bgstr/source/repos/nodalmerge/clients/web/sdk.js:329:13)
    at process.processTicksAndRejections (node:internal/process/task_queues:103:5)
[nodalmerge] [sdk] direct upload failed; falling back to ws Error: upload-denied: use-ws
    at directUpload (file:///C:/Users/bgstr/source/repos/nodalmerge/clients/web/sdk.js:329:13)
    at process.processTicksAndRejections (node:internal/process/task_queues:103:5)
[nodalmerge] [sdk] direct upload failed; falling back to ws Error: upload-denied: use-ws
    at directUpload (file:///C:/Users/bgstr/source/repos/nodalmerge/clients/web/sdk.js:329:13)
    at process.processTicksAndRejections (node:internal/process/task_queues:103:5)
[nodalmerge] [sdk] direct upload failed; falling back to ws Error: upload-denied: use-ws
    at directUpload (file:///C:/Users/bgstr/source/repos/nodalmerge/clients/web/sdk.js:329:13)
    at process.processTicksAndRejections (node:internal/process/task_queues:103:5)
[nodalmerge] [sdk] direct upload failed; falling back to ws Error: upload-denied: use-ws
    at directUpload (file:///C:/Users/bgstr/source/repos/nodalmerge/clients/web/sdk.js:329:13)
    at process.processTicksAndRejections (node:internal/process/task_queues:103:5)
  peers=6 iter=14 warmup=46.609ms map=322.649ms list=420.333ms blob=374.246ms
  peers=6 warmup_avg=46.437ms map_samples=15 map_avg=330.733ms list_samples=15 list_avg=442.485ms blob_samples=15 blob_avg=353.351ms

Target: dotnet-host-runtime-alias (ws://127.0.0.1:8787)
  peers=6 iter=0 warmup=45.7ms map=292.008ms list=383.5ms blob=338.748ms
  peers=6 iter=1 warmup=47.057ms map=291.99ms list=351.434ms blob=323.751ms
  peers=6 iter=2 warmup=46.604ms map=278.144ms list=369.443ms blob=336.653ms
  peers=6 iter=3 warmup=45.853ms map=290.151ms list=355.654ms blob=339.301ms
  peers=6 iter=4 warmup=46.627ms map=306.72ms list=384.679ms blob=307.3ms
  peers=6 iter=5 warmup=46.184ms map=277.41ms list=385.051ms blob=337.505ms
  peers=6 iter=6 warmup=46.145ms map=290.474ms list=367.448ms blob=323.519ms
  peers=6 iter=7 warmup=46.248ms map=290.663ms list=369.998ms blob=320.319ms
  peers=6 iter=8 warmup=46.092ms map=322.739ms list=398.303ms blob=308.96ms
  peers=6 iter=9 warmup=46.098ms map=307.417ms list=386.968ms blob=336.09ms
  peers=6 iter=10 warmup=47.444ms map=290.519ms list=383.426ms blob=322.75ms
  peers=6 iter=11 warmup=46.145ms map=305.285ms list=386.033ms blob=323.27ms
  peers=6 iter=12 warmup=46.554ms map=292.578ms list=350.428ms blob=323.829ms
  peers=6 iter=13 warmup=46.216ms map=305.191ms list=352.574ms blob=325.159ms
  peers=6 iter=14 warmup=46.272ms map=293.322ms list=397.78ms blob=323.173ms
  peers=6 warmup_avg=46.349ms map_samples=15 map_avg=295.641ms list_samples=15 list_avg=374.848ms blob_samples=15 blob_avg=326.022ms

Wrote results: C:\Users\bgstr\source\repos\nodalmerge\benchmarks\results\sdk-scenarios-peers6-ops30-integrated-vs-dotnet-mongo-clean.json

Done.
## NodalMerge Performance Sweep (Peers 6, Mongo Backend, iterations=15)

### MAP Scenario
| Ops | Rust Integrated avg ms | Rust Integrated ops/s | Dotnet Mongo avg ms | Dotnet Mongo ops/s |
| --- | --- | --- | --- | --- |
| 6 | 99.13 | 363.16 | 95.42 | 377.28 |
| 12 | 145.89 | 493.52 | 148.54 | 484.72 |
| 30 | 330.73 | 544.25 | 295.64 | 608.85 |
### LIST Scenario
| Ops | Rust Integrated avg ms | Rust Integrated ops/s | Dotnet Mongo avg ms | Dotnet Mongo ops/s |
| --- | --- | --- | --- | --- |
| 6 | 112.48 | 320.06 | 104.13 | 345.72 |
| 12 | 213.63 | 337.03 | 169.69 | 424.3 |
| 30 | 442.48 | 406.8 | 374.85 | 480.19 |
### BLOB Scenario
| Ops | Rust Integrated avg ms | Rust Integrated ops/s | Dotnet Mongo avg ms | Dotnet Mongo ops/s |
| --- | --- | --- | --- | --- |
| 6 | 97.01 | 371.1 | 86.93 | 414.13 |
| 12 | 150.84 | 477.33 | 151.99 | 473.72 |
| 30 | 353.35 | 509.41 | 326.02 | 552.11 |


