
    Directory: C:\Users\bgstr\source\repos\nodalmerge\benchmarks\results

Mode                 LastWriteTime         Length Name
----                 -------------         ------ ----
d----           7/22/2026 11:15 PM                logs
Using Mongo container: nodalmerge-mongo
Readiness: 7979=1, 8787=1
using deprecated parameters for `initSync()`; pass a single object instead
SDK scenario benchmark config:
{
  "peerCounts": [
    6
  ],
  "iterations": 2,
  "mapOps": 2,
  "listOps": 2,
  "blobOps": 2,
  "blobSizeBytes": 1024,
  "warmupOps": 4,
  "timeoutMs": 30000,
  "opDelayMs": 2,
  "transport": "ws-only",
  "authMode": "none",
  "tokenExpirySecs": 3600,
  "authTokenCaps": [
    "read:bench/**",
    "write:bench/**"
  ],
  "targets": [
    "rust-integrated-hosted-server",
    "dotnet-host-runtime-alias"
  ]
}

Target: rust-integrated-hosted-server (ws://127.0.0.1:7979)
[nodalmerge] [sdk] direct upload failed; falling back to ws Error: upload-denied: use-ws
    at directUpload (file:///C:/Users/bgstr/source/repos/nodalmerge/clients/web/sdk.js:329:13)
    at process.processTicksAndRejections (node:internal/process/task_queues:103:5)
[nodalmerge] [sdk] direct upload failed; falling back to ws Error: upload-denied: use-ws
    at directUpload (file:///C:/Users/bgstr/source/repos/nodalmerge/clients/web/sdk.js:329:13)
    at process.processTicksAndRejections (node:internal/process/task_queues:103:5)
  peers=6 iter=0 warmup=45.262ms map=61.467ms list=76.129ms blob=61.87ms
[nodalmerge] [sdk] direct upload failed; falling back to ws Error: upload-denied: use-ws
    at directUpload (file:///C:/Users/bgstr/source/repos/nodalmerge/clients/web/sdk.js:329:13)
    at process.processTicksAndRejections (node:internal/process/task_queues:103:5)
[nodalmerge] [sdk] direct upload failed; falling back to ws Error: upload-denied: use-ws
    at directUpload (file:///C:/Users/bgstr/source/repos/nodalmerge/clients/web/sdk.js:329:13)
    at process.processTicksAndRejections (node:internal/process/task_queues:103:5)
  peers=6 iter=1 warmup=47.384ms map=61.335ms list=77.47ms blob=75.478ms
  peers=6 warmup_avg=46.323ms map_samples=2 map_avg=61.401ms list_samples=2 list_avg=76.8ms blob_samples=2 blob_avg=68.674ms

Target: dotnet-host-runtime-alias (ws://127.0.0.1:8787)
  peers=6 iter=0 warmup=85.458ms map=52.82ms list=60.184ms blob=59.744ms
  peers=6 iter=1 warmup=45.502ms map=61.539ms list=61.718ms blob=62.34ms
  peers=6 warmup_avg=65.48ms map_samples=2 map_avg=57.18ms list_samples=2 list_avg=60.951ms blob_samples=2 blob_avg=61.042ms

Wrote results: C:\Users\bgstr\source\repos\nodalmerge\benchmarks\results\sdk-scenarios-peers6-ops2-integrated-vs-dotnet-mongo-clean.json

Done.
Smoke Status: Rust=ok, Dotnet=ok
using deprecated parameters for `initSync()`; pass a single object instead
SDK scenario benchmark config:
{
  "peerCounts": [
    6
  ],
  "iterations": 15,
  "mapOps": 6,
  "listOps": 6,
  "blobOps": 6,
  "blobSizeBytes": 1024,
  "warmupOps": 4,
  "timeoutMs": 45000,
  "opDelayMs": 2,
  "transport": "ws-only",
  "authMode": "none",
  "tokenExpirySecs": 3600,
  "authTokenCaps": [
    "read:bench/**",
    "write:bench/**"
  ],
  "targets": [
    "rust-integrated-hosted-server",
    "dotnet-host-runtime-alias"
  ]
}

Target: rust-integrated-hosted-server (ws://127.0.0.1:7979)
[nodalmerge] [sdk] direct upload failed; falling back to ws Error: upload-denied: use-ws
    at directUpload (file:///C:/Users/bgstr/source/repos/nodalmerge/clients/web/sdk.js:329:13)
    at process.processTicksAndRejections (node:internal/process/task_queues:103:5)
[nodalmerge] [sdk] direct upload failed; falling back to ws Error: upload-denied: use-ws
    at directUpload (file:///C:/Users/bgstr/source/repos/nodalmerge/clients/web/sdk.js:329:13)
    at process.processTicksAndRejections (node:internal/process/task_queues:103:5)
[nodalmerge] [sdk] direct upload failed; falling back to ws Error: upload-denied: use-ws
    at directUpload (file:///C:/Users/bgstr/source/repos/nodalmerge/clients/web/sdk.js:329:13)
    at process.processTicksAndRejections (node:internal/process/task_queues:103:5)
[nodalmerge] [sdk] direct upload failed; falling back to ws Error: upload-denied: use-ws
    at directUpload (file:///C:/Users/bgstr/source/repos/nodalmerge/clients/web/sdk.js:329:13)
    at process.processTicksAndRejections (node:internal/process/task_queues:103:5)
[nodalmerge] [sdk] direct upload failed; falling back to ws Error: upload-denied: use-ws
    at directUpload (file:///C:/Users/bgstr/source/repos/nodalmerge/clients/web/sdk.js:329:13)
    at process.processTicksAndRejections (node:internal/process/task_queues:103:5)
[nodalmerge] [sdk] direct upload failed; falling back to ws Error: upload-denied: use-ws
    at directUpload (file:///C:/Users/bgstr/source/repos/nodalmerge/clients/web/sdk.js:329:13)
    at process.processTicksAndRejections (node:internal/process/task_queues:103:5)
  peers=6 iter=0 warmup=45.392ms map=108.105ms list=106.304ms blob=92.11ms
[nodalmerge] [sdk] direct upload failed; falling back to ws Error: upload-denied: use-ws
    at directUpload (file:///C:/Users/bgstr/source/repos/nodalmerge/clients/web/sdk.js:329:13)
    at process.processTicksAndRejections (node:internal/process/task_queues:103:5)
[nodalmerge] [sdk] direct upload failed; falling back to ws Error: upload-denied: use-ws
    at directUpload (file:///C:/Users/bgstr/source/repos/nodalmerge/clients/web/sdk.js:329:13)
    at process.processTicksAndRejections (node:internal/process/task_queues:103:5)
[nodalmerge] [sdk] direct upload failed; falling back to ws Error: upload-denied: use-ws
    at directUpload (file:///C:/Users/bgstr/source/repos/nodalmerge/clients/web/sdk.js:329:13)
    at process.processTicksAndRejections (node:internal/process/task_queues:103:5)
[nodalmerge] [sdk] direct upload failed; falling back to ws Error: upload-denied: use-ws
    at directUpload (file:///C:/Users/bgstr/source/repos/nodalmerge/clients/web/sdk.js:329:13)
    at process.processTicksAndRejections (node:internal/process/task_queues:103:5)
[nodalmerge] [sdk] direct upload failed; falling back to ws Error: upload-denied: use-ws
    at directUpload (file:///C:/Users/bgstr/source/repos/nodalmerge/clients/web/sdk.js:329:13)
    at process.processTicksAndRejections (node:internal/process/task_queues:103:5)
[nodalmerge] [sdk] direct upload failed; falling back to ws Error: upload-denied: use-ws
    at directUpload (file:///C:/Users/bgstr/source/repos/nodalmerge/clients/web/sdk.js:329:13)
    at process.processTicksAndRejections (node:internal/process/task_queues:103:5)
  peers=6 iter=1 warmup=46.117ms map=93.919ms list=122.828ms blob=92.338ms
[nodalmerge] [sdk] direct upload failed; falling back to ws Error: upload-denied: use-ws
    at directUpload (file:///C:/Users/bgstr/source/repos/nodalmerge/clients/web/sdk.js:329:13)
    at process.processTicksAndRejections (node:internal/process/task_queues:103:5)
[nodalmerge] [sdk] direct upload failed; falling back to ws Error: upload-denied: use-ws
    at directUpload (file:///C:/Users/bgstr/source/repos/nodalmerge/clients/web/sdk.js:329:13)
    at process.processTicksAndRejections (node:internal/process/task_queues:103:5)
[nodalmerge] [sdk] direct upload failed; falling back to ws Error: upload-denied: use-ws
    at directUpload (file:///C:/Users/bgstr/source/repos/nodalmerge/clients/web/sdk.js:329:13)
    at process.processTicksAndRejections (node:internal/process/task_queues:103:5)
[nodalmerge] [sdk] direct upload failed; falling back to ws Error: upload-denied: use-ws
    at directUpload (file:///C:/Users/bgstr/source/repos/nodalmerge/clients/web/sdk.js:329:13)
    at process.processTicksAndRejections (node:internal/process/task_queues:103:5)
[nodalmerge] [sdk] direct upload failed; falling back to ws Error: upload-denied: use-ws
    at directUpload (file:///C:/Users/bgstr/source/repos/nodalmerge/clients/web/sdk.js:329:13)
    at process.processTicksAndRejections (node:internal/process/task_queues:103:5)
[nodalmerge] [sdk] direct upload failed; falling back to ws Error: upload-denied: use-ws
    at directUpload (file:///C:/Users/bgstr/source/repos/nodalmerge/clients/web/sdk.js:329:13)
    at process.processTicksAndRejections (node:internal/process/task_queues:103:5)
  peers=6 iter=2 warmup=45.455ms map=93.311ms list=137.342ms blob=92.516ms
[nodalmerge] [sdk] direct upload failed; falling back to ws Error: upload-denied: use-ws
    at directUpload (file:///C:/Users/bgstr/source/repos/nodalmerge/clients/web/sdk.js:329:13)
    at process.processTicksAndRejections (node:internal/process/task_queues:103:5)
[nodalmerge] [sdk] direct upload failed; falling back to ws Error: upload-denied: use-ws
    at directUpload (file:///C:/Users/bgstr/source/repos/nodalmerge/clients/web/sdk.js:329:13)
    at process.processTicksAndRejections (node:internal/process/task_queues:103:5)
[nodalmerge] [sdk] direct upload failed; falling back to ws Error: upload-denied: use-ws
    at directUpload (file:///C:/Users/bgstr/source/repos/nodalmerge/clients/web/sdk.js:329:13)
    at process.processTicksAndRejections (node:internal/process/task_queues:103:5)
[nodalmerge] [sdk] direct upload failed; falling back to ws Error: upload-denied: use-ws
    at directUpload (file:///C:/Users/bgstr/source/repos/nodalmerge/clients/web/sdk.js:329:13)
    at process.processTicksAndRejections (node:internal/process/task_queues:103:5)
[nodalmerge] [sdk] direct upload failed; falling back to ws Error: upload-denied: use-ws
    at directUpload (file:///C:/Users/bgstr/source/repos/nodalmerge/clients/web/sdk.js:329:13)
    at process.processTicksAndRejections (node:internal/process/task_queues:103:5)
[nodalmerge] [sdk] direct upload failed; falling back to ws Error: upload-denied: use-ws
    at directUpload (file:///C:/Users/bgstr/source/repos/nodalmerge/clients/web/sdk.js:329:13)
    at process.processTicksAndRejections (node:internal/process/task_queues:103:5)
  peers=6 iter=3 warmup=45.15ms map=106.048ms list=122.237ms blob=107.678ms
[nodalmerge] [sdk] direct upload failed; falling back to ws Error: upload-denied: use-ws
    at directUpload (file:///C:/Users/bgstr/source/repos/nodalmerge/clients/web/sdk.js:329:13)
    at process.processTicksAndRejections (node:internal/process/task_queues:103:5)
[nodalmerge] [sdk] direct upload failed; falling back to ws Error: upload-denied: use-ws
    at directUpload (file:///C:/Users/bgstr/source/repos/nodalmerge/clients/web/sdk.js:329:13)
    at process.processTicksAndRejections (node:internal/process/task_queues:103:5)
[nodalmerge] [sdk] direct upload failed; falling back to ws Error: upload-denied: use-ws
    at directUpload (file:///C:/Users/bgstr/source/repos/nodalmerge/clients/web/sdk.js:329:13)
    at process.processTicksAndRejections (node:internal/process/task_queues:103:5)
[nodalmerge] [sdk] direct upload failed; falling back to ws Error: upload-denied: use-ws
    at directUpload (file:///C:/Users/bgstr/source/repos/nodalmerge/clients/web/sdk.js:329:13)
    at process.processTicksAndRejections (node:internal/process/task_queues:103:5)
[nodalmerge] [sdk] direct upload failed; falling back to ws Error: upload-denied: use-ws
    at directUpload (file:///C:/Users/bgstr/source/repos/nodalmerge/clients/web/sdk.js:329:13)
    at process.processTicksAndRejections (node:internal/process/task_queues:103:5)
[nodalmerge] [sdk] direct upload failed; falling back to ws Error: upload-denied: use-ws
    at directUpload (file:///C:/Users/bgstr/source/repos/nodalmerge/clients/web/sdk.js:329:13)
    at process.processTicksAndRejections (node:internal/process/task_queues:103:5)
  peers=6 iter=4 warmup=45.014ms map=107.39ms list=122.812ms blob=91.052ms
[nodalmerge] [sdk] direct upload failed; falling back to ws Error: upload-denied: use-ws
    at directUpload (file:///C:/Users/bgstr/source/repos/nodalmerge/clients/web/sdk.js:329:13)
    at process.processTicksAndRejections (node:internal/process/task_queues:103:5)
[nodalmerge] [sdk] direct upload failed; falling back to ws Error: upload-denied: use-ws
    at directUpload (file:///C:/Users/bgstr/source/repos/nodalmerge/clients/web/sdk.js:329:13)
    at process.processTicksAndRejections (node:internal/process/task_queues:103:5)
[nodalmerge] [sdk] direct upload failed; falling back to ws Error: upload-denied: use-ws
    at directUpload (file:///C:/Users/bgstr/source/repos/nodalmerge/clients/web/sdk.js:329:13)
    at process.processTicksAndRejections (node:internal/process/task_queues:103:5)
[nodalmerge] [sdk] direct upload failed; falling back to ws Error: upload-denied: use-ws
    at directUpload (file:///C:/Users/bgstr/source/repos/nodalmerge/clients/web/sdk.js:329:13)
    at process.processTicksAndRejections (node:internal/process/task_queues:103:5)
[nodalmerge] [sdk] direct upload failed; falling back to ws Error: upload-denied: use-ws
    at directUpload (file:///C:/Users/bgstr/source/repos/nodalmerge/clients/web/sdk.js:329:13)
    at process.processTicksAndRejections (node:internal/process/task_queues:103:5)
[nodalmerge] [sdk] direct upload failed; falling back to ws Error: upload-denied: use-ws
    at directUpload (file:///C:/Users/bgstr/source/repos/nodalmerge/clients/web/sdk.js:329:13)
    at process.processTicksAndRejections (node:internal/process/task_queues:103:5)
  peers=6 iter=5 warmup=46.589ms map=91.598ms list=90.652ms blob=108.478ms
[nodalmerge] [sdk] direct upload failed; falling back to ws Error: upload-denied: use-ws
    at directUpload (file:///C:/Users/bgstr/source/repos/nodalmerge/clients/web/sdk.js:329:13)
    at process.processTicksAndRejections (node:internal/process/task_queues:103:5)
[nodalmerge] [sdk] direct upload failed; falling back to ws Error: upload-denied: use-ws
    at directUpload (file:///C:/Users/bgstr/source/repos/nodalmerge/clients/web/sdk.js:329:13)
    at process.processTicksAndRejections (node:internal/process/task_queues:103:5)
[nodalmerge] [sdk] direct upload failed; falling back to ws Error: upload-denied: use-ws
    at directUpload (file:///C:/Users/bgstr/source/repos/nodalmerge/clients/web/sdk.js:329:13)
    at process.processTicksAndRejections (node:internal/process/task_queues:103:5)
[nodalmerge] [sdk] direct upload failed; falling back to ws Error: upload-denied: use-ws
    at directUpload (file:///C:/Users/bgstr/source/repos/nodalmerge/clients/web/sdk.js:329:13)
    at process.processTicksAndRejections (node:internal/process/task_queues:103:5)
[nodalmerge] [sdk] direct upload failed; falling back to ws Error: upload-denied: use-ws
    at directUpload (file:///C:/Users/bgstr/source/repos/nodalmerge/clients/web/sdk.js:329:13)
    at process.processTicksAndRejections (node:internal/process/task_queues:103:5)
[nodalmerge] [sdk] direct upload failed; falling back to ws Error: upload-denied: use-ws
    at directUpload (file:///C:/Users/bgstr/source/repos/nodalmerge/clients/web/sdk.js:329:13)
    at process.processTicksAndRejections (node:internal/process/task_queues:103:5)
  peers=6 iter=6 warmup=45.79ms map=109.739ms list=107.456ms blob=91.24ms
[nodalmerge] [sdk] direct upload failed; falling back to ws Error: upload-denied: use-ws
    at directUpload (file:///C:/Users/bgstr/source/repos/nodalmerge/clients/web/sdk.js:329:13)
    at process.processTicksAndRejections (node:internal/process/task_queues:103:5)
[nodalmerge] [sdk] direct upload failed; falling back to ws Error: upload-denied: use-ws
    at directUpload (file:///C:/Users/bgstr/source/repos/nodalmerge/clients/web/sdk.js:329:13)
    at process.processTicksAndRejections (node:internal/process/task_queues:103:5)
[nodalmerge] [sdk] direct upload failed; falling back to ws Error: upload-denied: use-ws
    at directUpload (file:///C:/Users/bgstr/source/repos/nodalmerge/clients/web/sdk.js:329:13)
    at process.processTicksAndRejections (node:internal/process/task_queues:103:5)
[nodalmerge] [sdk] direct upload failed; falling back to ws Error: upload-denied: use-ws
    at directUpload (file:///C:/Users/bgstr/source/repos/nodalmerge/clients/web/sdk.js:329:13)
    at process.processTicksAndRejections (node:internal/process/task_queues:103:5)
[nodalmerge] [sdk] direct upload failed; falling back to ws Error: upload-denied: use-ws
    at directUpload (file:///C:/Users/bgstr/source/repos/nodalmerge/clients/web/sdk.js:329:13)
    at process.processTicksAndRejections (node:internal/process/task_queues:103:5)
[nodalmerge] [sdk] direct upload failed; falling back to ws Error: upload-denied: use-ws
    at directUpload (file:///C:/Users/bgstr/source/repos/nodalmerge/clients/web/sdk.js:329:13)
    at process.processTicksAndRejections (node:internal/process/task_queues:103:5)
  peers=6 iter=7 warmup=45.989ms map=90.962ms list=105.975ms blob=108.386ms
[nodalmerge] [sdk] direct upload failed; falling back to ws Error: upload-denied: use-ws
    at directUpload (file:///C:/Users/bgstr/source/repos/nodalmerge/clients/web/sdk.js:329:13)
    at process.processTicksAndRejections (node:internal/process/task_queues:103:5)
[nodalmerge] [sdk] direct upload failed; falling back to ws Error: upload-denied: use-ws
    at directUpload (file:///C:/Users/bgstr/source/repos/nodalmerge/clients/web/sdk.js:329:13)
    at process.processTicksAndRejections (node:internal/process/task_queues:103:5)
[nodalmerge] [sdk] direct upload failed; falling back to ws Error: upload-denied: use-ws
    at directUpload (file:///C:/Users/bgstr/source/repos/nodalmerge/clients/web/sdk.js:329:13)
    at process.processTicksAndRejections (node:internal/process/task_queues:103:5)
[nodalmerge] [sdk] direct upload failed; falling back to ws Error: upload-denied: use-ws
    at directUpload (file:///C:/Users/bgstr/source/repos/nodalmerge/clients/web/sdk.js:329:13)
    at process.processTicksAndRejections (node:internal/process/task_queues:103:5)
[nodalmerge] [sdk] direct upload failed; falling back to ws Error: upload-denied: use-ws
    at directUpload (file:///C:/Users/bgstr/source/repos/nodalmerge/clients/web/sdk.js:329:13)
    at process.processTicksAndRejections (node:internal/process/task_queues:103:5)
[nodalmerge] [sdk] direct upload failed; falling back to ws Error: upload-denied: use-ws
    at directUpload (file:///C:/Users/bgstr/source/repos/nodalmerge/clients/web/sdk.js:329:13)
    at process.processTicksAndRejections (node:internal/process/task_queues:103:5)
  peers=6 iter=8 warmup=46.58ms map=92.796ms list=106.374ms blob=106.363ms
[nodalmerge] [sdk] direct upload failed; falling back to ws Error: upload-denied: use-ws
    at directUpload (file:///C:/Users/bgstr/source/repos/nodalmerge/clients/web/sdk.js:329:13)
    at process.processTicksAndRejections (node:internal/process/task_queues:103:5)
[nodalmerge] [sdk] direct upload failed; falling back to ws Error: upload-denied: use-ws
    at directUpload (file:///C:/Users/bgstr/source/repos/nodalmerge/clients/web/sdk.js:329:13)
    at process.processTicksAndRejections (node:internal/process/task_queues:103:5)
[nodalmerge] [sdk] direct upload failed; falling back to ws Error: upload-denied: use-ws
    at directUpload (file:///C:/Users/bgstr/source/repos/nodalmerge/clients/web/sdk.js:329:13)
    at process.processTicksAndRejections (node:internal/process/task_queues:103:5)
[nodalmerge] [sdk] direct upload failed; falling back to ws Error: upload-denied: use-ws
    at directUpload (file:///C:/Users/bgstr/source/repos/nodalmerge/clients/web/sdk.js:329:13)
    at process.processTicksAndRejections (node:internal/process/task_queues:103:5)
[nodalmerge] [sdk] direct upload failed; falling back to ws Error: upload-denied: use-ws
    at directUpload (file:///C:/Users/bgstr/source/repos/nodalmerge/clients/web/sdk.js:329:13)
    at process.processTicksAndRejections (node:internal/process/task_queues:103:5)
[nodalmerge] [sdk] direct upload failed; falling back to ws Error: upload-denied: use-ws
    at directUpload (file:///C:/Users/bgstr/source/repos/nodalmerge/clients/web/sdk.js:329:13)
    at process.processTicksAndRejections (node:internal/process/task_queues:103:5)
  peers=6 iter=9 warmup=46.255ms map=92.325ms list=121.458ms blob=106.921ms
[nodalmerge] [sdk] direct upload failed; falling back to ws Error: upload-denied: use-ws
    at directUpload (file:///C:/Users/bgstr/source/repos/nodalmerge/clients/web/sdk.js:329:13)
    at process.processTicksAndRejections (node:internal/process/task_queues:103:5)
[nodalmerge] [sdk] direct upload failed; falling back to ws Error: upload-denied: use-ws
    at directUpload (file:///C:/Users/bgstr/source/repos/nodalmerge/clients/web/sdk.js:329:13)
    at process.processTicksAndRejections (node:internal/process/task_queues:103:5)
[nodalmerge] [sdk] direct upload failed; falling back to ws Error: upload-denied: use-ws
    at directUpload (file:///C:/Users/bgstr/source/repos/nodalmerge/clients/web/sdk.js:329:13)
    at process.processTicksAndRejections (node:internal/process/task_queues:103:5)
[nodalmerge] [sdk] direct upload failed; falling back to ws Error: upload-denied: use-ws
    at directUpload (file:///C:/Users/bgstr/source/repos/nodalmerge/clients/web/sdk.js:329:13)
    at process.processTicksAndRejections (node:internal/process/task_queues:103:5)
[nodalmerge] [sdk] direct upload failed; falling back to ws Error: upload-denied: use-ws
    at directUpload (file:///C:/Users/bgstr/source/repos/nodalmerge/clients/web/sdk.js:329:13)
    at process.processTicksAndRejections (node:internal/process/task_queues:103:5)
[nodalmerge] [sdk] direct upload failed; falling back to ws Error: upload-denied: use-ws
    at directUpload (file:///C:/Users/bgstr/source/repos/nodalmerge/clients/web/sdk.js:329:13)
    at process.processTicksAndRejections (node:internal/process/task_queues:103:5)
  peers=6 iter=10 warmup=47.103ms map=90.214ms list=135.485ms blob=106.071ms
[nodalmerge] [sdk] direct upload failed; falling back to ws Error: upload-denied: use-ws
    at directUpload (file:///C:/Users/bgstr/source/repos/nodalmerge/clients/web/sdk.js:329:13)
    at process.processTicksAndRejections (node:internal/process/task_queues:103:5)
[nodalmerge] [sdk] direct upload failed; falling back to ws Error: upload-denied: use-ws
    at directUpload (file:///C:/Users/bgstr/source/repos/nodalmerge/clients/web/sdk.js:329:13)
    at process.processTicksAndRejections (node:internal/process/task_queues:103:5)
[nodalmerge] [sdk] direct upload failed; falling back to ws Error: upload-denied: use-ws
    at directUpload (file:///C:/Users/bgstr/source/repos/nodalmerge/clients/web/sdk.js:329:13)
    at process.processTicksAndRejections (node:internal/process/task_queues:103:5)
[nodalmerge] [sdk] direct upload failed; falling back to ws Error: upload-denied: use-ws
    at directUpload (file:///C:/Users/bgstr/source/repos/nodalmerge/clients/web/sdk.js:329:13)
    at process.processTicksAndRejections (node:internal/process/task_queues:103:5)
[nodalmerge] [sdk] direct upload failed; falling back to ws Error: upload-denied: use-ws
    at directUpload (file:///C:/Users/bgstr/source/repos/nodalmerge/clients/web/sdk.js:329:13)
    at process.processTicksAndRejections (node:internal/process/task_queues:103:5)
[nodalmerge] [sdk] direct upload failed; falling back to ws Error: upload-denied: use-ws
    at directUpload (file:///C:/Users/bgstr/source/repos/nodalmerge/clients/web/sdk.js:329:13)
    at process.processTicksAndRejections (node:internal/process/task_queues:103:5)
  peers=6 iter=11 warmup=46.047ms map=92.492ms list=104.907ms blob=107.216ms
[nodalmerge] [sdk] direct upload failed; falling back to ws Error: upload-denied: use-ws
    at directUpload (file:///C:/Users/bgstr/source/repos/nodalmerge/clients/web/sdk.js:329:13)
    at process.processTicksAndRejections (node:internal/process/task_queues:103:5)
[nodalmerge] [sdk] direct upload failed; falling back to ws Error: upload-denied: use-ws
    at directUpload (file:///C:/Users/bgstr/source/repos/nodalmerge/clients/web/sdk.js:329:13)
    at process.processTicksAndRejections (node:internal/process/task_queues:103:5)
[nodalmerge] [sdk] direct upload failed; falling back to ws Error: upload-denied: use-ws
    at directUpload (file:///C:/Users/bgstr/source/repos/nodalmerge/clients/web/sdk.js:329:13)
    at process.processTicksAndRejections (node:internal/process/task_queues:103:5)
[nodalmerge] [sdk] direct upload failed; falling back to ws Error: upload-denied: use-ws
    at directUpload (file:///C:/Users/bgstr/source/repos/nodalmerge/clients/web/sdk.js:329:13)
    at process.processTicksAndRejections (node:internal/process/task_queues:103:5)
[nodalmerge] [sdk] direct upload failed; falling back to ws Error: upload-denied: use-ws
    at directUpload (file:///C:/Users/bgstr/source/repos/nodalmerge/clients/web/sdk.js:329:13)
    at process.processTicksAndRejections (node:internal/process/task_queues:103:5)
[nodalmerge] [sdk] direct upload failed; falling back to ws Error: upload-denied: use-ws
    at directUpload (file:///C:/Users/bgstr/source/repos/nodalmerge/clients/web/sdk.js:329:13)
    at process.processTicksAndRejections (node:internal/process/task_queues:103:5)
  peers=6 iter=12 warmup=45.727ms map=91.81ms list=107.499ms blob=93.463ms
[nodalmerge] [sdk] direct upload failed; falling back to ws Error: upload-denied: use-ws
    at directUpload (file:///C:/Users/bgstr/source/repos/nodalmerge/clients/web/sdk.js:329:13)
    at process.processTicksAndRejections (node:internal/process/task_queues:103:5)
[nodalmerge] [sdk] direct upload failed; falling back to ws Error: upload-denied: use-ws
    at directUpload (file:///C:/Users/bgstr/source/repos/nodalmerge/clients/web/sdk.js:329:13)
    at process.processTicksAndRejections (node:internal/process/task_queues:103:5)
[nodalmerge] [sdk] direct upload failed; falling back to ws Error: upload-denied: use-ws
    at directUpload (file:///C:/Users/bgstr/source/repos/nodalmerge/clients/web/sdk.js:329:13)
    at process.processTicksAndRejections (node:internal/process/task_queues:103:5)
[nodalmerge] [sdk] direct upload failed; falling back to ws Error: upload-denied: use-ws
    at directUpload (file:///C:/Users/bgstr/source/repos/nodalmerge/clients/web/sdk.js:329:13)
    at process.processTicksAndRejections (node:internal/process/task_queues:103:5)
[nodalmerge] [sdk] direct upload failed; falling back to ws Error: upload-denied: use-ws
    at directUpload (file:///C:/Users/bgstr/source/repos/nodalmerge/clients/web/sdk.js:329:13)
    at process.processTicksAndRejections (node:internal/process/task_queues:103:5)
[nodalmerge] [sdk] direct upload failed; falling back to ws Error: upload-denied: use-ws
    at directUpload (file:///C:/Users/bgstr/source/repos/nodalmerge/clients/web/sdk.js:329:13)
    at process.processTicksAndRejections (node:internal/process/task_queues:103:5)
  peers=6 iter=13 warmup=45.936ms map=92.442ms list=122.968ms blob=91.785ms
[nodalmerge] [sdk] direct upload failed; falling back to ws Error: upload-denied: use-ws
    at directUpload (file:///C:/Users/bgstr/source/repos/nodalmerge/clients/web/sdk.js:329:13)
    at process.processTicksAndRejections (node:internal/process/task_queues:103:5)
[nodalmerge] [sdk] direct upload failed; falling back to ws Error: upload-denied: use-ws
    at directUpload (file:///C:/Users/bgstr/source/repos/nodalmerge/clients/web/sdk.js:329:13)
    at process.processTicksAndRejections (node:internal/process/task_queues:103:5)
[nodalmerge] [sdk] direct upload failed; falling back to ws Error: upload-denied: use-ws
    at directUpload (file:///C:/Users/bgstr/source/repos/nodalmerge/clients/web/sdk.js:329:13)
    at process.processTicksAndRejections (node:internal/process/task_queues:103:5)
[nodalmerge] [sdk] direct upload failed; falling back to ws Error: upload-denied: use-ws
    at directUpload (file:///C:/Users/bgstr/source/repos/nodalmerge/clients/web/sdk.js:329:13)
    at process.processTicksAndRejections (node:internal/process/task_queues:103:5)
[nodalmerge] [sdk] direct upload failed; falling back to ws Error: upload-denied: use-ws
    at directUpload (file:///C:/Users/bgstr/source/repos/nodalmerge/clients/web/sdk.js:329:13)
    at process.processTicksAndRejections (node:internal/process/task_queues:103:5)
[nodalmerge] [sdk] direct upload failed; falling back to ws Error: upload-denied: use-ws
    at directUpload (file:///C:/Users/bgstr/source/repos/nodalmerge/clients/web/sdk.js:329:13)
    at process.processTicksAndRejections (node:internal/process/task_queues:103:5)
  peers=6 iter=14 warmup=46.493ms map=92.198ms list=121.524ms blob=91.481ms
  peers=6 warmup_avg=45.976ms map_samples=15 map_avg=96.357ms list_samples=15 list_avg=115.721ms blob_samples=15 blob_avg=99.14ms

Target: dotnet-host-runtime-alias (ws://127.0.0.1:8787)
  peers=6 iter=0 warmup=45.782ms map=93.198ms list=122.706ms blob=89.988ms
  peers=6 iter=1 warmup=46.352ms map=92.456ms list=107.329ms blob=77.298ms
  peers=6 iter=2 warmup=47.474ms map=107.122ms list=122.246ms blob=77.058ms
  peers=6 iter=3 warmup=46.8ms map=106.833ms list=123.119ms blob=76.385ms
  peers=6 iter=4 warmup=45.486ms map=107.313ms list=91.663ms blob=92.243ms
  peers=6 iter=5 warmup=45.892ms map=106.935ms list=107.699ms blob=91.337ms
  peers=6 iter=6 warmup=46ms map=91.809ms list=107.891ms blob=92.548ms
  peers=6 iter=7 warmup=46.04ms map=92.587ms list=93.261ms blob=90.256ms
  peers=6 iter=8 warmup=45.932ms map=92.412ms list=107.596ms blob=92.571ms
  peers=6 iter=9 warmup=45.947ms map=91.121ms list=121.02ms blob=77.188ms
  peers=6 iter=10 warmup=46.023ms map=93.551ms list=105.96ms blob=92.523ms
  peers=6 iter=11 warmup=46.178ms map=107.165ms list=90.353ms blob=91.78ms
  peers=6 iter=12 warmup=46.678ms map=92.884ms list=107.372ms blob=77.051ms
  peers=6 iter=13 warmup=44.863ms map=92.845ms list=108.406ms blob=92.413ms
  peers=6 iter=14 warmup=46.161ms map=92.422ms list=107ms blob=92.267ms
  peers=6 warmup_avg=46.107ms map_samples=15 map_avg=97.377ms list_samples=15 list_avg=108.241ms blob_samples=15 blob_avg=86.86ms

Wrote results: C:\Users\bgstr\source\repos\nodalmerge\benchmarks\results\sdk-scenarios-peers6-ops6-integrated-vs-dotnet-mongo-clean.json

Done.
using deprecated parameters for `initSync()`; pass a single object instead
SDK scenario benchmark config:
{
  "peerCounts": [
    6
  ],
  "iterations": 15,
  "mapOps": 12,
  "listOps": 12,
  "blobOps": 12,
  "blobSizeBytes": 1024,
  "warmupOps": 4,
  "timeoutMs": 45000,
  "opDelayMs": 2,
  "transport": "ws-only",
  "authMode": "none",
  "tokenExpirySecs": 3600,
  "authTokenCaps": [
    "read:bench/**",
    "write:bench/**"
  ],
  "targets": [
    "rust-integrated-hosted-server",
    "dotnet-host-runtime-alias"
  ]
}

Target: rust-integrated-hosted-server (ws://127.0.0.1:7979)
[nodalmerge] [sdk] direct upload failed; falling back to ws Error: upload-denied: use-ws
    at directUpload (file:///C:/Users/bgstr/source/repos/nodalmerge/clients/web/sdk.js:329:13)
    at process.processTicksAndRejections (node:internal/process/task_queues:103:5)
[nodalmerge] [sdk] direct upload failed; falling back to ws Error: upload-denied: use-ws
    at directUpload (file:///C:/Users/bgstr/source/repos/nodalmerge/clients/web/sdk.js:329:13)
    at process.processTicksAndRejections (node:internal/process/task_queues:103:5)
[nodalmerge] [sdk] direct upload failed; falling back to ws Error: upload-denied: use-ws
    at directUpload (file:///C:/Users/bgstr/source/repos/nodalmerge/clients/web/sdk.js:329:13)
    at process.processTicksAndRejections (node:internal/process/task_queues:103:5)
[nodalmerge] [sdk] direct upload failed; falling back to ws Error: upload-denied: use-ws
    at directUpload (file:///C:/Users/bgstr/source/repos/nodalmerge/clients/web/sdk.js:329:13)
    at process.processTicksAndRejections (node:internal/process/task_queues:103:5)
[nodalmerge] [sdk] direct upload failed; falling back to ws Error: upload-denied: use-ws
    at directUpload (file:///C:/Users/bgstr/source/repos/nodalmerge/clients/web/sdk.js:329:13)
    at process.processTicksAndRejections (node:internal/process/task_queues:103:5)
[nodalmerge] [sdk] direct upload failed; falling back to ws Error: upload-denied: use-ws
    at directUpload (file:///C:/Users/bgstr/source/repos/nodalmerge/clients/web/sdk.js:329:13)
    at process.processTicksAndRejections (node:internal/process/task_queues:103:5)
[nodalmerge] [sdk] direct upload failed; falling back to ws Error: upload-denied: use-ws
    at directUpload (file:///C:/Users/bgstr/source/repos/nodalmerge/clients/web/sdk.js:329:13)
    at process.processTicksAndRejections (node:internal/process/task_queues:103:5)
[nodalmerge] [sdk] direct upload failed; falling back to ws Error: upload-denied: use-ws
    at directUpload (file:///C:/Users/bgstr/source/repos/nodalmerge/clients/web/sdk.js:329:13)
    at process.processTicksAndRejections (node:internal/process/task_queues:103:5)
[nodalmerge] [sdk] direct upload failed; falling back to ws Error: upload-denied: use-ws
    at directUpload (file:///C:/Users/bgstr/source/repos/nodalmerge/clients/web/sdk.js:329:13)
    at process.processTicksAndRejections (node:internal/process/task_queues:103:5)
[nodalmerge] [sdk] direct upload failed; falling back to ws Error: upload-denied: use-ws
    at directUpload (file:///C:/Users/bgstr/source/repos/nodalmerge/clients/web/sdk.js:329:13)
    at process.processTicksAndRejections (node:internal/process/task_queues:103:5)
[nodalmerge] [sdk] direct upload failed; falling back to ws Error: upload-denied: use-ws
    at directUpload (file:///C:/Users/bgstr/source/repos/nodalmerge/clients/web/sdk.js:329:13)
    at process.processTicksAndRejections (node:internal/process/task_queues:103:5)
[nodalmerge] [sdk] direct upload failed; falling back to ws Error: upload-denied: use-ws
    at directUpload (file:///C:/Users/bgstr/source/repos/nodalmerge/clients/web/sdk.js:329:13)
    at process.processTicksAndRejections (node:internal/process/task_queues:103:5)
  peers=6 iter=0 warmup=45.814ms map=137.584ms list=214.115ms blob=152.187ms
[nodalmerge] [sdk] direct upload failed; falling back to ws Error: upload-denied: use-ws
    at directUpload (file:///C:/Users/bgstr/source/repos/nodalmerge/clients/web/sdk.js:329:13)
    at process.processTicksAndRejections (node:internal/process/task_queues:103:5)
[nodalmerge] [sdk] direct upload failed; falling back to ws Error: upload-denied: use-ws
    at directUpload (file:///C:/Users/bgstr/source/repos/nodalmerge/clients/web/sdk.js:329:13)
    at process.processTicksAndRejections (node:internal/process/task_queues:103:5)
[nodalmerge] [sdk] direct upload failed; falling back to ws Error: upload-denied: use-ws
    at directUpload (file:///C:/Users/bgstr/source/repos/nodalmerge/clients/web/sdk.js:329:13)
    at process.processTicksAndRejections (node:internal/process/task_queues:103:5)
[nodalmerge] [sdk] direct upload failed; falling back to ws Error: upload-denied: use-ws
    at directUpload (file:///C:/Users/bgstr/source/repos/nodalmerge/clients/web/sdk.js:329:13)
    at process.processTicksAndRejections (node:internal/process/task_queues:103:5)
[nodalmerge] [sdk] direct upload failed; falling back to ws Error: upload-denied: use-ws
    at directUpload (file:///C:/Users/bgstr/source/repos/nodalmerge/clients/web/sdk.js:329:13)
    at process.processTicksAndRejections (node:internal/process/task_queues:103:5)
[nodalmerge] [sdk] direct upload failed; falling back to ws Error: upload-denied: use-ws
    at directUpload (file:///C:/Users/bgstr/source/repos/nodalmerge/clients/web/sdk.js:329:13)
    at process.processTicksAndRejections (node:internal/process/task_queues:103:5)
[nodalmerge] [sdk] direct upload failed; falling back to ws Error: upload-denied: use-ws
    at directUpload (file:///C:/Users/bgstr/source/repos/nodalmerge/clients/web/sdk.js:329:13)
    at process.processTicksAndRejections (node:internal/process/task_queues:103:5)
[nodalmerge] [sdk] direct upload failed; falling back to ws Error: upload-denied: use-ws
    at directUpload (file:///C:/Users/bgstr/source/repos/nodalmerge/clients/web/sdk.js:329:13)
    at process.processTicksAndRejections (node:internal/process/task_queues:103:5)
[nodalmerge] [sdk] direct upload failed; falling back to ws Error: upload-denied: use-ws
    at directUpload (file:///C:/Users/bgstr/source/repos/nodalmerge/clients/web/sdk.js:329:13)
    at process.processTicksAndRejections (node:internal/process/task_queues:103:5)
[nodalmerge] [sdk] direct upload failed; falling back to ws Error: upload-denied: use-ws
    at directUpload (file:///C:/Users/bgstr/source/repos/nodalmerge/clients/web/sdk.js:329:13)
    at process.processTicksAndRejections (node:internal/process/task_queues:103:5)
[nodalmerge] [sdk] direct upload failed; falling back to ws Error: upload-denied: use-ws
    at directUpload (file:///C:/Users/bgstr/source/repos/nodalmerge/clients/web/sdk.js:329:13)
    at process.processTicksAndRejections (node:internal/process/task_queues:103:5)
[nodalmerge] [sdk] direct upload failed; falling back to ws Error: upload-denied: use-ws
    at directUpload (file:///C:/Users/bgstr/source/repos/nodalmerge/clients/web/sdk.js:329:13)
    at process.processTicksAndRejections (node:internal/process/task_queues:103:5)
  peers=6 iter=1 warmup=46.956ms map=152.2ms list=213.066ms blob=136.699ms
[nodalmerge] [sdk] direct upload failed; falling back to ws Error: upload-denied: use-ws
    at directUpload (file:///C:/Users/bgstr/source/repos/nodalmerge/clients/web/sdk.js:329:13)
    at process.processTicksAndRejections (node:internal/process/task_queues:103:5)
[nodalmerge] [sdk] direct upload failed; falling back to ws Error: upload-denied: use-ws
    at directUpload (file:///C:/Users/bgstr/source/repos/nodalmerge/clients/web/sdk.js:329:13)
    at process.processTicksAndRejections (node:internal/process/task_queues:103:5)
[nodalmerge] [sdk] direct upload failed; falling back to ws Error: upload-denied: use-ws
    at directUpload (file:///C:/Users/bgstr/source/repos/nodalmerge/clients/web/sdk.js:329:13)
    at process.processTicksAndRejections (node:internal/process/task_queues:103:5)
[nodalmerge] [sdk] direct upload failed; falling back to ws Error: upload-denied: use-ws
    at directUpload (file:///C:/Users/bgstr/source/repos/nodalmerge/clients/web/sdk.js:329:13)
    at process.processTicksAndRejections (node:internal/process/task_queues:103:5)
[nodalmerge] [sdk] direct upload failed; falling back to ws Error: upload-denied: use-ws
    at directUpload (file:///C:/Users/bgstr/source/repos/nodalmerge/clients/web/sdk.js:329:13)
    at process.processTicksAndRejections (node:internal/process/task_queues:103:5)
[nodalmerge] [sdk] direct upload failed; falling back to ws Error: upload-denied: use-ws
    at directUpload (file:///C:/Users/bgstr/source/repos/nodalmerge/clients/web/sdk.js:329:13)
    at process.processTicksAndRejections (node:internal/process/task_queues:103:5)
[nodalmerge] [sdk] direct upload failed; falling back to ws Error: upload-denied: use-ws
    at directUpload (file:///C:/Users/bgstr/source/repos/nodalmerge/clients/web/sdk.js:329:13)
    at process.processTicksAndRejections (node:internal/process/task_queues:103:5)
[nodalmerge] [sdk] direct upload failed; falling back to ws Error: upload-denied: use-ws
    at directUpload (file:///C:/Users/bgstr/source/repos/nodalmerge/clients/web/sdk.js:329:13)
    at process.processTicksAndRejections (node:internal/process/task_queues:103:5)
[nodalmerge] [sdk] direct upload failed; falling back to ws Error: upload-denied: use-ws
    at directUpload (file:///C:/Users/bgstr/source/repos/nodalmerge/clients/web/sdk.js:329:13)
    at process.processTicksAndRejections (node:internal/process/task_queues:103:5)
[nodalmerge] [sdk] direct upload failed; falling back to ws Error: upload-denied: use-ws
    at directUpload (file:///C:/Users/bgstr/source/repos/nodalmerge/clients/web/sdk.js:329:13)
    at process.processTicksAndRejections (node:internal/process/task_queues:103:5)
[nodalmerge] [sdk] direct upload failed; falling back to ws Error: upload-denied: use-ws
    at directUpload (file:///C:/Users/bgstr/source/repos/nodalmerge/clients/web/sdk.js:329:13)
    at process.processTicksAndRejections (node:internal/process/task_queues:103:5)
[nodalmerge] [sdk] direct upload failed; falling back to ws Error: upload-denied: use-ws
    at directUpload (file:///C:/Users/bgstr/source/repos/nodalmerge/clients/web/sdk.js:329:13)
    at process.processTicksAndRejections (node:internal/process/task_queues:103:5)
  peers=6 iter=2 warmup=46.236ms map=138.49ms list=213.04ms blob=138.967ms
[nodalmerge] [sdk] direct upload failed; falling back to ws Error: upload-denied: use-ws
    at directUpload (file:///C:/Users/bgstr/source/repos/nodalmerge/clients/web/sdk.js:329:13)
    at process.processTicksAndRejections (node:internal/process/task_queues:103:5)
[nodalmerge] [sdk] direct upload failed; falling back to ws Error: upload-denied: use-ws
    at directUpload (file:///C:/Users/bgstr/source/repos/nodalmerge/clients/web/sdk.js:329:13)
    at process.processTicksAndRejections (node:internal/process/task_queues:103:5)
[nodalmerge] [sdk] direct upload failed; falling back to ws Error: upload-denied: use-ws
    at directUpload (file:///C:/Users/bgstr/source/repos/nodalmerge/clients/web/sdk.js:329:13)
    at process.processTicksAndRejections (node:internal/process/task_queues:103:5)
[nodalmerge] [sdk] direct upload failed; falling back to ws Error: upload-denied: use-ws
    at directUpload (file:///C:/Users/bgstr/source/repos/nodalmerge/clients/web/sdk.js:329:13)
    at process.processTicksAndRejections (node:internal/process/task_queues:103:5)
[nodalmerge] [sdk] direct upload failed; falling back to ws Error: upload-denied: use-ws
    at directUpload (file:///C:/Users/bgstr/source/repos/nodalmerge/clients/web/sdk.js:329:13)
    at process.processTicksAndRejections (node:internal/process/task_queues:103:5)
[nodalmerge] [sdk] direct upload failed; falling back to ws Error: upload-denied: use-ws
    at directUpload (file:///C:/Users/bgstr/source/repos/nodalmerge/clients/web/sdk.js:329:13)
    at process.processTicksAndRejections (node:internal/process/task_queues:103:5)
[nodalmerge] [sdk] direct upload failed; falling back to ws Error: upload-denied: use-ws
    at directUpload (file:///C:/Users/bgstr/source/repos/nodalmerge/clients/web/sdk.js:329:13)
    at process.processTicksAndRejections (node:internal/process/task_queues:103:5)
[nodalmerge] [sdk] direct upload failed; falling back to ws Error: upload-denied: use-ws
    at directUpload (file:///C:/Users/bgstr/source/repos/nodalmerge/clients/web/sdk.js:329:13)
    at process.processTicksAndRejections (node:internal/process/task_queues:103:5)
[nodalmerge] [sdk] direct upload failed; falling back to ws Error: upload-denied: use-ws
    at directUpload (file:///C:/Users/bgstr/source/repos/nodalmerge/clients/web/sdk.js:329:13)
    at process.processTicksAndRejections (node:internal/process/task_queues:103:5)
[nodalmerge] [sdk] direct upload failed; falling back to ws Error: upload-denied: use-ws
    at directUpload (file:///C:/Users/bgstr/source/repos/nodalmerge/clients/web/sdk.js:329:13)
    at process.processTicksAndRejections (node:internal/process/task_queues:103:5)
[nodalmerge] [sdk] direct upload failed; falling back to ws Error: upload-denied: use-ws
    at directUpload (file:///C:/Users/bgstr/source/repos/nodalmerge/clients/web/sdk.js:329:13)
    at process.processTicksAndRejections (node:internal/process/task_queues:103:5)
[nodalmerge] [sdk] direct upload failed; falling back to ws Error: upload-denied: use-ws
    at directUpload (file:///C:/Users/bgstr/source/repos/nodalmerge/clients/web/sdk.js:329:13)
    at process.processTicksAndRejections (node:internal/process/task_queues:103:5)
  peers=6 iter=3 warmup=46.315ms map=137.882ms list=183.372ms blob=137.825ms
[nodalmerge] [sdk] direct upload failed; falling back to ws Error: upload-denied: use-ws
    at directUpload (file:///C:/Users/bgstr/source/repos/nodalmerge/clients/web/sdk.js:329:13)
    at process.processTicksAndRejections (node:internal/process/task_queues:103:5)
[nodalmerge] [sdk] direct upload failed; falling back to ws Error: upload-denied: use-ws
    at directUpload (file:///C:/Users/bgstr/source/repos/nodalmerge/clients/web/sdk.js:329:13)
    at process.processTicksAndRejections (node:internal/process/task_queues:103:5)
[nodalmerge] [sdk] direct upload failed; falling back to ws Error: upload-denied: use-ws
    at directUpload (file:///C:/Users/bgstr/source/repos/nodalmerge/clients/web/sdk.js:329:13)
    at process.processTicksAndRejections (node:internal/process/task_queues:103:5)
[nodalmerge] [sdk] direct upload failed; falling back to ws Error: upload-denied: use-ws
    at directUpload (file:///C:/Users/bgstr/source/repos/nodalmerge/clients/web/sdk.js:329:13)
    at process.processTicksAndRejections (node:internal/process/task_queues:103:5)
[nodalmerge] [sdk] direct upload failed; falling back to ws Error: upload-denied: use-ws
    at directUpload (file:///C:/Users/bgstr/source/repos/nodalmerge/clients/web/sdk.js:329:13)
    at process.processTicksAndRejections (node:internal/process/task_queues:103:5)
[nodalmerge] [sdk] direct upload failed; falling back to ws Error: upload-denied: use-ws
    at directUpload (file:///C:/Users/bgstr/source/repos/nodalmerge/clients/web/sdk.js:329:13)
    at process.processTicksAndRejections (node:internal/process/task_queues:103:5)
[nodalmerge] [sdk] direct upload failed; falling back to ws Error: upload-denied: use-ws
    at directUpload (file:///C:/Users/bgstr/source/repos/nodalmerge/clients/web/sdk.js:329:13)
    at process.processTicksAndRejections (node:internal/process/task_queues:103:5)
[nodalmerge] [sdk] direct upload failed; falling back to ws Error: upload-denied: use-ws
    at directUpload (file:///C:/Users/bgstr/source/repos/nodalmerge/clients/web/sdk.js:329:13)
    at process.processTicksAndRejections (node:internal/process/task_queues:103:5)
[nodalmerge] [sdk] direct upload failed; falling back to ws Error: upload-denied: use-ws
    at directUpload (file:///C:/Users/bgstr/source/repos/nodalmerge/clients/web/sdk.js:329:13)
    at process.processTicksAndRejections (node:internal/process/task_queues:103:5)
[nodalmerge] [sdk] direct upload failed; falling back to ws Error: upload-denied: use-ws
    at directUpload (file:///C:/Users/bgstr/source/repos/nodalmerge/clients/web/sdk.js:329:13)
    at process.processTicksAndRejections (node:internal/process/task_queues:103:5)
[nodalmerge] [sdk] direct upload failed; falling back to ws Error: upload-denied: use-ws
    at directUpload (file:///C:/Users/bgstr/source/repos/nodalmerge/clients/web/sdk.js:329:13)
    at process.processTicksAndRejections (node:internal/process/task_queues:103:5)
[nodalmerge] [sdk] direct upload failed; falling back to ws Error: upload-denied: use-ws
    at directUpload (file:///C:/Users/bgstr/source/repos/nodalmerge/clients/web/sdk.js:329:13)
    at process.processTicksAndRejections (node:internal/process/task_queues:103:5)
  peers=6 iter=4 warmup=45.65ms map=153.413ms list=213.445ms blob=138.971ms
[nodalmerge] [sdk] direct upload failed; falling back to ws Error: upload-denied: use-ws
    at directUpload (file:///C:/Users/bgstr/source/repos/nodalmerge/clients/web/sdk.js:329:13)
    at process.processTicksAndRejections (node:internal/process/task_queues:103:5)
[nodalmerge] [sdk] direct upload failed; falling back to ws Error: upload-denied: use-ws
    at directUpload (file:///C:/Users/bgstr/source/repos/nodalmerge/clients/web/sdk.js:329:13)
    at process.processTicksAndRejections (node:internal/process/task_queues:103:5)
[nodalmerge] [sdk] direct upload failed; falling back to ws Error: upload-denied: use-ws
    at directUpload (file:///C:/Users/bgstr/source/repos/nodalmerge/clients/web/sdk.js:329:13)
    at process.processTicksAndRejections (node:internal/process/task_queues:103:5)
[nodalmerge] [sdk] direct upload failed; falling back to ws Error: upload-denied: use-ws
    at directUpload (file:///C:/Users/bgstr/source/repos/nodalmerge/clients/web/sdk.js:329:13)
    at process.processTicksAndRejections (node:internal/process/task_queues:103:5)
[nodalmerge] [sdk] direct upload failed; falling back to ws Error: upload-denied: use-ws
    at directUpload (file:///C:/Users/bgstr/source/repos/nodalmerge/clients/web/sdk.js:329:13)
    at process.processTicksAndRejections (node:internal/process/task_queues:103:5)
[nodalmerge] [sdk] direct upload failed; falling back to ws Error: upload-denied: use-ws
    at directUpload (file:///C:/Users/bgstr/source/repos/nodalmerge/clients/web/sdk.js:329:13)
    at process.processTicksAndRejections (node:internal/process/task_queues:103:5)
[nodalmerge] [sdk] direct upload failed; falling back to ws Error: upload-denied: use-ws
    at directUpload (file:///C:/Users/bgstr/source/repos/nodalmerge/clients/web/sdk.js:329:13)
    at process.processTicksAndRejections (node:internal/process/task_queues:103:5)
[nodalmerge] [sdk] direct upload failed; falling back to ws Error: upload-denied: use-ws
    at directUpload (file:///C:/Users/bgstr/source/repos/nodalmerge/clients/web/sdk.js:329:13)
    at process.processTicksAndRejections (node:internal/process/task_queues:103:5)
[nodalmerge] [sdk] direct upload failed; falling back to ws Error: upload-denied: use-ws
    at directUpload (file:///C:/Users/bgstr/source/repos/nodalmerge/clients/web/sdk.js:329:13)
    at process.processTicksAndRejections (node:internal/process/task_queues:103:5)
[nodalmerge] [sdk] direct upload failed; falling back to ws Error: upload-denied: use-ws
    at directUpload (file:///C:/Users/bgstr/source/repos/nodalmerge/clients/web/sdk.js:329:13)
    at process.processTicksAndRejections (node:internal/process/task_queues:103:5)
[nodalmerge] [sdk] direct upload failed; falling back to ws Error: upload-denied: use-ws
    at directUpload (file:///C:/Users/bgstr/source/repos/nodalmerge/clients/web/sdk.js:329:13)
    at process.processTicksAndRejections (node:internal/process/task_queues:103:5)
[nodalmerge] [sdk] direct upload failed; falling back to ws Error: upload-denied: use-ws
    at directUpload (file:///C:/Users/bgstr/source/repos/nodalmerge/clients/web/sdk.js:329:13)
    at process.processTicksAndRejections (node:internal/process/task_queues:103:5)
  peers=6 iter=5 warmup=47.442ms map=154.656ms list=212.954ms blob=138.823ms
[nodalmerge] [sdk] direct upload failed; falling back to ws Error: upload-denied: use-ws
    at directUpload (file:///C:/Users/bgstr/source/repos/nodalmerge/clients/web/sdk.js:329:13)
    at process.processTicksAndRejections (node:internal/process/task_queues:103:5)
[nodalmerge] [sdk] direct upload failed; falling back to ws Error: upload-denied: use-ws
    at directUpload (file:///C:/Users/bgstr/source/repos/nodalmerge/clients/web/sdk.js:329:13)
    at process.processTicksAndRejections (node:internal/process/task_queues:103:5)
[nodalmerge] [sdk] direct upload failed; falling back to ws Error: upload-denied: use-ws
    at directUpload (file:///C:/Users/bgstr/source/repos/nodalmerge/clients/web/sdk.js:329:13)
    at process.processTicksAndRejections (node:internal/process/task_queues:103:5)
[nodalmerge] [sdk] direct upload failed; falling back to ws Error: upload-denied: use-ws
    at directUpload (file:///C:/Users/bgstr/source/repos/nodalmerge/clients/web/sdk.js:329:13)
    at process.processTicksAndRejections (node:internal/process/task_queues:103:5)
[nodalmerge] [sdk] direct upload failed; falling back to ws Error: upload-denied: use-ws
    at directUpload (file:///C:/Users/bgstr/source/repos/nodalmerge/clients/web/sdk.js:329:13)
    at process.processTicksAndRejections (node:internal/process/task_queues:103:5)
[nodalmerge] [sdk] direct upload failed; falling back to ws Error: upload-denied: use-ws
    at directUpload (file:///C:/Users/bgstr/source/repos/nodalmerge/clients/web/sdk.js:329:13)
    at process.processTicksAndRejections (node:internal/process/task_queues:103:5)
[nodalmerge] [sdk] direct upload failed; falling back to ws Error: upload-denied: use-ws
    at directUpload (file:///C:/Users/bgstr/source/repos/nodalmerge/clients/web/sdk.js:329:13)
    at process.processTicksAndRejections (node:internal/process/task_queues:103:5)
[nodalmerge] [sdk] direct upload failed; falling back to ws Error: upload-denied: use-ws
    at directUpload (file:///C:/Users/bgstr/source/repos/nodalmerge/clients/web/sdk.js:329:13)
    at process.processTicksAndRejections (node:internal/process/task_queues:103:5)
[nodalmerge] [sdk] direct upload failed; falling back to ws Error: upload-denied: use-ws
    at directUpload (file:///C:/Users/bgstr/source/repos/nodalmerge/clients/web/sdk.js:329:13)
    at process.processTicksAndRejections (node:internal/process/task_queues:103:5)
[nodalmerge] [sdk] direct upload failed; falling back to ws Error: upload-denied: use-ws
    at directUpload (file:///C:/Users/bgstr/source/repos/nodalmerge/clients/web/sdk.js:329:13)
    at process.processTicksAndRejections (node:internal/process/task_queues:103:5)
[nodalmerge] [sdk] direct upload failed; falling back to ws Error: upload-denied: use-ws
    at directUpload (file:///C:/Users/bgstr/source/repos/nodalmerge/clients/web/sdk.js:329:13)
    at process.processTicksAndRejections (node:internal/process/task_queues:103:5)
[nodalmerge] [sdk] direct upload failed; falling back to ws Error: upload-denied: use-ws
    at directUpload (file:///C:/Users/bgstr/source/repos/nodalmerge/clients/web/sdk.js:329:13)
    at process.processTicksAndRejections (node:internal/process/task_queues:103:5)
  peers=6 iter=6 warmup=47.356ms map=153.206ms list=213.844ms blob=137.549ms
[nodalmerge] [sdk] direct upload failed; falling back to ws Error: upload-denied: use-ws
    at directUpload (file:///C:/Users/bgstr/source/repos/nodalmerge/clients/web/sdk.js:329:13)
    at process.processTicksAndRejections (node:internal/process/task_queues:103:5)
[nodalmerge] [sdk] direct upload failed; falling back to ws Error: upload-denied: use-ws
    at directUpload (file:///C:/Users/bgstr/source/repos/nodalmerge/clients/web/sdk.js:329:13)
    at process.processTicksAndRejections (node:internal/process/task_queues:103:5)
[nodalmerge] [sdk] direct upload failed; falling back to ws Error: upload-denied: use-ws
    at directUpload (file:///C:/Users/bgstr/source/repos/nodalmerge/clients/web/sdk.js:329:13)
    at process.processTicksAndRejections (node:internal/process/task_queues:103:5)
[nodalmerge] [sdk] direct upload failed; falling back to ws Error: upload-denied: use-ws
    at directUpload (file:///C:/Users/bgstr/source/repos/nodalmerge/clients/web/sdk.js:329:13)
    at process.processTicksAndRejections (node:internal/process/task_queues:103:5)
[nodalmerge] [sdk] direct upload failed; falling back to ws Error: upload-denied: use-ws
    at directUpload (file:///C:/Users/bgstr/source/repos/nodalmerge/clients/web/sdk.js:329:13)
    at process.processTicksAndRejections (node:internal/process/task_queues:103:5)
[nodalmerge] [sdk] direct upload failed; falling back to ws Error: upload-denied: use-ws
    at directUpload (file:///C:/Users/bgstr/source/repos/nodalmerge/clients/web/sdk.js:329:13)
    at process.processTicksAndRejections (node:internal/process/task_queues:103:5)
[nodalmerge] [sdk] direct upload failed; falling back to ws Error: upload-denied: use-ws
    at directUpload (file:///C:/Users/bgstr/source/repos/nodalmerge/clients/web/sdk.js:329:13)
    at process.processTicksAndRejections (node:internal/process/task_queues:103:5)
[nodalmerge] [sdk] direct upload failed; falling back to ws Error: upload-denied: use-ws
    at directUpload (file:///C:/Users/bgstr/source/repos/nodalmerge/clients/web/sdk.js:329:13)
    at process.processTicksAndRejections (node:internal/process/task_queues:103:5)
[nodalmerge] [sdk] direct upload failed; falling back to ws Error: upload-denied: use-ws
    at directUpload (file:///C:/Users/bgstr/source/repos/nodalmerge/clients/web/sdk.js:329:13)
    at process.processTicksAndRejections (node:internal/process/task_queues:103:5)
[nodalmerge] [sdk] direct upload failed; falling back to ws Error: upload-denied: use-ws
    at directUpload (file:///C:/Users/bgstr/source/repos/nodalmerge/clients/web/sdk.js:329:13)
    at process.processTicksAndRejections (node:internal/process/task_queues:103:5)
[nodalmerge] [sdk] direct upload failed; falling back to ws Error: upload-denied: use-ws
    at directUpload (file:///C:/Users/bgstr/source/repos/nodalmerge/clients/web/sdk.js:329:13)
    at process.processTicksAndRejections (node:internal/process/task_queues:103:5)
[nodalmerge] [sdk] direct upload failed; falling back to ws Error: upload-denied: use-ws
    at directUpload (file:///C:/Users/bgstr/source/repos/nodalmerge/clients/web/sdk.js:329:13)
    at process.processTicksAndRejections (node:internal/process/task_queues:103:5)
  peers=6 iter=7 warmup=47.25ms map=154.072ms list=163.446ms blob=142.55ms
[nodalmerge] [sdk] direct upload failed; falling back to ws Error: upload-denied: use-ws
    at directUpload (file:///C:/Users/bgstr/source/repos/nodalmerge/clients/web/sdk.js:329:13)
    at process.processTicksAndRejections (node:internal/process/task_queues:103:5)
[nodalmerge] [sdk] direct upload failed; falling back to ws Error: upload-denied: use-ws
    at directUpload (file:///C:/Users/bgstr/source/repos/nodalmerge/clients/web/sdk.js:329:13)
    at process.processTicksAndRejections (node:internal/process/task_queues:103:5)
[nodalmerge] [sdk] direct upload failed; falling back to ws Error: upload-denied: use-ws
    at directUpload (file:///C:/Users/bgstr/source/repos/nodalmerge/clients/web/sdk.js:329:13)
    at process.processTicksAndRejections (node:internal/process/task_queues:103:5)
[nodalmerge] [sdk] direct upload failed; falling back to ws Error: upload-denied: use-ws
    at directUpload (file:///C:/Users/bgstr/source/repos/nodalmerge/clients/web/sdk.js:329:13)
    at process.processTicksAndRejections (node:internal/process/task_queues:103:5)
[nodalmerge] [sdk] direct upload failed; falling back to ws Error: upload-denied: use-ws
    at directUpload (file:///C:/Users/bgstr/source/repos/nodalmerge/clients/web/sdk.js:329:13)
    at process.processTicksAndRejections (node:internal/process/task_queues:103:5)
[nodalmerge] [sdk] direct upload failed; falling back to ws Error: upload-denied: use-ws
    at directUpload (file:///C:/Users/bgstr/source/repos/nodalmerge/clients/web/sdk.js:329:13)
    at process.processTicksAndRejections (node:internal/process/task_queues:103:5)
[nodalmerge] [sdk] direct upload failed; falling back to ws Error: upload-denied: use-ws
    at directUpload (file:///C:/Users/bgstr/source/repos/nodalmerge/clients/web/sdk.js:329:13)
    at process.processTicksAndRejections (node:internal/process/task_queues:103:5)
[nodalmerge] [sdk] direct upload failed; falling back to ws Error: upload-denied: use-ws
    at directUpload (file:///C:/Users/bgstr/source/repos/nodalmerge/clients/web/sdk.js:329:13)
    at process.processTicksAndRejections (node:internal/process/task_queues:103:5)
[nodalmerge] [sdk] direct upload failed; falling back to ws Error: upload-denied: use-ws
    at directUpload (file:///C:/Users/bgstr/source/repos/nodalmerge/clients/web/sdk.js:329:13)
    at process.processTicksAndRejections (node:internal/process/task_queues:103:5)
[nodalmerge] [sdk] direct upload failed; falling back to ws Error: upload-denied: use-ws
    at directUpload (file:///C:/Users/bgstr/source/repos/nodalmerge/clients/web/sdk.js:329:13)
    at process.processTicksAndRejections (node:internal/process/task_queues:103:5)
[nodalmerge] [sdk] direct upload failed; falling back to ws Error: upload-denied: use-ws
    at directUpload (file:///C:/Users/bgstr/source/repos/nodalmerge/clients/web/sdk.js:329:13)
    at process.processTicksAndRejections (node:internal/process/task_queues:103:5)
[nodalmerge] [sdk] direct upload failed; falling back to ws Error: upload-denied: use-ws
    at directUpload (file:///C:/Users/bgstr/source/repos/nodalmerge/clients/web/sdk.js:329:13)
    at process.processTicksAndRejections (node:internal/process/task_queues:103:5)
  peers=6 iter=8 warmup=46.99ms map=155.509ms list=214.908ms blob=138.377ms
[nodalmerge] [sdk] direct upload failed; falling back to ws Error: upload-denied: use-ws
    at directUpload (file:///C:/Users/bgstr/source/repos/nodalmerge/clients/web/sdk.js:329:13)
    at process.processTicksAndRejections (node:internal/process/task_queues:103:5)
[nodalmerge] [sdk] direct upload failed; falling back to ws Error: upload-denied: use-ws
    at directUpload (file:///C:/Users/bgstr/source/repos/nodalmerge/clients/web/sdk.js:329:13)
    at process.processTicksAndRejections (node:internal/process/task_queues:103:5)
[nodalmerge] [sdk] direct upload failed; falling back to ws Error: upload-denied: use-ws
    at directUpload (file:///C:/Users/bgstr/source/repos/nodalmerge/clients/web/sdk.js:329:13)
    at process.processTicksAndRejections (node:internal/process/task_queues:103:5)
[nodalmerge] [sdk] direct upload failed; falling back to ws Error: upload-denied: use-ws
    at directUpload (file:///C:/Users/bgstr/source/repos/nodalmerge/clients/web/sdk.js:329:13)
    at process.processTicksAndRejections (node:internal/process/task_queues:103:5)
[nodalmerge] [sdk] direct upload failed; falling back to ws Error: upload-denied: use-ws
    at directUpload (file:///C:/Users/bgstr/source/repos/nodalmerge/clients/web/sdk.js:329:13)
    at process.processTicksAndRejections (node:internal/process/task_queues:103:5)
[nodalmerge] [sdk] direct upload failed; falling back to ws Error: upload-denied: use-ws
    at directUpload (file:///C:/Users/bgstr/source/repos/nodalmerge/clients/web/sdk.js:329:13)
    at process.processTicksAndRejections (node:internal/process/task_queues:103:5)
[nodalmerge] [sdk] direct upload failed; falling back to ws Error: upload-denied: use-ws
    at directUpload (file:///C:/Users/bgstr/source/repos/nodalmerge/clients/web/sdk.js:329:13)
    at process.processTicksAndRejections (node:internal/process/task_queues:103:5)
[nodalmerge] [sdk] direct upload failed; falling back to ws Error: upload-denied: use-ws
    at directUpload (file:///C:/Users/bgstr/source/repos/nodalmerge/clients/web/sdk.js:329:13)
    at process.processTicksAndRejections (node:internal/process/task_queues:103:5)
[nodalmerge] [sdk] direct upload failed; falling back to ws Error: upload-denied: use-ws
    at directUpload (file:///C:/Users/bgstr/source/repos/nodalmerge/clients/web/sdk.js:329:13)
    at process.processTicksAndRejections (node:internal/process/task_queues:103:5)
[nodalmerge] [sdk] direct upload failed; falling back to ws Error: upload-denied: use-ws
    at directUpload (file:///C:/Users/bgstr/source/repos/nodalmerge/clients/web/sdk.js:329:13)
    at process.processTicksAndRejections (node:internal/process/task_queues:103:5)
[nodalmerge] [sdk] direct upload failed; falling back to ws Error: upload-denied: use-ws
    at directUpload (file:///C:/Users/bgstr/source/repos/nodalmerge/clients/web/sdk.js:329:13)
    at process.processTicksAndRejections (node:internal/process/task_queues:103:5)
[nodalmerge] [sdk] direct upload failed; falling back to ws Error: upload-denied: use-ws
    at directUpload (file:///C:/Users/bgstr/source/repos/nodalmerge/clients/web/sdk.js:329:13)
    at process.processTicksAndRejections (node:internal/process/task_queues:103:5)
  peers=6 iter=9 warmup=46.71ms map=153.172ms list=194.176ms blob=152.782ms
[nodalmerge] [sdk] direct upload failed; falling back to ws Error: upload-denied: use-ws
    at directUpload (file:///C:/Users/bgstr/source/repos/nodalmerge/clients/web/sdk.js:329:13)
    at process.processTicksAndRejections (node:internal/process/task_queues:103:5)
[nodalmerge] [sdk] direct upload failed; falling back to ws Error: upload-denied: use-ws
    at directUpload (file:///C:/Users/bgstr/source/repos/nodalmerge/clients/web/sdk.js:329:13)
    at process.processTicksAndRejections (node:internal/process/task_queues:103:5)
[nodalmerge] [sdk] direct upload failed; falling back to ws Error: upload-denied: use-ws
    at directUpload (file:///C:/Users/bgstr/source/repos/nodalmerge/clients/web/sdk.js:329:13)
    at process.processTicksAndRejections (node:internal/process/task_queues:103:5)
[nodalmerge] [sdk] direct upload failed; falling back to ws Error: upload-denied: use-ws
    at directUpload (file:///C:/Users/bgstr/source/repos/nodalmerge/clients/web/sdk.js:329:13)
    at process.processTicksAndRejections (node:internal/process/task_queues:103:5)
[nodalmerge] [sdk] direct upload failed; falling back to ws Error: upload-denied: use-ws
    at directUpload (file:///C:/Users/bgstr/source/repos/nodalmerge/clients/web/sdk.js:329:13)
    at process.processTicksAndRejections (node:internal/process/task_queues:103:5)
[nodalmerge] [sdk] direct upload failed; falling back to ws Error: upload-denied: use-ws
    at directUpload (file:///C:/Users/bgstr/source/repos/nodalmerge/clients/web/sdk.js:329:13)
    at process.processTicksAndRejections (node:internal/process/task_queues:103:5)
[nodalmerge] [sdk] direct upload failed; falling back to ws Error: upload-denied: use-ws
    at directUpload (file:///C:/Users/bgstr/source/repos/nodalmerge/clients/web/sdk.js:329:13)
    at process.processTicksAndRejections (node:internal/process/task_queues:103:5)
[nodalmerge] [sdk] direct upload failed; falling back to ws Error: upload-denied: use-ws
    at directUpload (file:///C:/Users/bgstr/source/repos/nodalmerge/clients/web/sdk.js:329:13)
    at process.processTicksAndRejections (node:internal/process/task_queues:103:5)
[nodalmerge] [sdk] direct upload failed; falling back to ws Error: upload-denied: use-ws
    at directUpload (file:///C:/Users/bgstr/source/repos/nodalmerge/clients/web/sdk.js:329:13)
    at process.processTicksAndRejections (node:internal/process/task_queues:103:5)
[nodalmerge] [sdk] direct upload failed; falling back to ws Error: upload-denied: use-ws
    at directUpload (file:///C:/Users/bgstr/source/repos/nodalmerge/clients/web/sdk.js:329:13)
    at process.processTicksAndRejections (node:internal/process/task_queues:103:5)
[nodalmerge] [sdk] direct upload failed; falling back to ws Error: upload-denied: use-ws
    at directUpload (file:///C:/Users/bgstr/source/repos/nodalmerge/clients/web/sdk.js:329:13)
    at process.processTicksAndRejections (node:internal/process/task_queues:103:5)
[nodalmerge] [sdk] direct upload failed; falling back to ws Error: upload-denied: use-ws
    at directUpload (file:///C:/Users/bgstr/source/repos/nodalmerge/clients/web/sdk.js:329:13)
    at process.processTicksAndRejections (node:internal/process/task_queues:103:5)
  peers=6 iter=10 warmup=47.643ms map=154.833ms list=212.95ms blob=183.965ms
[nodalmerge] [sdk] direct upload failed; falling back to ws Error: upload-denied: use-ws
    at directUpload (file:///C:/Users/bgstr/source/repos/nodalmerge/clients/web/sdk.js:329:13)
    at process.processTicksAndRejections (node:internal/process/task_queues:103:5)
[nodalmerge] [sdk] direct upload failed; falling back to ws Error: upload-denied: use-ws
    at directUpload (file:///C:/Users/bgstr/source/repos/nodalmerge/clients/web/sdk.js:329:13)
    at process.processTicksAndRejections (node:internal/process/task_queues:103:5)
[nodalmerge] [sdk] direct upload failed; falling back to ws Error: upload-denied: use-ws
    at directUpload (file:///C:/Users/bgstr/source/repos/nodalmerge/clients/web/sdk.js:329:13)
    at process.processTicksAndRejections (node:internal/process/task_queues:103:5)
[nodalmerge] [sdk] direct upload failed; falling back to ws Error: upload-denied: use-ws
    at directUpload (file:///C:/Users/bgstr/source/repos/nodalmerge/clients/web/sdk.js:329:13)
    at process.processTicksAndRejections (node:internal/process/task_queues:103:5)
[nodalmerge] [sdk] direct upload failed; falling back to ws Error: upload-denied: use-ws
    at directUpload (file:///C:/Users/bgstr/source/repos/nodalmerge/clients/web/sdk.js:329:13)
    at process.processTicksAndRejections (node:internal/process/task_queues:103:5)
[nodalmerge] [sdk] direct upload failed; falling back to ws Error: upload-denied: use-ws
    at directUpload (file:///C:/Users/bgstr/source/repos/nodalmerge/clients/web/sdk.js:329:13)
    at process.processTicksAndRejections (node:internal/process/task_queues:103:5)
[nodalmerge] [sdk] direct upload failed; falling back to ws Error: upload-denied: use-ws
    at directUpload (file:///C:/Users/bgstr/source/repos/nodalmerge/clients/web/sdk.js:329:13)
    at process.processTicksAndRejections (node:internal/process/task_queues:103:5)
[nodalmerge] [sdk] direct upload failed; falling back to ws Error: upload-denied: use-ws
    at directUpload (file:///C:/Users/bgstr/source/repos/nodalmerge/clients/web/sdk.js:329:13)
    at process.processTicksAndRejections (node:internal/process/task_queues:103:5)
[nodalmerge] [sdk] direct upload failed; falling back to ws Error: upload-denied: use-ws
    at directUpload (file:///C:/Users/bgstr/source/repos/nodalmerge/clients/web/sdk.js:329:13)
    at process.processTicksAndRejections (node:internal/process/task_queues:103:5)
[nodalmerge] [sdk] direct upload failed; falling back to ws Error: upload-denied: use-ws
    at directUpload (file:///C:/Users/bgstr/source/repos/nodalmerge/clients/web/sdk.js:329:13)
    at process.processTicksAndRejections (node:internal/process/task_queues:103:5)
[nodalmerge] [sdk] direct upload failed; falling back to ws Error: upload-denied: use-ws
    at directUpload (file:///C:/Users/bgstr/source/repos/nodalmerge/clients/web/sdk.js:329:13)
    at process.processTicksAndRejections (node:internal/process/task_queues:103:5)
[nodalmerge] [sdk] direct upload failed; falling back to ws Error: upload-denied: use-ws
    at directUpload (file:///C:/Users/bgstr/source/repos/nodalmerge/clients/web/sdk.js:329:13)
    at process.processTicksAndRejections (node:internal/process/task_queues:103:5)
  peers=6 iter=11 warmup=46.095ms map=136.513ms list=214.33ms blob=182.362ms
[nodalmerge] [sdk] direct upload failed; falling back to ws Error: upload-denied: use-ws
    at directUpload (file:///C:/Users/bgstr/source/repos/nodalmerge/clients/web/sdk.js:329:13)
    at process.processTicksAndRejections (node:internal/process/task_queues:103:5)
[nodalmerge] [sdk] direct upload failed; falling back to ws Error: upload-denied: use-ws
    at directUpload (file:///C:/Users/bgstr/source/repos/nodalmerge/clients/web/sdk.js:329:13)
    at process.processTicksAndRejections (node:internal/process/task_queues:103:5)
[nodalmerge] [sdk] direct upload failed; falling back to ws Error: upload-denied: use-ws
    at directUpload (file:///C:/Users/bgstr/source/repos/nodalmerge/clients/web/sdk.js:329:13)
    at process.processTicksAndRejections (node:internal/process/task_queues:103:5)
[nodalmerge] [sdk] direct upload failed; falling back to ws Error: upload-denied: use-ws
    at directUpload (file:///C:/Users/bgstr/source/repos/nodalmerge/clients/web/sdk.js:329:13)
    at process.processTicksAndRejections (node:internal/process/task_queues:103:5)
[nodalmerge] [sdk] direct upload failed; falling back to ws Error: upload-denied: use-ws
    at directUpload (file:///C:/Users/bgstr/source/repos/nodalmerge/clients/web/sdk.js:329:13)
    at process.processTicksAndRejections (node:internal/process/task_queues:103:5)
[nodalmerge] [sdk] direct upload failed; falling back to ws Error: upload-denied: use-ws
    at directUpload (file:///C:/Users/bgstr/source/repos/nodalmerge/clients/web/sdk.js:329:13)
    at process.processTicksAndRejections (node:internal/process/task_queues:103:5)
[nodalmerge] [sdk] direct upload failed; falling back to ws Error: upload-denied: use-ws
    at directUpload (file:///C:/Users/bgstr/source/repos/nodalmerge/clients/web/sdk.js:329:13)
    at process.processTicksAndRejections (node:internal/process/task_queues:103:5)
[nodalmerge] [sdk] direct upload failed; falling back to ws Error: upload-denied: use-ws
    at directUpload (file:///C:/Users/bgstr/source/repos/nodalmerge/clients/web/sdk.js:329:13)
    at process.processTicksAndRejections (node:internal/process/task_queues:103:5)
[nodalmerge] [sdk] direct upload failed; falling back to ws Error: upload-denied: use-ws
    at directUpload (file:///C:/Users/bgstr/source/repos/nodalmerge/clients/web/sdk.js:329:13)
    at process.processTicksAndRejections (node:internal/process/task_queues:103:5)
[nodalmerge] [sdk] direct upload failed; falling back to ws Error: upload-denied: use-ws
    at directUpload (file:///C:/Users/bgstr/source/repos/nodalmerge/clients/web/sdk.js:329:13)
    at process.processTicksAndRejections (node:internal/process/task_queues:103:5)
[nodalmerge] [sdk] direct upload failed; falling back to ws Error: upload-denied: use-ws
    at directUpload (file:///C:/Users/bgstr/source/repos/nodalmerge/clients/web/sdk.js:329:13)
    at process.processTicksAndRejections (node:internal/process/task_queues:103:5)
[nodalmerge] [sdk] direct upload failed; falling back to ws Error: upload-denied: use-ws
    at directUpload (file:///C:/Users/bgstr/source/repos/nodalmerge/clients/web/sdk.js:329:13)
    at process.processTicksAndRejections (node:internal/process/task_queues:103:5)
  peers=6 iter=12 warmup=46.205ms map=151.986ms list=212.987ms blob=139.397ms
[nodalmerge] [sdk] direct upload failed; falling back to ws Error: upload-denied: use-ws
    at directUpload (file:///C:/Users/bgstr/source/repos/nodalmerge/clients/web/sdk.js:329:13)
    at process.processTicksAndRejections (node:internal/process/task_queues:103:5)
[nodalmerge] [sdk] direct upload failed; falling back to ws Error: upload-denied: use-ws
    at directUpload (file:///C:/Users/bgstr/source/repos/nodalmerge/clients/web/sdk.js:329:13)
    at process.processTicksAndRejections (node:internal/process/task_queues:103:5)
[nodalmerge] [sdk] direct upload failed; falling back to ws Error: upload-denied: use-ws
    at directUpload (file:///C:/Users/bgstr/source/repos/nodalmerge/clients/web/sdk.js:329:13)
    at process.processTicksAndRejections (node:internal/process/task_queues:103:5)
[nodalmerge] [sdk] direct upload failed; falling back to ws Error: upload-denied: use-ws
    at directUpload (file:///C:/Users/bgstr/source/repos/nodalmerge/clients/web/sdk.js:329:13)
    at process.processTicksAndRejections (node:internal/process/task_queues:103:5)
[nodalmerge] [sdk] direct upload failed; falling back to ws Error: upload-denied: use-ws
    at directUpload (file:///C:/Users/bgstr/source/repos/nodalmerge/clients/web/sdk.js:329:13)
    at process.processTicksAndRejections (node:internal/process/task_queues:103:5)
[nodalmerge] [sdk] direct upload failed; falling back to ws Error: upload-denied: use-ws
    at directUpload (file:///C:/Users/bgstr/source/repos/nodalmerge/clients/web/sdk.js:329:13)
    at process.processTicksAndRejections (node:internal/process/task_queues:103:5)
[nodalmerge] [sdk] direct upload failed; falling back to ws Error: upload-denied: use-ws
    at directUpload (file:///C:/Users/bgstr/source/repos/nodalmerge/clients/web/sdk.js:329:13)
    at process.processTicksAndRejections (node:internal/process/task_queues:103:5)
[nodalmerge] [sdk] direct upload failed; falling back to ws Error: upload-denied: use-ws
    at directUpload (file:///C:/Users/bgstr/source/repos/nodalmerge/clients/web/sdk.js:329:13)
    at process.processTicksAndRejections (node:internal/process/task_queues:103:5)
[nodalmerge] [sdk] direct upload failed; falling back to ws Error: upload-denied: use-ws
    at directUpload (file:///C:/Users/bgstr/source/repos/nodalmerge/clients/web/sdk.js:329:13)
    at process.processTicksAndRejections (node:internal/process/task_queues:103:5)
[nodalmerge] [sdk] direct upload failed; falling back to ws Error: upload-denied: use-ws
    at directUpload (file:///C:/Users/bgstr/source/repos/nodalmerge/clients/web/sdk.js:329:13)
    at process.processTicksAndRejections (node:internal/process/task_queues:103:5)
[nodalmerge] [sdk] direct upload failed; falling back to ws Error: upload-denied: use-ws
    at directUpload (file:///C:/Users/bgstr/source/repos/nodalmerge/clients/web/sdk.js:329:13)
    at process.processTicksAndRejections (node:internal/process/task_queues:103:5)
[nodalmerge] [sdk] direct upload failed; falling back to ws Error: upload-denied: use-ws
    at directUpload (file:///C:/Users/bgstr/source/repos/nodalmerge/clients/web/sdk.js:329:13)
    at process.processTicksAndRejections (node:internal/process/task_queues:103:5)
  peers=6 iter=13 warmup=45.173ms map=154.627ms list=213.631ms blob=138.292ms
[nodalmerge] [sdk] direct upload failed; falling back to ws Error: upload-denied: use-ws
    at directUpload (file:///C:/Users/bgstr/source/repos/nodalmerge/clients/web/sdk.js:329:13)
    at process.processTicksAndRejections (node:internal/process/task_queues:103:5)
[nodalmerge] [sdk] direct upload failed; falling back to ws Error: upload-denied: use-ws
    at directUpload (file:///C:/Users/bgstr/source/repos/nodalmerge/clients/web/sdk.js:329:13)
    at process.processTicksAndRejections (node:internal/process/task_queues:103:5)
[nodalmerge] [sdk] direct upload failed; falling back to ws Error: upload-denied: use-ws
    at directUpload (file:///C:/Users/bgstr/source/repos/nodalmerge/clients/web/sdk.js:329:13)
    at process.processTicksAndRejections (node:internal/process/task_queues:103:5)
[nodalmerge] [sdk] direct upload failed; falling back to ws Error: upload-denied: use-ws
    at directUpload (file:///C:/Users/bgstr/source/repos/nodalmerge/clients/web/sdk.js:329:13)
    at process.processTicksAndRejections (node:internal/process/task_queues:103:5)
[nodalmerge] [sdk] direct upload failed; falling back to ws Error: upload-denied: use-ws
    at directUpload (file:///C:/Users/bgstr/source/repos/nodalmerge/clients/web/sdk.js:329:13)
    at process.processTicksAndRejections (node:internal/process/task_queues:103:5)
[nodalmerge] [sdk] direct upload failed; falling back to ws Error: upload-denied: use-ws
    at directUpload (file:///C:/Users/bgstr/source/repos/nodalmerge/clients/web/sdk.js:329:13)
    at process.processTicksAndRejections (node:internal/process/task_queues:103:5)
[nodalmerge] [sdk] direct upload failed; falling back to ws Error: upload-denied: use-ws
    at directUpload (file:///C:/Users/bgstr/source/repos/nodalmerge/clients/web/sdk.js:329:13)
    at process.processTicksAndRejections (node:internal/process/task_queues:103:5)
[nodalmerge] [sdk] direct upload failed; falling back to ws Error: upload-denied: use-ws
    at directUpload (file:///C:/Users/bgstr/source/repos/nodalmerge/clients/web/sdk.js:329:13)
    at process.processTicksAndRejections (node:internal/process/task_queues:103:5)
[nodalmerge] [sdk] direct upload failed; falling back to ws Error: upload-denied: use-ws
    at directUpload (file:///C:/Users/bgstr/source/repos/nodalmerge/clients/web/sdk.js:329:13)
    at process.processTicksAndRejections (node:internal/process/task_queues:103:5)
[nodalmerge] [sdk] direct upload failed; falling back to ws Error: upload-denied: use-ws
    at directUpload (file:///C:/Users/bgstr/source/repos/nodalmerge/clients/web/sdk.js:329:13)
    at process.processTicksAndRejections (node:internal/process/task_queues:103:5)
[nodalmerge] [sdk] direct upload failed; falling back to ws Error: upload-denied: use-ws
    at directUpload (file:///C:/Users/bgstr/source/repos/nodalmerge/clients/web/sdk.js:329:13)
    at process.processTicksAndRejections (node:internal/process/task_queues:103:5)
[nodalmerge] [sdk] direct upload failed; falling back to ws Error: upload-denied: use-ws
    at directUpload (file:///C:/Users/bgstr/source/repos/nodalmerge/clients/web/sdk.js:329:13)
    at process.processTicksAndRejections (node:internal/process/task_queues:103:5)
  peers=6 iter=14 warmup=46.448ms map=154.118ms list=213.315ms blob=138.073ms
  peers=6 warmup_avg=46.552ms map_samples=15 map_avg=149.484ms list_samples=15 list_avg=206.905ms blob_samples=15 blob_avg=146.455ms

Target: dotnet-host-runtime-alias (ws://127.0.0.1:8787)
  peers=6 iter=0 warmup=46.269ms map=153.309ms list=148.11ms blob=144.665ms
  peers=6 iter=1 warmup=46.248ms map=153.642ms list=168.999ms blob=168.142ms
  peers=6 iter=2 warmup=46.538ms map=137.178ms list=169.405ms blob=168.269ms
  peers=6 iter=3 warmup=46.404ms map=154.108ms list=184.409ms blob=138.816ms
  peers=6 iter=4 warmup=46.465ms map=169.713ms list=152.76ms blob=152.487ms
  peers=6 iter=5 warmup=46.441ms map=140.93ms list=184.906ms blob=155.006ms
  peers=6 iter=6 warmup=47.068ms map=137.306ms list=184.783ms blob=124.171ms
  peers=6 iter=7 warmup=46.288ms map=139.704ms list=184.247ms blob=169.557ms
  peers=6 iter=8 warmup=46.467ms map=139.165ms list=182.909ms blob=152.379ms
  peers=6 iter=9 warmup=45.843ms map=153.792ms list=168.481ms blob=124.645ms
  peers=6 iter=10 warmup=46.36ms map=137.129ms list=152.576ms blob=153.814ms
  peers=6 iter=11 warmup=45.147ms map=153.135ms list=150.216ms blob=155.372ms
  peers=6 iter=12 warmup=47.372ms map=139.329ms list=183.178ms blob=169.765ms
  peers=6 iter=13 warmup=47.143ms map=139.607ms list=182.946ms blob=167.414ms
  peers=6 iter=14 warmup=46.025ms map=139.432ms list=184.02ms blob=154.539ms
  peers=6 warmup_avg=46.405ms map_samples=15 map_avg=145.832ms list_samples=15 list_avg=172.13ms blob_samples=15 blob_avg=153.269ms

Wrote results: C:\Users\bgstr\source\repos\nodalmerge\benchmarks\results\sdk-scenarios-peers6-ops12-integrated-vs-dotnet-mongo-clean.json

Done.
using deprecated parameters for `initSync()`; pass a single object instead
SDK scenario benchmark config:
{
  "peerCounts": [
    6
  ],
  "iterations": 15,
  "mapOps": 30,
  "listOps": 30,
  "blobOps": 30,
  "blobSizeBytes": 1024,
  "warmupOps": 4,
  "timeoutMs": 45000,
  "opDelayMs": 2,
  "transport": "ws-only",
  "authMode": "none",
  "tokenExpirySecs": 3600,
  "authTokenCaps": [
    "read:bench/**",
    "write:bench/**"
  ],
  "targets": [
    "rust-integrated-hosted-server",
    "dotnet-host-runtime-alias"
  ]
}

Target: rust-integrated-hosted-server (ws://127.0.0.1:7979)
[nodalmerge] [sdk] direct upload failed; falling back to ws Error: upload-denied: use-ws
    at directUpload (file:///C:/Users/bgstr/source/repos/nodalmerge/clients/web/sdk.js:329:13)
    at process.processTicksAndRejections (node:internal/process/task_queues:103:5)
[nodalmerge] [sdk] direct upload failed; falling back to ws Error: upload-denied: use-ws
    at directUpload (file:///C:/Users/bgstr/source/repos/nodalmerge/clients/web/sdk.js:329:13)
    at process.processTicksAndRejections (node:internal/process/task_queues:103:5)
[nodalmerge] [sdk] direct upload failed; falling back to ws Error: upload-denied: use-ws
    at directUpload (file:///C:/Users/bgstr/source/repos/nodalmerge/clients/web/sdk.js:329:13)
    at process.processTicksAndRejections (node:internal/process/task_queues:103:5)
[nodalmerge] [sdk] direct upload failed; falling back to ws Error: upload-denied: use-ws
    at directUpload (file:///C:/Users/bgstr/source/repos/nodalmerge/clients/web/sdk.js:329:13)
    at process.processTicksAndRejections (node:internal/process/task_queues:103:5)
[nodalmerge] [sdk] direct upload failed; falling back to ws Error: upload-denied: use-ws
    at directUpload (file:///C:/Users/bgstr/source/repos/nodalmerge/clients/web/sdk.js:329:13)
    at process.processTicksAndRejections (node:internal/process/task_queues:103:5)
[nodalmerge] [sdk] direct upload failed; falling back to ws Error: upload-denied: use-ws
    at directUpload (file:///C:/Users/bgstr/source/repos/nodalmerge/clients/web/sdk.js:329:13)
    at process.processTicksAndRejections (node:internal/process/task_queues:103:5)
[nodalmerge] [sdk] direct upload failed; falling back to ws Error: upload-denied: use-ws
    at directUpload (file:///C:/Users/bgstr/source/repos/nodalmerge/clients/web/sdk.js:329:13)
    at process.processTicksAndRejections (node:internal/process/task_queues:103:5)
[nodalmerge] [sdk] direct upload failed; falling back to ws Error: upload-denied: use-ws
    at directUpload (file:///C:/Users/bgstr/source/repos/nodalmerge/clients/web/sdk.js:329:13)
    at process.processTicksAndRejections (node:internal/process/task_queues:103:5)
[nodalmerge] [sdk] direct upload failed; falling back to ws Error: upload-denied: use-ws
    at directUpload (file:///C:/Users/bgstr/source/repos/nodalmerge/clients/web/sdk.js:329:13)
    at process.processTicksAndRejections (node:internal/process/task_queues:103:5)
[nodalmerge] [sdk] direct upload failed; falling back to ws Error: upload-denied: use-ws
    at directUpload (file:///C:/Users/bgstr/source/repos/nodalmerge/clients/web/sdk.js:329:13)
    at process.processTicksAndRejections (node:internal/process/task_queues:103:5)
[nodalmerge] [sdk] direct upload failed; falling back to ws Error: upload-denied: use-ws
    at directUpload (file:///C:/Users/bgstr/source/repos/nodalmerge/clients/web/sdk.js:329:13)
    at process.processTicksAndRejections (node:internal/process/task_queues:103:5)
[nodalmerge] [sdk] direct upload failed; falling back to ws Error: upload-denied: use-ws
    at directUpload (file:///C:/Users/bgstr/source/repos/nodalmerge/clients/web/sdk.js:329:13)
    at process.processTicksAndRejections (node:internal/process/task_queues:103:5)
[nodalmerge] [sdk] direct upload failed; falling back to ws Error: upload-denied: use-ws
    at directUpload (file:///C:/Users/bgstr/source/repos/nodalmerge/clients/web/sdk.js:329:13)
    at process.processTicksAndRejections (node:internal/process/task_queues:103:5)
[nodalmerge] [sdk] direct upload failed; falling back to ws Error: upload-denied: use-ws
    at directUpload (file:///C:/Users/bgstr/source/repos/nodalmerge/clients/web/sdk.js:329:13)
    at process.processTicksAndRejections (node:internal/process/task_queues:103:5)
[nodalmerge] [sdk] direct upload failed; falling back to ws Error: upload-denied: use-ws
    at directUpload (file:///C:/Users/bgstr/source/repos/nodalmerge/clients/web/sdk.js:329:13)
    at process.processTicksAndRejections (node:internal/process/task_queues:103:5)
[nodalmerge] [sdk] direct upload failed; falling back to ws Error: upload-denied: use-ws
    at directUpload (file:///C:/Users/bgstr/source/repos/nodalmerge/clients/web/sdk.js:329:13)
    at process.processTicksAndRejections (node:internal/process/task_queues:103:5)
[nodalmerge] [sdk] direct upload failed; falling back to ws Error: upload-denied: use-ws
    at directUpload (file:///C:/Users/bgstr/source/repos/nodalmerge/clients/web/sdk.js:329:13)
    at process.processTicksAndRejections (node:internal/process/task_queues:103:5)
[nodalmerge] [sdk] direct upload failed; falling back to ws Error: upload-denied: use-ws
    at directUpload (file:///C:/Users/bgstr/source/repos/nodalmerge/clients/web/sdk.js:329:13)
    at process.processTicksAndRejections (node:internal/process/task_queues:103:5)
[nodalmerge] [sdk] direct upload failed; falling back to ws Error: upload-denied: use-ws
    at directUpload (file:///C:/Users/bgstr/source/repos/nodalmerge/clients/web/sdk.js:329:13)
    at process.processTicksAndRejections (node:internal/process/task_queues:103:5)
[nodalmerge] [sdk] direct upload failed; falling back to ws Error: upload-denied: use-ws
    at directUpload (file:///C:/Users/bgstr/source/repos/nodalmerge/clients/web/sdk.js:329:13)
    at process.processTicksAndRejections (node:internal/process/task_queues:103:5)
[nodalmerge] [sdk] direct upload failed; falling back to ws Error: upload-denied: use-ws
    at directUpload (file:///C:/Users/bgstr/source/repos/nodalmerge/clients/web/sdk.js:329:13)
    at process.processTicksAndRejections (node:internal/process/task_queues:103:5)
[nodalmerge] [sdk] direct upload failed; falling back to ws Error: upload-denied: use-ws
    at directUpload (file:///C:/Users/bgstr/source/repos/nodalmerge/clients/web/sdk.js:329:13)
    at process.processTicksAndRejections (node:internal/process/task_queues:103:5)
[nodalmerge] [sdk] direct upload failed; falling back to ws Error: upload-denied: use-ws
    at directUpload (file:///C:/Users/bgstr/source/repos/nodalmerge/clients/web/sdk.js:329:13)
    at process.processTicksAndRejections (node:internal/process/task_queues:103:5)
[nodalmerge] [sdk] direct upload failed; falling back to ws Error: upload-denied: use-ws
    at directUpload (file:///C:/Users/bgstr/source/repos/nodalmerge/clients/web/sdk.js:329:13)
    at process.processTicksAndRejections (node:internal/process/task_queues:103:5)
[nodalmerge] [sdk] direct upload failed; falling back to ws Error: upload-denied: use-ws
    at directUpload (file:///C:/Users/bgstr/source/repos/nodalmerge/clients/web/sdk.js:329:13)
    at process.processTicksAndRejections (node:internal/process/task_queues:103:5)
[nodalmerge] [sdk] direct upload failed; falling back to ws Error: upload-denied: use-ws
    at directUpload (file:///C:/Users/bgstr/source/repos/nodalmerge/clients/web/sdk.js:329:13)
    at process.processTicksAndRejections (node:internal/process/task_queues:103:5)
[nodalmerge] [sdk] direct upload failed; falling back to ws Error: upload-denied: use-ws
    at directUpload (file:///C:/Users/bgstr/source/repos/nodalmerge/clients/web/sdk.js:329:13)
    at process.processTicksAndRejections (node:internal/process/task_queues:103:5)
[nodalmerge] [sdk] direct upload failed; falling back to ws Error: upload-denied: use-ws
    at directUpload (file:///C:/Users/bgstr/source/repos/nodalmerge/clients/web/sdk.js:329:13)
    at process.processTicksAndRejections (node:internal/process/task_queues:103:5)
[nodalmerge] [sdk] direct upload failed; falling back to ws Error: upload-denied: use-ws
    at directUpload (file:///C:/Users/bgstr/source/repos/nodalmerge/clients/web/sdk.js:329:13)
    at process.processTicksAndRejections (node:internal/process/task_queues:103:5)
[nodalmerge] [sdk] direct upload failed; falling back to ws Error: upload-denied: use-ws
    at directUpload (file:///C:/Users/bgstr/source/repos/nodalmerge/clients/web/sdk.js:329:13)
    at process.processTicksAndRejections (node:internal/process/task_queues:103:5)
  peers=6 iter=0 warmup=46.186ms map=326.302ms list=425.801ms blob=360.756ms
[nodalmerge] [sdk] direct upload failed; falling back to ws Error: upload-denied: use-ws
    at directUpload (file:///C:/Users/bgstr/source/repos/nodalmerge/clients/web/sdk.js:329:13)
    at process.processTicksAndRejections (node:internal/process/task_queues:103:5)
[nodalmerge] [sdk] direct upload failed; falling back to ws Error: upload-denied: use-ws
    at directUpload (file:///C:/Users/bgstr/source/repos/nodalmerge/clients/web/sdk.js:329:13)
    at process.processTicksAndRejections (node:internal/process/task_queues:103:5)
[nodalmerge] [sdk] direct upload failed; falling back to ws Error: upload-denied: use-ws
    at directUpload (file:///C:/Users/bgstr/source/repos/nodalmerge/clients/web/sdk.js:329:13)
    at process.processTicksAndRejections (node:internal/process/task_queues:103:5)
[nodalmerge] [sdk] direct upload failed; falling back to ws Error: upload-denied: use-ws
    at directUpload (file:///C:/Users/bgstr/source/repos/nodalmerge/clients/web/sdk.js:329:13)
    at process.processTicksAndRejections (node:internal/process/task_queues:103:5)
[nodalmerge] [sdk] direct upload failed; falling back to ws Error: upload-denied: use-ws
    at directUpload (file:///C:/Users/bgstr/source/repos/nodalmerge/clients/web/sdk.js:329:13)
    at process.processTicksAndRejections (node:internal/process/task_queues:103:5)
[nodalmerge] [sdk] direct upload failed; falling back to ws Error: upload-denied: use-ws
    at directUpload (file:///C:/Users/bgstr/source/repos/nodalmerge/clients/web/sdk.js:329:13)
    at process.processTicksAndRejections (node:internal/process/task_queues:103:5)
[nodalmerge] [sdk] direct upload failed; falling back to ws Error: upload-denied: use-ws
    at directUpload (file:///C:/Users/bgstr/source/repos/nodalmerge/clients/web/sdk.js:329:13)
    at process.processTicksAndRejections (node:internal/process/task_queues:103:5)
[nodalmerge] [sdk] direct upload failed; falling back to ws Error: upload-denied: use-ws
    at directUpload (file:///C:/Users/bgstr/source/repos/nodalmerge/clients/web/sdk.js:329:13)
    at process.processTicksAndRejections (node:internal/process/task_queues:103:5)
[nodalmerge] [sdk] direct upload failed; falling back to ws Error: upload-denied: use-ws
    at directUpload (file:///C:/Users/bgstr/source/repos/nodalmerge/clients/web/sdk.js:329:13)
    at process.processTicksAndRejections (node:internal/process/task_queues:103:5)
[nodalmerge] [sdk] direct upload failed; falling back to ws Error: upload-denied: use-ws
    at directUpload (file:///C:/Users/bgstr/source/repos/nodalmerge/clients/web/sdk.js:329:13)
    at process.processTicksAndRejections (node:internal/process/task_queues:103:5)
[nodalmerge] [sdk] direct upload failed; falling back to ws Error: upload-denied: use-ws
    at directUpload (file:///C:/Users/bgstr/source/repos/nodalmerge/clients/web/sdk.js:329:13)
    at process.processTicksAndRejections (node:internal/process/task_queues:103:5)
[nodalmerge] [sdk] direct upload failed; falling back to ws Error: upload-denied: use-ws
    at directUpload (file:///C:/Users/bgstr/source/repos/nodalmerge/clients/web/sdk.js:329:13)
    at process.processTicksAndRejections (node:internal/process/task_queues:103:5)
[nodalmerge] [sdk] direct upload failed; falling back to ws Error: upload-denied: use-ws
    at directUpload (file:///C:/Users/bgstr/source/repos/nodalmerge/clients/web/sdk.js:329:13)
    at process.processTicksAndRejections (node:internal/process/task_queues:103:5)
[nodalmerge] [sdk] direct upload failed; falling back to ws Error: upload-denied: use-ws
    at directUpload (file:///C:/Users/bgstr/source/repos/nodalmerge/clients/web/sdk.js:329:13)
    at process.processTicksAndRejections (node:internal/process/task_queues:103:5)
[nodalmerge] [sdk] direct upload failed; falling back to ws Error: upload-denied: use-ws
    at directUpload (file:///C:/Users/bgstr/source/repos/nodalmerge/clients/web/sdk.js:329:13)
    at process.processTicksAndRejections (node:internal/process/task_queues:103:5)
[nodalmerge] [sdk] direct upload failed; falling back to ws Error: upload-denied: use-ws
    at directUpload (file:///C:/Users/bgstr/source/repos/nodalmerge/clients/web/sdk.js:329:13)
    at process.processTicksAndRejections (node:internal/process/task_queues:103:5)
[nodalmerge] [sdk] direct upload failed; falling back to ws Error: upload-denied: use-ws
    at directUpload (file:///C:/Users/bgstr/source/repos/nodalmerge/clients/web/sdk.js:329:13)
    at process.processTicksAndRejections (node:internal/process/task_queues:103:5)
[nodalmerge] [sdk] direct upload failed; falling back to ws Error: upload-denied: use-ws
    at directUpload (file:///C:/Users/bgstr/source/repos/nodalmerge/clients/web/sdk.js:329:13)
    at process.processTicksAndRejections (node:internal/process/task_queues:103:5)
[nodalmerge] [sdk] direct upload failed; falling back to ws Error: upload-denied: use-ws
    at directUpload (file:///C:/Users/bgstr/source/repos/nodalmerge/clients/web/sdk.js:329:13)
    at process.processTicksAndRejections (node:internal/process/task_queues:103:5)
[nodalmerge] [sdk] direct upload failed; falling back to ws Error: upload-denied: use-ws
    at directUpload (file:///C:/Users/bgstr/source/repos/nodalmerge/clients/web/sdk.js:329:13)
    at process.processTicksAndRejections (node:internal/process/task_queues:103:5)
[nodalmerge] [sdk] direct upload failed; falling back to ws Error: upload-denied: use-ws
    at directUpload (file:///C:/Users/bgstr/source/repos/nodalmerge/clients/web/sdk.js:329:13)
    at process.processTicksAndRejections (node:internal/process/task_queues:103:5)
[nodalmerge] [sdk] direct upload failed; falling back to ws Error: upload-denied: use-ws
    at directUpload (file:///C:/Users/bgstr/source/repos/nodalmerge/clients/web/sdk.js:329:13)
    at process.processTicksAndRejections (node:internal/process/task_queues:103:5)
[nodalmerge] [sdk] direct upload failed; falling back to ws Error: upload-denied: use-ws
    at directUpload (file:///C:/Users/bgstr/source/repos/nodalmerge/clients/web/sdk.js:329:13)
    at process.processTicksAndRejections (node:internal/process/task_queues:103:5)
[nodalmerge] [sdk] direct upload failed; falling back to ws Error: upload-denied: use-ws
    at directUpload (file:///C:/Users/bgstr/source/repos/nodalmerge/clients/web/sdk.js:329:13)
    at process.processTicksAndRejections (node:internal/process/task_queues:103:5)
[nodalmerge] [sdk] direct upload failed; falling back to ws Error: upload-denied: use-ws
    at directUpload (file:///C:/Users/bgstr/source/repos/nodalmerge/clients/web/sdk.js:329:13)
    at process.processTicksAndRejections (node:internal/process/task_queues:103:5)
[nodalmerge] [sdk] direct upload failed; falling back to ws Error: upload-denied: use-ws
    at directUpload (file:///C:/Users/bgstr/source/repos/nodalmerge/clients/web/sdk.js:329:13)
    at process.processTicksAndRejections (node:internal/process/task_queues:103:5)
[nodalmerge] [sdk] direct upload failed; falling back to ws Error: upload-denied: use-ws
    at directUpload (file:///C:/Users/bgstr/source/repos/nodalmerge/clients/web/sdk.js:329:13)
    at process.processTicksAndRejections (node:internal/process/task_queues:103:5)
[nodalmerge] [sdk] direct upload failed; falling back to ws Error: upload-denied: use-ws
    at directUpload (file:///C:/Users/bgstr/source/repos/nodalmerge/clients/web/sdk.js:329:13)
    at process.processTicksAndRejections (node:internal/process/task_queues:103:5)
[nodalmerge] [sdk] direct upload failed; falling back to ws Error: upload-denied: use-ws
    at directUpload (file:///C:/Users/bgstr/source/repos/nodalmerge/clients/web/sdk.js:329:13)
    at process.processTicksAndRejections (node:internal/process/task_queues:103:5)
[nodalmerge] [sdk] direct upload failed; falling back to ws Error: upload-denied: use-ws
    at directUpload (file:///C:/Users/bgstr/source/repos/nodalmerge/clients/web/sdk.js:329:13)
    at process.processTicksAndRejections (node:internal/process/task_queues:103:5)
  peers=6 iter=1 warmup=45.739ms map=368.729ms list=442.73ms blob=338.624ms
[nodalmerge] [sdk] direct upload failed; falling back to ws Error: upload-denied: use-ws
    at directUpload (file:///C:/Users/bgstr/source/repos/nodalmerge/clients/web/sdk.js:329:13)
    at process.processTicksAndRejections (node:internal/process/task_queues:103:5)
[nodalmerge] [sdk] direct upload failed; falling back to ws Error: upload-denied: use-ws
    at directUpload (file:///C:/Users/bgstr/source/repos/nodalmerge/clients/web/sdk.js:329:13)
    at process.processTicksAndRejections (node:internal/process/task_queues:103:5)
[nodalmerge] [sdk] direct upload failed; falling back to ws Error: upload-denied: use-ws
    at directUpload (file:///C:/Users/bgstr/source/repos/nodalmerge/clients/web/sdk.js:329:13)
    at process.processTicksAndRejections (node:internal/process/task_queues:103:5)
[nodalmerge] [sdk] direct upload failed; falling back to ws Error: upload-denied: use-ws
    at directUpload (file:///C:/Users/bgstr/source/repos/nodalmerge/clients/web/sdk.js:329:13)
    at process.processTicksAndRejections (node:internal/process/task_queues:103:5)
[nodalmerge] [sdk] direct upload failed; falling back to ws Error: upload-denied: use-ws
    at directUpload (file:///C:/Users/bgstr/source/repos/nodalmerge/clients/web/sdk.js:329:13)
    at process.processTicksAndRejections (node:internal/process/task_queues:103:5)
[nodalmerge] [sdk] direct upload failed; falling back to ws Error: upload-denied: use-ws
    at directUpload (file:///C:/Users/bgstr/source/repos/nodalmerge/clients/web/sdk.js:329:13)
    at process.processTicksAndRejections (node:internal/process/task_queues:103:5)
[nodalmerge] [sdk] direct upload failed; falling back to ws Error: upload-denied: use-ws
    at directUpload (file:///C:/Users/bgstr/source/repos/nodalmerge/clients/web/sdk.js:329:13)
    at process.processTicksAndRejections (node:internal/process/task_queues:103:5)
[nodalmerge] [sdk] direct upload failed; falling back to ws Error: upload-denied: use-ws
    at directUpload (file:///C:/Users/bgstr/source/repos/nodalmerge/clients/web/sdk.js:329:13)
    at process.processTicksAndRejections (node:internal/process/task_queues:103:5)
[nodalmerge] [sdk] direct upload failed; falling back to ws Error: upload-denied: use-ws
    at directUpload (file:///C:/Users/bgstr/source/repos/nodalmerge/clients/web/sdk.js:329:13)
    at process.processTicksAndRejections (node:internal/process/task_queues:103:5)
[nodalmerge] [sdk] direct upload failed; falling back to ws Error: upload-denied: use-ws
    at directUpload (file:///C:/Users/bgstr/source/repos/nodalmerge/clients/web/sdk.js:329:13)
    at process.processTicksAndRejections (node:internal/process/task_queues:103:5)
[nodalmerge] [sdk] direct upload failed; falling back to ws Error: upload-denied: use-ws
    at directUpload (file:///C:/Users/bgstr/source/repos/nodalmerge/clients/web/sdk.js:329:13)
    at process.processTicksAndRejections (node:internal/process/task_queues:103:5)
[nodalmerge] [sdk] direct upload failed; falling back to ws Error: upload-denied: use-ws
    at directUpload (file:///C:/Users/bgstr/source/repos/nodalmerge/clients/web/sdk.js:329:13)
    at process.processTicksAndRejections (node:internal/process/task_queues:103:5)
[nodalmerge] [sdk] direct upload failed; falling back to ws Error: upload-denied: use-ws
    at directUpload (file:///C:/Users/bgstr/source/repos/nodalmerge/clients/web/sdk.js:329:13)
    at process.processTicksAndRejections (node:internal/process/task_queues:103:5)
[nodalmerge] [sdk] direct upload failed; falling back to ws Error: upload-denied: use-ws
    at directUpload (file:///C:/Users/bgstr/source/repos/nodalmerge/clients/web/sdk.js:329:13)
    at process.processTicksAndRejections (node:internal/process/task_queues:103:5)
[nodalmerge] [sdk] direct upload failed; falling back to ws Error: upload-denied: use-ws
    at directUpload (file:///C:/Users/bgstr/source/repos/nodalmerge/clients/web/sdk.js:329:13)
    at process.processTicksAndRejections (node:internal/process/task_queues:103:5)
[nodalmerge] [sdk] direct upload failed; falling back to ws Error: upload-denied: use-ws
    at directUpload (file:///C:/Users/bgstr/source/repos/nodalmerge/clients/web/sdk.js:329:13)
    at process.processTicksAndRejections (node:internal/process/task_queues:103:5)
[nodalmerge] [sdk] direct upload failed; falling back to ws Error: upload-denied: use-ws
    at directUpload (file:///C:/Users/bgstr/source/repos/nodalmerge/clients/web/sdk.js:329:13)
    at process.processTicksAndRejections (node:internal/process/task_queues:103:5)
[nodalmerge] [sdk] direct upload failed; falling back to ws Error: upload-denied: use-ws
    at directUpload (file:///C:/Users/bgstr/source/repos/nodalmerge/clients/web/sdk.js:329:13)
    at process.processTicksAndRejections (node:internal/process/task_queues:103:5)
[nodalmerge] [sdk] direct upload failed; falling back to ws Error: upload-denied: use-ws
    at directUpload (file:///C:/Users/bgstr/source/repos/nodalmerge/clients/web/sdk.js:329:13)
    at process.processTicksAndRejections (node:internal/process/task_queues:103:5)
[nodalmerge] [sdk] direct upload failed; falling back to ws Error: upload-denied: use-ws
    at directUpload (file:///C:/Users/bgstr/source/repos/nodalmerge/clients/web/sdk.js:329:13)
    at process.processTicksAndRejections (node:internal/process/task_queues:103:5)
[nodalmerge] [sdk] direct upload failed; falling back to ws Error: upload-denied: use-ws
    at directUpload (file:///C:/Users/bgstr/source/repos/nodalmerge/clients/web/sdk.js:329:13)
    at process.processTicksAndRejections (node:internal/process/task_queues:103:5)
[nodalmerge] [sdk] direct upload failed; falling back to ws Error: upload-denied: use-ws
    at directUpload (file:///C:/Users/bgstr/source/repos/nodalmerge/clients/web/sdk.js:329:13)
    at process.processTicksAndRejections (node:internal/process/task_queues:103:5)
[nodalmerge] [sdk] direct upload failed; falling back to ws Error: upload-denied: use-ws
    at directUpload (file:///C:/Users/bgstr/source/repos/nodalmerge/clients/web/sdk.js:329:13)
    at process.processTicksAndRejections (node:internal/process/task_queues:103:5)
[nodalmerge] [sdk] direct upload failed; falling back to ws Error: upload-denied: use-ws
    at directUpload (file:///C:/Users/bgstr/source/repos/nodalmerge/clients/web/sdk.js:329:13)
    at process.processTicksAndRejections (node:internal/process/task_queues:103:5)
[nodalmerge] [sdk] direct upload failed; falling back to ws Error: upload-denied: use-ws
    at directUpload (file:///C:/Users/bgstr/source/repos/nodalmerge/clients/web/sdk.js:329:13)
    at process.processTicksAndRejections (node:internal/process/task_queues:103:5)
[nodalmerge] [sdk] direct upload failed; falling back to ws Error: upload-denied: use-ws
    at directUpload (file:///C:/Users/bgstr/source/repos/nodalmerge/clients/web/sdk.js:329:13)
    at process.processTicksAndRejections (node:internal/process/task_queues:103:5)
[nodalmerge] [sdk] direct upload failed; falling back to ws Error: upload-denied: use-ws
    at directUpload (file:///C:/Users/bgstr/source/repos/nodalmerge/clients/web/sdk.js:329:13)
    at process.processTicksAndRejections (node:internal/process/task_queues:103:5)
[nodalmerge] [sdk] direct upload failed; falling back to ws Error: upload-denied: use-ws
    at directUpload (file:///C:/Users/bgstr/source/repos/nodalmerge/clients/web/sdk.js:329:13)
    at process.processTicksAndRejections (node:internal/process/task_queues:103:5)
[nodalmerge] [sdk] direct upload failed; falling back to ws Error: upload-denied: use-ws
    at directUpload (file:///C:/Users/bgstr/source/repos/nodalmerge/clients/web/sdk.js:329:13)
    at process.processTicksAndRejections (node:internal/process/task_queues:103:5)
[nodalmerge] [sdk] direct upload failed; falling back to ws Error: upload-denied: use-ws
    at directUpload (file:///C:/Users/bgstr/source/repos/nodalmerge/clients/web/sdk.js:329:13)
    at process.processTicksAndRejections (node:internal/process/task_queues:103:5)
  peers=6 iter=2 warmup=46.36ms map=338.372ms list=441.786ms blob=369.661ms
[nodalmerge] [sdk] direct upload failed; falling back to ws Error: upload-denied: use-ws
    at directUpload (file:///C:/Users/bgstr/source/repos/nodalmerge/clients/web/sdk.js:329:13)
    at process.processTicksAndRejections (node:internal/process/task_queues:103:5)
[nodalmerge] [sdk] direct upload failed; falling back to ws Error: upload-denied: use-ws
    at directUpload (file:///C:/Users/bgstr/source/repos/nodalmerge/clients/web/sdk.js:329:13)
    at process.processTicksAndRejections (node:internal/process/task_queues:103:5)
[nodalmerge] [sdk] direct upload failed; falling back to ws Error: upload-denied: use-ws
    at directUpload (file:///C:/Users/bgstr/source/repos/nodalmerge/clients/web/sdk.js:329:13)
    at process.processTicksAndRejections (node:internal/process/task_queues:103:5)
[nodalmerge] [sdk] direct upload failed; falling back to ws Error: upload-denied: use-ws
    at directUpload (file:///C:/Users/bgstr/source/repos/nodalmerge/clients/web/sdk.js:329:13)
    at process.processTicksAndRejections (node:internal/process/task_queues:103:5)
[nodalmerge] [sdk] direct upload failed; falling back to ws Error: upload-denied: use-ws
    at directUpload (file:///C:/Users/bgstr/source/repos/nodalmerge/clients/web/sdk.js:329:13)
    at process.processTicksAndRejections (node:internal/process/task_queues:103:5)
[nodalmerge] [sdk] direct upload failed; falling back to ws Error: upload-denied: use-ws
    at directUpload (file:///C:/Users/bgstr/source/repos/nodalmerge/clients/web/sdk.js:329:13)
    at process.processTicksAndRejections (node:internal/process/task_queues:103:5)
[nodalmerge] [sdk] direct upload failed; falling back to ws Error: upload-denied: use-ws
    at directUpload (file:///C:/Users/bgstr/source/repos/nodalmerge/clients/web/sdk.js:329:13)
    at process.processTicksAndRejections (node:internal/process/task_queues:103:5)
[nodalmerge] [sdk] direct upload failed; falling back to ws Error: upload-denied: use-ws
    at directUpload (file:///C:/Users/bgstr/source/repos/nodalmerge/clients/web/sdk.js:329:13)
    at process.processTicksAndRejections (node:internal/process/task_queues:103:5)
[nodalmerge] [sdk] direct upload failed; falling back to ws Error: upload-denied: use-ws
    at directUpload (file:///C:/Users/bgstr/source/repos/nodalmerge/clients/web/sdk.js:329:13)
    at process.processTicksAndRejections (node:internal/process/task_queues:103:5)
[nodalmerge] [sdk] direct upload failed; falling back to ws Error: upload-denied: use-ws
    at directUpload (file:///C:/Users/bgstr/source/repos/nodalmerge/clients/web/sdk.js:329:13)
    at process.processTicksAndRejections (node:internal/process/task_queues:103:5)
[nodalmerge] [sdk] direct upload failed; falling back to ws Error: upload-denied: use-ws
    at directUpload (file:///C:/Users/bgstr/source/repos/nodalmerge/clients/web/sdk.js:329:13)
    at process.processTicksAndRejections (node:internal/process/task_queues:103:5)
[nodalmerge] [sdk] direct upload failed; falling back to ws Error: upload-denied: use-ws
    at directUpload (file:///C:/Users/bgstr/source/repos/nodalmerge/clients/web/sdk.js:329:13)
    at process.processTicksAndRejections (node:internal/process/task_queues:103:5)
[nodalmerge] [sdk] direct upload failed; falling back to ws Error: upload-denied: use-ws
    at directUpload (file:///C:/Users/bgstr/source/repos/nodalmerge/clients/web/sdk.js:329:13)
    at process.processTicksAndRejections (node:internal/process/task_queues:103:5)
[nodalmerge] [sdk] direct upload failed; falling back to ws Error: upload-denied: use-ws
    at directUpload (file:///C:/Users/bgstr/source/repos/nodalmerge/clients/web/sdk.js:329:13)
    at process.processTicksAndRejections (node:internal/process/task_queues:103:5)
[nodalmerge] [sdk] direct upload failed; falling back to ws Error: upload-denied: use-ws
    at directUpload (file:///C:/Users/bgstr/source/repos/nodalmerge/clients/web/sdk.js:329:13)
    at process.processTicksAndRejections (node:internal/process/task_queues:103:5)
[nodalmerge] [sdk] direct upload failed; falling back to ws Error: upload-denied: use-ws
    at directUpload (file:///C:/Users/bgstr/source/repos/nodalmerge/clients/web/sdk.js:329:13)
    at process.processTicksAndRejections (node:internal/process/task_queues:103:5)
[nodalmerge] [sdk] direct upload failed; falling back to ws Error: upload-denied: use-ws
    at directUpload (file:///C:/Users/bgstr/source/repos/nodalmerge/clients/web/sdk.js:329:13)
    at process.processTicksAndRejections (node:internal/process/task_queues:103:5)
[nodalmerge] [sdk] direct upload failed; falling back to ws Error: upload-denied: use-ws
    at directUpload (file:///C:/Users/bgstr/source/repos/nodalmerge/clients/web/sdk.js:329:13)
    at process.processTicksAndRejections (node:internal/process/task_queues:103:5)
[nodalmerge] [sdk] direct upload failed; falling back to ws Error: upload-denied: use-ws
    at directUpload (file:///C:/Users/bgstr/source/repos/nodalmerge/clients/web/sdk.js:329:13)
    at process.processTicksAndRejections (node:internal/process/task_queues:103:5)
[nodalmerge] [sdk] direct upload failed; falling back to ws Error: upload-denied: use-ws
    at directUpload (file:///C:/Users/bgstr/source/repos/nodalmerge/clients/web/sdk.js:329:13)
    at process.processTicksAndRejections (node:internal/process/task_queues:103:5)
[nodalmerge] [sdk] direct upload failed; falling back to ws Error: upload-denied: use-ws
    at directUpload (file:///C:/Users/bgstr/source/repos/nodalmerge/clients/web/sdk.js:329:13)
    at process.processTicksAndRejections (node:internal/process/task_queues:103:5)
[nodalmerge] [sdk] direct upload failed; falling back to ws Error: upload-denied: use-ws
    at directUpload (file:///C:/Users/bgstr/source/repos/nodalmerge/clients/web/sdk.js:329:13)
    at process.processTicksAndRejections (node:internal/process/task_queues:103:5)
[nodalmerge] [sdk] direct upload failed; falling back to ws Error: upload-denied: use-ws
    at directUpload (file:///C:/Users/bgstr/source/repos/nodalmerge/clients/web/sdk.js:329:13)
    at process.processTicksAndRejections (node:internal/process/task_queues:103:5)
[nodalmerge] [sdk] direct upload failed; falling back to ws Error: upload-denied: use-ws
    at directUpload (file:///C:/Users/bgstr/source/repos/nodalmerge/clients/web/sdk.js:329:13)
    at process.processTicksAndRejections (node:internal/process/task_queues:103:5)
[nodalmerge] [sdk] direct upload failed; falling back to ws Error: upload-denied: use-ws
    at directUpload (file:///C:/Users/bgstr/source/repos/nodalmerge/clients/web/sdk.js:329:13)
    at process.processTicksAndRejections (node:internal/process/task_queues:103:5)
[nodalmerge] [sdk] direct upload failed; falling back to ws Error: upload-denied: use-ws
    at directUpload (file:///C:/Users/bgstr/source/repos/nodalmerge/clients/web/sdk.js:329:13)
    at process.processTicksAndRejections (node:internal/process/task_queues:103:5)
[nodalmerge] [sdk] direct upload failed; falling back to ws Error: upload-denied: use-ws
    at directUpload (file:///C:/Users/bgstr/source/repos/nodalmerge/clients/web/sdk.js:329:13)
    at process.processTicksAndRejections (node:internal/process/task_queues:103:5)
[nodalmerge] [sdk] direct upload failed; falling back to ws Error: upload-denied: use-ws
    at directUpload (file:///C:/Users/bgstr/source/repos/nodalmerge/clients/web/sdk.js:329:13)
    at process.processTicksAndRejections (node:internal/process/task_queues:103:5)
[nodalmerge] [sdk] direct upload failed; falling back to ws Error: upload-denied: use-ws
    at directUpload (file:///C:/Users/bgstr/source/repos/nodalmerge/clients/web/sdk.js:329:13)
    at process.processTicksAndRejections (node:internal/process/task_queues:103:5)
[nodalmerge] [sdk] direct upload failed; falling back to ws Error: upload-denied: use-ws
    at directUpload (file:///C:/Users/bgstr/source/repos/nodalmerge/clients/web/sdk.js:329:13)
    at process.processTicksAndRejections (node:internal/process/task_queues:103:5)
  peers=6 iter=3 warmup=46.277ms map=323.889ms list=459.515ms blob=357.217ms
[nodalmerge] [sdk] direct upload failed; falling back to ws Error: upload-denied: use-ws
    at directUpload (file:///C:/Users/bgstr/source/repos/nodalmerge/clients/web/sdk.js:329:13)
    at process.processTicksAndRejections (node:internal/process/task_queues:103:5)
[nodalmerge] [sdk] direct upload failed; falling back to ws Error: upload-denied: use-ws
    at directUpload (file:///C:/Users/bgstr/source/repos/nodalmerge/clients/web/sdk.js:329:13)
    at process.processTicksAndRejections (node:internal/process/task_queues:103:5)
[nodalmerge] [sdk] direct upload failed; falling back to ws Error: upload-denied: use-ws
    at directUpload (file:///C:/Users/bgstr/source/repos/nodalmerge/clients/web/sdk.js:329:13)
    at process.processTicksAndRejections (node:internal/process/task_queues:103:5)
[nodalmerge] [sdk] direct upload failed; falling back to ws Error: upload-denied: use-ws
    at directUpload (file:///C:/Users/bgstr/source/repos/nodalmerge/clients/web/sdk.js:329:13)
    at process.processTicksAndRejections (node:internal/process/task_queues:103:5)
[nodalmerge] [sdk] direct upload failed; falling back to ws Error: upload-denied: use-ws
    at directUpload (file:///C:/Users/bgstr/source/repos/nodalmerge/clients/web/sdk.js:329:13)
    at process.processTicksAndRejections (node:internal/process/task_queues:103:5)
[nodalmerge] [sdk] direct upload failed; falling back to ws Error: upload-denied: use-ws
    at directUpload (file:///C:/Users/bgstr/source/repos/nodalmerge/clients/web/sdk.js:329:13)
    at process.processTicksAndRejections (node:internal/process/task_queues:103:5)
[nodalmerge] [sdk] direct upload failed; falling back to ws Error: upload-denied: use-ws
    at directUpload (file:///C:/Users/bgstr/source/repos/nodalmerge/clients/web/sdk.js:329:13)
    at process.processTicksAndRejections (node:internal/process/task_queues:103:5)
[nodalmerge] [sdk] direct upload failed; falling back to ws Error: upload-denied: use-ws
    at directUpload (file:///C:/Users/bgstr/source/repos/nodalmerge/clients/web/sdk.js:329:13)
    at process.processTicksAndRejections (node:internal/process/task_queues:103:5)
[nodalmerge] [sdk] direct upload failed; falling back to ws Error: upload-denied: use-ws
    at directUpload (file:///C:/Users/bgstr/source/repos/nodalmerge/clients/web/sdk.js:329:13)
    at process.processTicksAndRejections (node:internal/process/task_queues:103:5)
[nodalmerge] [sdk] direct upload failed; falling back to ws Error: upload-denied: use-ws
    at directUpload (file:///C:/Users/bgstr/source/repos/nodalmerge/clients/web/sdk.js:329:13)
    at process.processTicksAndRejections (node:internal/process/task_queues:103:5)
[nodalmerge] [sdk] direct upload failed; falling back to ws Error: upload-denied: use-ws
    at directUpload (file:///C:/Users/bgstr/source/repos/nodalmerge/clients/web/sdk.js:329:13)
    at process.processTicksAndRejections (node:internal/process/task_queues:103:5)
[nodalmerge] [sdk] direct upload failed; falling back to ws Error: upload-denied: use-ws
    at directUpload (file:///C:/Users/bgstr/source/repos/nodalmerge/clients/web/sdk.js:329:13)
    at process.processTicksAndRejections (node:internal/process/task_queues:103:5)
[nodalmerge] [sdk] direct upload failed; falling back to ws Error: upload-denied: use-ws
    at directUpload (file:///C:/Users/bgstr/source/repos/nodalmerge/clients/web/sdk.js:329:13)
    at process.processTicksAndRejections (node:internal/process/task_queues:103:5)
[nodalmerge] [sdk] direct upload failed; falling back to ws Error: upload-denied: use-ws
    at directUpload (file:///C:/Users/bgstr/source/repos/nodalmerge/clients/web/sdk.js:329:13)
    at process.processTicksAndRejections (node:internal/process/task_queues:103:5)
[nodalmerge] [sdk] direct upload failed; falling back to ws Error: upload-denied: use-ws
    at directUpload (file:///C:/Users/bgstr/source/repos/nodalmerge/clients/web/sdk.js:329:13)
    at process.processTicksAndRejections (node:internal/process/task_queues:103:5)
[nodalmerge] [sdk] direct upload failed; falling back to ws Error: upload-denied: use-ws
    at directUpload (file:///C:/Users/bgstr/source/repos/nodalmerge/clients/web/sdk.js:329:13)
    at process.processTicksAndRejections (node:internal/process/task_queues:103:5)
[nodalmerge] [sdk] direct upload failed; falling back to ws Error: upload-denied: use-ws
    at directUpload (file:///C:/Users/bgstr/source/repos/nodalmerge/clients/web/sdk.js:329:13)
    at process.processTicksAndRejections (node:internal/process/task_queues:103:5)
[nodalmerge] [sdk] direct upload failed; falling back to ws Error: upload-denied: use-ws
    at directUpload (file:///C:/Users/bgstr/source/repos/nodalmerge/clients/web/sdk.js:329:13)
    at process.processTicksAndRejections (node:internal/process/task_queues:103:5)
[nodalmerge] [sdk] direct upload failed; falling back to ws Error: upload-denied: use-ws
    at directUpload (file:///C:/Users/bgstr/source/repos/nodalmerge/clients/web/sdk.js:329:13)
    at process.processTicksAndRejections (node:internal/process/task_queues:103:5)
[nodalmerge] [sdk] direct upload failed; falling back to ws Error: upload-denied: use-ws
    at directUpload (file:///C:/Users/bgstr/source/repos/nodalmerge/clients/web/sdk.js:329:13)
    at process.processTicksAndRejections (node:internal/process/task_queues:103:5)
[nodalmerge] [sdk] direct upload failed; falling back to ws Error: upload-denied: use-ws
    at directUpload (file:///C:/Users/bgstr/source/repos/nodalmerge/clients/web/sdk.js:329:13)
    at process.processTicksAndRejections (node:internal/process/task_queues:103:5)
[nodalmerge] [sdk] direct upload failed; falling back to ws Error: upload-denied: use-ws
    at directUpload (file:///C:/Users/bgstr/source/repos/nodalmerge/clients/web/sdk.js:329:13)
    at process.processTicksAndRejections (node:internal/process/task_queues:103:5)
[nodalmerge] [sdk] direct upload failed; falling back to ws Error: upload-denied: use-ws
    at directUpload (file:///C:/Users/bgstr/source/repos/nodalmerge/clients/web/sdk.js:329:13)
    at process.processTicksAndRejections (node:internal/process/task_queues:103:5)
[nodalmerge] [sdk] direct upload failed; falling back to ws Error: upload-denied: use-ws
    at directUpload (file:///C:/Users/bgstr/source/repos/nodalmerge/clients/web/sdk.js:329:13)
    at process.processTicksAndRejections (node:internal/process/task_queues:103:5)
[nodalmerge] [sdk] direct upload failed; falling back to ws Error: upload-denied: use-ws
    at directUpload (file:///C:/Users/bgstr/source/repos/nodalmerge/clients/web/sdk.js:329:13)
    at process.processTicksAndRejections (node:internal/process/task_queues:103:5)
[nodalmerge] [sdk] direct upload failed; falling back to ws Error: upload-denied: use-ws
    at directUpload (file:///C:/Users/bgstr/source/repos/nodalmerge/clients/web/sdk.js:329:13)
    at process.processTicksAndRejections (node:internal/process/task_queues:103:5)
[nodalmerge] [sdk] direct upload failed; falling back to ws Error: upload-denied: use-ws
    at directUpload (file:///C:/Users/bgstr/source/repos/nodalmerge/clients/web/sdk.js:329:13)
    at process.processTicksAndRejections (node:internal/process/task_queues:103:5)
[nodalmerge] [sdk] direct upload failed; falling back to ws Error: upload-denied: use-ws
    at directUpload (file:///C:/Users/bgstr/source/repos/nodalmerge/clients/web/sdk.js:329:13)
    at process.processTicksAndRejections (node:internal/process/task_queues:103:5)
[nodalmerge] [sdk] direct upload failed; falling back to ws Error: upload-denied: use-ws
    at directUpload (file:///C:/Users/bgstr/source/repos/nodalmerge/clients/web/sdk.js:329:13)
    at process.processTicksAndRejections (node:internal/process/task_queues:103:5)
[nodalmerge] [sdk] direct upload failed; falling back to ws Error: upload-denied: use-ws
    at directUpload (file:///C:/Users/bgstr/source/repos/nodalmerge/clients/web/sdk.js:329:13)
    at process.processTicksAndRejections (node:internal/process/task_queues:103:5)
  peers=6 iter=4 warmup=46.025ms map=317.988ms list=460.41ms blob=332.131ms
[nodalmerge] [sdk] direct upload failed; falling back to ws Error: upload-denied: use-ws
    at directUpload (file:///C:/Users/bgstr/source/repos/nodalmerge/clients/web/sdk.js:329:13)
    at process.processTicksAndRejections (node:internal/process/task_queues:103:5)
[nodalmerge] [sdk] direct upload failed; falling back to ws Error: upload-denied: use-ws
    at directUpload (file:///C:/Users/bgstr/source/repos/nodalmerge/clients/web/sdk.js:329:13)
    at process.processTicksAndRejections (node:internal/process/task_queues:103:5)
[nodalmerge] [sdk] direct upload failed; falling back to ws Error: upload-denied: use-ws
    at directUpload (file:///C:/Users/bgstr/source/repos/nodalmerge/clients/web/sdk.js:329:13)
    at process.processTicksAndRejections (node:internal/process/task_queues:103:5)
[nodalmerge] [sdk] direct upload failed; falling back to ws Error: upload-denied: use-ws
    at directUpload (file:///C:/Users/bgstr/source/repos/nodalmerge/clients/web/sdk.js:329:13)
    at process.processTicksAndRejections (node:internal/process/task_queues:103:5)
[nodalmerge] [sdk] direct upload failed; falling back to ws Error: upload-denied: use-ws
    at directUpload (file:///C:/Users/bgstr/source/repos/nodalmerge/clients/web/sdk.js:329:13)
    at process.processTicksAndRejections (node:internal/process/task_queues:103:5)
[nodalmerge] [sdk] direct upload failed; falling back to ws Error: upload-denied: use-ws
    at directUpload (file:///C:/Users/bgstr/source/repos/nodalmerge/clients/web/sdk.js:329:13)
    at process.processTicksAndRejections (node:internal/process/task_queues:103:5)
[nodalmerge] [sdk] direct upload failed; falling back to ws Error: upload-denied: use-ws
    at directUpload (file:///C:/Users/bgstr/source/repos/nodalmerge/clients/web/sdk.js:329:13)
    at process.processTicksAndRejections (node:internal/process/task_queues:103:5)
[nodalmerge] [sdk] direct upload failed; falling back to ws Error: upload-denied: use-ws
    at directUpload (file:///C:/Users/bgstr/source/repos/nodalmerge/clients/web/sdk.js:329:13)
    at process.processTicksAndRejections (node:internal/process/task_queues:103:5)
[nodalmerge] [sdk] direct upload failed; falling back to ws Error: upload-denied: use-ws
    at directUpload (file:///C:/Users/bgstr/source/repos/nodalmerge/clients/web/sdk.js:329:13)
    at process.processTicksAndRejections (node:internal/process/task_queues:103:5)
[nodalmerge] [sdk] direct upload failed; falling back to ws Error: upload-denied: use-ws
    at directUpload (file:///C:/Users/bgstr/source/repos/nodalmerge/clients/web/sdk.js:329:13)
    at process.processTicksAndRejections (node:internal/process/task_queues:103:5)
[nodalmerge] [sdk] direct upload failed; falling back to ws Error: upload-denied: use-ws
    at directUpload (file:///C:/Users/bgstr/source/repos/nodalmerge/clients/web/sdk.js:329:13)
    at process.processTicksAndRejections (node:internal/process/task_queues:103:5)
[nodalmerge] [sdk] direct upload failed; falling back to ws Error: upload-denied: use-ws
    at directUpload (file:///C:/Users/bgstr/source/repos/nodalmerge/clients/web/sdk.js:329:13)
    at process.processTicksAndRejections (node:internal/process/task_queues:103:5)
[nodalmerge] [sdk] direct upload failed; falling back to ws Error: upload-denied: use-ws
    at directUpload (file:///C:/Users/bgstr/source/repos/nodalmerge/clients/web/sdk.js:329:13)
    at process.processTicksAndRejections (node:internal/process/task_queues:103:5)
[nodalmerge] [sdk] direct upload failed; falling back to ws Error: upload-denied: use-ws
    at directUpload (file:///C:/Users/bgstr/source/repos/nodalmerge/clients/web/sdk.js:329:13)
    at process.processTicksAndRejections (node:internal/process/task_queues:103:5)
[nodalmerge] [sdk] direct upload failed; falling back to ws Error: upload-denied: use-ws
    at directUpload (file:///C:/Users/bgstr/source/repos/nodalmerge/clients/web/sdk.js:329:13)
    at process.processTicksAndRejections (node:internal/process/task_queues:103:5)
[nodalmerge] [sdk] direct upload failed; falling back to ws Error: upload-denied: use-ws
    at directUpload (file:///C:/Users/bgstr/source/repos/nodalmerge/clients/web/sdk.js:329:13)
    at process.processTicksAndRejections (node:internal/process/task_queues:103:5)
[nodalmerge] [sdk] direct upload failed; falling back to ws Error: upload-denied: use-ws
    at directUpload (file:///C:/Users/bgstr/source/repos/nodalmerge/clients/web/sdk.js:329:13)
    at process.processTicksAndRejections (node:internal/process/task_queues:103:5)
[nodalmerge] [sdk] direct upload failed; falling back to ws Error: upload-denied: use-ws
    at directUpload (file:///C:/Users/bgstr/source/repos/nodalmerge/clients/web/sdk.js:329:13)
    at process.processTicksAndRejections (node:internal/process/task_queues:103:5)
[nodalmerge] [sdk] direct upload failed; falling back to ws Error: upload-denied: use-ws
    at directUpload (file:///C:/Users/bgstr/source/repos/nodalmerge/clients/web/sdk.js:329:13)
    at process.processTicksAndRejections (node:internal/process/task_queues:103:5)
[nodalmerge] [sdk] direct upload failed; falling back to ws Error: upload-denied: use-ws
    at directUpload (file:///C:/Users/bgstr/source/repos/nodalmerge/clients/web/sdk.js:329:13)
    at process.processTicksAndRejections (node:internal/process/task_queues:103:5)
[nodalmerge] [sdk] direct upload failed; falling back to ws Error: upload-denied: use-ws
    at directUpload (file:///C:/Users/bgstr/source/repos/nodalmerge/clients/web/sdk.js:329:13)
    at process.processTicksAndRejections (node:internal/process/task_queues:103:5)
[nodalmerge] [sdk] direct upload failed; falling back to ws Error: upload-denied: use-ws
    at directUpload (file:///C:/Users/bgstr/source/repos/nodalmerge/clients/web/sdk.js:329:13)
    at process.processTicksAndRejections (node:internal/process/task_queues:103:5)
[nodalmerge] [sdk] direct upload failed; falling back to ws Error: upload-denied: use-ws
    at directUpload (file:///C:/Users/bgstr/source/repos/nodalmerge/clients/web/sdk.js:329:13)
    at process.processTicksAndRejections (node:internal/process/task_queues:103:5)
[nodalmerge] [sdk] direct upload failed; falling back to ws Error: upload-denied: use-ws
    at directUpload (file:///C:/Users/bgstr/source/repos/nodalmerge/clients/web/sdk.js:329:13)
    at process.processTicksAndRejections (node:internal/process/task_queues:103:5)
[nodalmerge] [sdk] direct upload failed; falling back to ws Error: upload-denied: use-ws
    at directUpload (file:///C:/Users/bgstr/source/repos/nodalmerge/clients/web/sdk.js:329:13)
    at process.processTicksAndRejections (node:internal/process/task_queues:103:5)
[nodalmerge] [sdk] direct upload failed; falling back to ws Error: upload-denied: use-ws
    at directUpload (file:///C:/Users/bgstr/source/repos/nodalmerge/clients/web/sdk.js:329:13)
    at process.processTicksAndRejections (node:internal/process/task_queues:103:5)
[nodalmerge] [sdk] direct upload failed; falling back to ws Error: upload-denied: use-ws
    at directUpload (file:///C:/Users/bgstr/source/repos/nodalmerge/clients/web/sdk.js:329:13)
    at process.processTicksAndRejections (node:internal/process/task_queues:103:5)
[nodalmerge] [sdk] direct upload failed; falling back to ws Error: upload-denied: use-ws
    at directUpload (file:///C:/Users/bgstr/source/repos/nodalmerge/clients/web/sdk.js:329:13)
    at process.processTicksAndRejections (node:internal/process/task_queues:103:5)
[nodalmerge] [sdk] direct upload failed; falling back to ws Error: upload-denied: use-ws
    at directUpload (file:///C:/Users/bgstr/source/repos/nodalmerge/clients/web/sdk.js:329:13)
    at process.processTicksAndRejections (node:internal/process/task_queues:103:5)
[nodalmerge] [sdk] direct upload failed; falling back to ws Error: upload-denied: use-ws
    at directUpload (file:///C:/Users/bgstr/source/repos/nodalmerge/clients/web/sdk.js:329:13)
    at process.processTicksAndRejections (node:internal/process/task_queues:103:5)
  peers=6 iter=5 warmup=46.503ms map=351.654ms list=454.986ms blob=338.289ms
[nodalmerge] [sdk] direct upload failed; falling back to ws Error: upload-denied: use-ws
    at directUpload (file:///C:/Users/bgstr/source/repos/nodalmerge/clients/web/sdk.js:329:13)
    at process.processTicksAndRejections (node:internal/process/task_queues:103:5)
[nodalmerge] [sdk] direct upload failed; falling back to ws Error: upload-denied: use-ws
    at directUpload (file:///C:/Users/bgstr/source/repos/nodalmerge/clients/web/sdk.js:329:13)
    at process.processTicksAndRejections (node:internal/process/task_queues:103:5)
[nodalmerge] [sdk] direct upload failed; falling back to ws Error: upload-denied: use-ws
    at directUpload (file:///C:/Users/bgstr/source/repos/nodalmerge/clients/web/sdk.js:329:13)
    at process.processTicksAndRejections (node:internal/process/task_queues:103:5)
[nodalmerge] [sdk] direct upload failed; falling back to ws Error: upload-denied: use-ws
    at directUpload (file:///C:/Users/bgstr/source/repos/nodalmerge/clients/web/sdk.js:329:13)
    at process.processTicksAndRejections (node:internal/process/task_queues:103:5)
[nodalmerge] [sdk] direct upload failed; falling back to ws Error: upload-denied: use-ws
    at directUpload (file:///C:/Users/bgstr/source/repos/nodalmerge/clients/web/sdk.js:329:13)
    at process.processTicksAndRejections (node:internal/process/task_queues:103:5)
[nodalmerge] [sdk] direct upload failed; falling back to ws Error: upload-denied: use-ws
    at directUpload (file:///C:/Users/bgstr/source/repos/nodalmerge/clients/web/sdk.js:329:13)
    at process.processTicksAndRejections (node:internal/process/task_queues:103:5)
[nodalmerge] [sdk] direct upload failed; falling back to ws Error: upload-denied: use-ws
    at directUpload (file:///C:/Users/bgstr/source/repos/nodalmerge/clients/web/sdk.js:329:13)
    at process.processTicksAndRejections (node:internal/process/task_queues:103:5)
[nodalmerge] [sdk] direct upload failed; falling back to ws Error: upload-denied: use-ws
    at directUpload (file:///C:/Users/bgstr/source/repos/nodalmerge/clients/web/sdk.js:329:13)
    at process.processTicksAndRejections (node:internal/process/task_queues:103:5)
[nodalmerge] [sdk] direct upload failed; falling back to ws Error: upload-denied: use-ws
    at directUpload (file:///C:/Users/bgstr/source/repos/nodalmerge/clients/web/sdk.js:329:13)
    at process.processTicksAndRejections (node:internal/process/task_queues:103:5)
[nodalmerge] [sdk] direct upload failed; falling back to ws Error: upload-denied: use-ws
    at directUpload (file:///C:/Users/bgstr/source/repos/nodalmerge/clients/web/sdk.js:329:13)
    at process.processTicksAndRejections (node:internal/process/task_queues:103:5)
[nodalmerge] [sdk] direct upload failed; falling back to ws Error: upload-denied: use-ws
    at directUpload (file:///C:/Users/bgstr/source/repos/nodalmerge/clients/web/sdk.js:329:13)
    at process.processTicksAndRejections (node:internal/process/task_queues:103:5)
[nodalmerge] [sdk] direct upload failed; falling back to ws Error: upload-denied: use-ws
    at directUpload (file:///C:/Users/bgstr/source/repos/nodalmerge/clients/web/sdk.js:329:13)
    at process.processTicksAndRejections (node:internal/process/task_queues:103:5)
[nodalmerge] [sdk] direct upload failed; falling back to ws Error: upload-denied: use-ws
    at directUpload (file:///C:/Users/bgstr/source/repos/nodalmerge/clients/web/sdk.js:329:13)
    at process.processTicksAndRejections (node:internal/process/task_queues:103:5)
[nodalmerge] [sdk] direct upload failed; falling back to ws Error: upload-denied: use-ws
    at directUpload (file:///C:/Users/bgstr/source/repos/nodalmerge/clients/web/sdk.js:329:13)
    at process.processTicksAndRejections (node:internal/process/task_queues:103:5)
[nodalmerge] [sdk] direct upload failed; falling back to ws Error: upload-denied: use-ws
    at directUpload (file:///C:/Users/bgstr/source/repos/nodalmerge/clients/web/sdk.js:329:13)
    at process.processTicksAndRejections (node:internal/process/task_queues:103:5)
[nodalmerge] [sdk] direct upload failed; falling back to ws Error: upload-denied: use-ws
    at directUpload (file:///C:/Users/bgstr/source/repos/nodalmerge/clients/web/sdk.js:329:13)
    at process.processTicksAndRejections (node:internal/process/task_queues:103:5)
[nodalmerge] [sdk] direct upload failed; falling back to ws Error: upload-denied: use-ws
    at directUpload (file:///C:/Users/bgstr/source/repos/nodalmerge/clients/web/sdk.js:329:13)
    at process.processTicksAndRejections (node:internal/process/task_queues:103:5)
[nodalmerge] [sdk] direct upload failed; falling back to ws Error: upload-denied: use-ws
    at directUpload (file:///C:/Users/bgstr/source/repos/nodalmerge/clients/web/sdk.js:329:13)
    at process.processTicksAndRejections (node:internal/process/task_queues:103:5)
[nodalmerge] [sdk] direct upload failed; falling back to ws Error: upload-denied: use-ws
    at directUpload (file:///C:/Users/bgstr/source/repos/nodalmerge/clients/web/sdk.js:329:13)
    at process.processTicksAndRejections (node:internal/process/task_queues:103:5)
[nodalmerge] [sdk] direct upload failed; falling back to ws Error: upload-denied: use-ws
    at directUpload (file:///C:/Users/bgstr/source/repos/nodalmerge/clients/web/sdk.js:329:13)
    at process.processTicksAndRejections (node:internal/process/task_queues:103:5)
[nodalmerge] [sdk] direct upload failed; falling back to ws Error: upload-denied: use-ws
    at directUpload (file:///C:/Users/bgstr/source/repos/nodalmerge/clients/web/sdk.js:329:13)
    at process.processTicksAndRejections (node:internal/process/task_queues:103:5)
[nodalmerge] [sdk] direct upload failed; falling back to ws Error: upload-denied: use-ws
    at directUpload (file:///C:/Users/bgstr/source/repos/nodalmerge/clients/web/sdk.js:329:13)
    at process.processTicksAndRejections (node:internal/process/task_queues:103:5)
[nodalmerge] [sdk] direct upload failed; falling back to ws Error: upload-denied: use-ws
    at directUpload (file:///C:/Users/bgstr/source/repos/nodalmerge/clients/web/sdk.js:329:13)
    at process.processTicksAndRejections (node:internal/process/task_queues:103:5)
[nodalmerge] [sdk] direct upload failed; falling back to ws Error: upload-denied: use-ws
    at directUpload (file:///C:/Users/bgstr/source/repos/nodalmerge/clients/web/sdk.js:329:13)
    at process.processTicksAndRejections (node:internal/process/task_queues:103:5)
[nodalmerge] [sdk] direct upload failed; falling back to ws Error: upload-denied: use-ws
    at directUpload (file:///C:/Users/bgstr/source/repos/nodalmerge/clients/web/sdk.js:329:13)
    at process.processTicksAndRejections (node:internal/process/task_queues:103:5)
[nodalmerge] [sdk] direct upload failed; falling back to ws Error: upload-denied: use-ws
    at directUpload (file:///C:/Users/bgstr/source/repos/nodalmerge/clients/web/sdk.js:329:13)
    at process.processTicksAndRejections (node:internal/process/task_queues:103:5)
[nodalmerge] [sdk] direct upload failed; falling back to ws Error: upload-denied: use-ws
    at directUpload (file:///C:/Users/bgstr/source/repos/nodalmerge/clients/web/sdk.js:329:13)
    at process.processTicksAndRejections (node:internal/process/task_queues:103:5)
[nodalmerge] [sdk] direct upload failed; falling back to ws Error: upload-denied: use-ws
    at directUpload (file:///C:/Users/bgstr/source/repos/nodalmerge/clients/web/sdk.js:329:13)
    at process.processTicksAndRejections (node:internal/process/task_queues:103:5)
[nodalmerge] [sdk] direct upload failed; falling back to ws Error: upload-denied: use-ws
    at directUpload (file:///C:/Users/bgstr/source/repos/nodalmerge/clients/web/sdk.js:329:13)
    at process.processTicksAndRejections (node:internal/process/task_queues:103:5)
[nodalmerge] [sdk] direct upload failed; falling back to ws Error: upload-denied: use-ws
    at directUpload (file:///C:/Users/bgstr/source/repos/nodalmerge/clients/web/sdk.js:329:13)
    at process.processTicksAndRejections (node:internal/process/task_queues:103:5)
  peers=6 iter=6 warmup=47.307ms map=323.355ms list=414.372ms blob=370.356ms
[nodalmerge] [sdk] direct upload failed; falling back to ws Error: upload-denied: use-ws
    at directUpload (file:///C:/Users/bgstr/source/repos/nodalmerge/clients/web/sdk.js:329:13)
    at process.processTicksAndRejections (node:internal/process/task_queues:103:5)
[nodalmerge] [sdk] direct upload failed; falling back to ws Error: upload-denied: use-ws
    at directUpload (file:///C:/Users/bgstr/source/repos/nodalmerge/clients/web/sdk.js:329:13)
    at process.processTicksAndRejections (node:internal/process/task_queues:103:5)
[nodalmerge] [sdk] direct upload failed; falling back to ws Error: upload-denied: use-ws
    at directUpload (file:///C:/Users/bgstr/source/repos/nodalmerge/clients/web/sdk.js:329:13)
    at process.processTicksAndRejections (node:internal/process/task_queues:103:5)
[nodalmerge] [sdk] direct upload failed; falling back to ws Error: upload-denied: use-ws
    at directUpload (file:///C:/Users/bgstr/source/repos/nodalmerge/clients/web/sdk.js:329:13)
    at process.processTicksAndRejections (node:internal/process/task_queues:103:5)
[nodalmerge] [sdk] direct upload failed; falling back to ws Error: upload-denied: use-ws
    at directUpload (file:///C:/Users/bgstr/source/repos/nodalmerge/clients/web/sdk.js:329:13)
    at process.processTicksAndRejections (node:internal/process/task_queues:103:5)
[nodalmerge] [sdk] direct upload failed; falling back to ws Error: upload-denied: use-ws
    at directUpload (file:///C:/Users/bgstr/source/repos/nodalmerge/clients/web/sdk.js:329:13)
    at process.processTicksAndRejections (node:internal/process/task_queues:103:5)
[nodalmerge] [sdk] direct upload failed; falling back to ws Error: upload-denied: use-ws
    at directUpload (file:///C:/Users/bgstr/source/repos/nodalmerge/clients/web/sdk.js:329:13)
    at process.processTicksAndRejections (node:internal/process/task_queues:103:5)
[nodalmerge] [sdk] direct upload failed; falling back to ws Error: upload-denied: use-ws
    at directUpload (file:///C:/Users/bgstr/source/repos/nodalmerge/clients/web/sdk.js:329:13)
    at process.processTicksAndRejections (node:internal/process/task_queues:103:5)
[nodalmerge] [sdk] direct upload failed; falling back to ws Error: upload-denied: use-ws
    at directUpload (file:///C:/Users/bgstr/source/repos/nodalmerge/clients/web/sdk.js:329:13)
    at process.processTicksAndRejections (node:internal/process/task_queues:103:5)
[nodalmerge] [sdk] direct upload failed; falling back to ws Error: upload-denied: use-ws
    at directUpload (file:///C:/Users/bgstr/source/repos/nodalmerge/clients/web/sdk.js:329:13)
    at process.processTicksAndRejections (node:internal/process/task_queues:103:5)
[nodalmerge] [sdk] direct upload failed; falling back to ws Error: upload-denied: use-ws
    at directUpload (file:///C:/Users/bgstr/source/repos/nodalmerge/clients/web/sdk.js:329:13)
    at process.processTicksAndRejections (node:internal/process/task_queues:103:5)
[nodalmerge] [sdk] direct upload failed; falling back to ws Error: upload-denied: use-ws
    at directUpload (file:///C:/Users/bgstr/source/repos/nodalmerge/clients/web/sdk.js:329:13)
    at process.processTicksAndRejections (node:internal/process/task_queues:103:5)
[nodalmerge] [sdk] direct upload failed; falling back to ws Error: upload-denied: use-ws
    at directUpload (file:///C:/Users/bgstr/source/repos/nodalmerge/clients/web/sdk.js:329:13)
    at process.processTicksAndRejections (node:internal/process/task_queues:103:5)
[nodalmerge] [sdk] direct upload failed; falling back to ws Error: upload-denied: use-ws
    at directUpload (file:///C:/Users/bgstr/source/repos/nodalmerge/clients/web/sdk.js:329:13)
    at process.processTicksAndRejections (node:internal/process/task_queues:103:5)
[nodalmerge] [sdk] direct upload failed; falling back to ws Error: upload-denied: use-ws
    at directUpload (file:///C:/Users/bgstr/source/repos/nodalmerge/clients/web/sdk.js:329:13)
    at process.processTicksAndRejections (node:internal/process/task_queues:103:5)
[nodalmerge] [sdk] direct upload failed; falling back to ws Error: upload-denied: use-ws
    at directUpload (file:///C:/Users/bgstr/source/repos/nodalmerge/clients/web/sdk.js:329:13)
    at process.processTicksAndRejections (node:internal/process/task_queues:103:5)
[nodalmerge] [sdk] direct upload failed; falling back to ws Error: upload-denied: use-ws
    at directUpload (file:///C:/Users/bgstr/source/repos/nodalmerge/clients/web/sdk.js:329:13)
    at process.processTicksAndRejections (node:internal/process/task_queues:103:5)
[nodalmerge] [sdk] direct upload failed; falling back to ws Error: upload-denied: use-ws
    at directUpload (file:///C:/Users/bgstr/source/repos/nodalmerge/clients/web/sdk.js:329:13)
    at process.processTicksAndRejections (node:internal/process/task_queues:103:5)
[nodalmerge] [sdk] direct upload failed; falling back to ws Error: upload-denied: use-ws
    at directUpload (file:///C:/Users/bgstr/source/repos/nodalmerge/clients/web/sdk.js:329:13)
    at process.processTicksAndRejections (node:internal/process/task_queues:103:5)
[nodalmerge] [sdk] direct upload failed; falling back to ws Error: upload-denied: use-ws
    at directUpload (file:///C:/Users/bgstr/source/repos/nodalmerge/clients/web/sdk.js:329:13)
    at process.processTicksAndRejections (node:internal/process/task_queues:103:5)
[nodalmerge] [sdk] direct upload failed; falling back to ws Error: upload-denied: use-ws
    at directUpload (file:///C:/Users/bgstr/source/repos/nodalmerge/clients/web/sdk.js:329:13)
    at process.processTicksAndRejections (node:internal/process/task_queues:103:5)
[nodalmerge] [sdk] direct upload failed; falling back to ws Error: upload-denied: use-ws
    at directUpload (file:///C:/Users/bgstr/source/repos/nodalmerge/clients/web/sdk.js:329:13)
    at process.processTicksAndRejections (node:internal/process/task_queues:103:5)
[nodalmerge] [sdk] direct upload failed; falling back to ws Error: upload-denied: use-ws
    at directUpload (file:///C:/Users/bgstr/source/repos/nodalmerge/clients/web/sdk.js:329:13)
    at process.processTicksAndRejections (node:internal/process/task_queues:103:5)
[nodalmerge] [sdk] direct upload failed; falling back to ws Error: upload-denied: use-ws
    at directUpload (file:///C:/Users/bgstr/source/repos/nodalmerge/clients/web/sdk.js:329:13)
    at process.processTicksAndRejections (node:internal/process/task_queues:103:5)
[nodalmerge] [sdk] direct upload failed; falling back to ws Error: upload-denied: use-ws
    at directUpload (file:///C:/Users/bgstr/source/repos/nodalmerge/clients/web/sdk.js:329:13)
    at process.processTicksAndRejections (node:internal/process/task_queues:103:5)
[nodalmerge] [sdk] direct upload failed; falling back to ws Error: upload-denied: use-ws
    at directUpload (file:///C:/Users/bgstr/source/repos/nodalmerge/clients/web/sdk.js:329:13)
    at process.processTicksAndRejections (node:internal/process/task_queues:103:5)
[nodalmerge] [sdk] direct upload failed; falling back to ws Error: upload-denied: use-ws
    at directUpload (file:///C:/Users/bgstr/source/repos/nodalmerge/clients/web/sdk.js:329:13)
    at process.processTicksAndRejections (node:internal/process/task_queues:103:5)
[nodalmerge] [sdk] direct upload failed; falling back to ws Error: upload-denied: use-ws
    at directUpload (file:///C:/Users/bgstr/source/repos/nodalmerge/clients/web/sdk.js:329:13)
    at process.processTicksAndRejections (node:internal/process/task_queues:103:5)
[nodalmerge] [sdk] direct upload failed; falling back to ws Error: upload-denied: use-ws
    at directUpload (file:///C:/Users/bgstr/source/repos/nodalmerge/clients/web/sdk.js:329:13)
    at process.processTicksAndRejections (node:internal/process/task_queues:103:5)
[nodalmerge] [sdk] direct upload failed; falling back to ws Error: upload-denied: use-ws
    at directUpload (file:///C:/Users/bgstr/source/repos/nodalmerge/clients/web/sdk.js:329:13)
    at process.processTicksAndRejections (node:internal/process/task_queues:103:5)
  peers=6 iter=7 warmup=46.364ms map=336.751ms list=443.013ms blob=367.171ms
[nodalmerge] [sdk] direct upload failed; falling back to ws Error: upload-denied: use-ws
    at directUpload (file:///C:/Users/bgstr/source/repos/nodalmerge/clients/web/sdk.js:329:13)
    at process.processTicksAndRejections (node:internal/process/task_queues:103:5)
[nodalmerge] [sdk] direct upload failed; falling back to ws Error: upload-denied: use-ws
    at directUpload (file:///C:/Users/bgstr/source/repos/nodalmerge/clients/web/sdk.js:329:13)
    at process.processTicksAndRejections (node:internal/process/task_queues:103:5)
[nodalmerge] [sdk] direct upload failed; falling back to ws Error: upload-denied: use-ws
    at directUpload (file:///C:/Users/bgstr/source/repos/nodalmerge/clients/web/sdk.js:329:13)
    at process.processTicksAndRejections (node:internal/process/task_queues:103:5)
[nodalmerge] [sdk] direct upload failed; falling back to ws Error: upload-denied: use-ws
    at directUpload (file:///C:/Users/bgstr/source/repos/nodalmerge/clients/web/sdk.js:329:13)
    at process.processTicksAndRejections (node:internal/process/task_queues:103:5)
[nodalmerge] [sdk] direct upload failed; falling back to ws Error: upload-denied: use-ws
    at directUpload (file:///C:/Users/bgstr/source/repos/nodalmerge/clients/web/sdk.js:329:13)
    at process.processTicksAndRejections (node:internal/process/task_queues:103:5)
[nodalmerge] [sdk] direct upload failed; falling back to ws Error: upload-denied: use-ws
    at directUpload (file:///C:/Users/bgstr/source/repos/nodalmerge/clients/web/sdk.js:329:13)
    at process.processTicksAndRejections (node:internal/process/task_queues:103:5)
[nodalmerge] [sdk] direct upload failed; falling back to ws Error: upload-denied: use-ws
    at directUpload (file:///C:/Users/bgstr/source/repos/nodalmerge/clients/web/sdk.js:329:13)
    at process.processTicksAndRejections (node:internal/process/task_queues:103:5)
[nodalmerge] [sdk] direct upload failed; falling back to ws Error: upload-denied: use-ws
    at directUpload (file:///C:/Users/bgstr/source/repos/nodalmerge/clients/web/sdk.js:329:13)
    at process.processTicksAndRejections (node:internal/process/task_queues:103:5)
[nodalmerge] [sdk] direct upload failed; falling back to ws Error: upload-denied: use-ws
    at directUpload (file:///C:/Users/bgstr/source/repos/nodalmerge/clients/web/sdk.js:329:13)
    at process.processTicksAndRejections (node:internal/process/task_queues:103:5)
[nodalmerge] [sdk] direct upload failed; falling back to ws Error: upload-denied: use-ws
    at directUpload (file:///C:/Users/bgstr/source/repos/nodalmerge/clients/web/sdk.js:329:13)
    at process.processTicksAndRejections (node:internal/process/task_queues:103:5)
[nodalmerge] [sdk] direct upload failed; falling back to ws Error: upload-denied: use-ws
    at directUpload (file:///C:/Users/bgstr/source/repos/nodalmerge/clients/web/sdk.js:329:13)
    at process.processTicksAndRejections (node:internal/process/task_queues:103:5)
[nodalmerge] [sdk] direct upload failed; falling back to ws Error: upload-denied: use-ws
    at directUpload (file:///C:/Users/bgstr/source/repos/nodalmerge/clients/web/sdk.js:329:13)
    at process.processTicksAndRejections (node:internal/process/task_queues:103:5)
[nodalmerge] [sdk] direct upload failed; falling back to ws Error: upload-denied: use-ws
    at directUpload (file:///C:/Users/bgstr/source/repos/nodalmerge/clients/web/sdk.js:329:13)
    at process.processTicksAndRejections (node:internal/process/task_queues:103:5)
[nodalmerge] [sdk] direct upload failed; falling back to ws Error: upload-denied: use-ws
    at directUpload (file:///C:/Users/bgstr/source/repos/nodalmerge/clients/web/sdk.js:329:13)
    at process.processTicksAndRejections (node:internal/process/task_queues:103:5)
[nodalmerge] [sdk] direct upload failed; falling back to ws Error: upload-denied: use-ws
    at directUpload (file:///C:/Users/bgstr/source/repos/nodalmerge/clients/web/sdk.js:329:13)
    at process.processTicksAndRejections (node:internal/process/task_queues:103:5)
[nodalmerge] [sdk] direct upload failed; falling back to ws Error: upload-denied: use-ws
    at directUpload (file:///C:/Users/bgstr/source/repos/nodalmerge/clients/web/sdk.js:329:13)
    at process.processTicksAndRejections (node:internal/process/task_queues:103:5)
[nodalmerge] [sdk] direct upload failed; falling back to ws Error: upload-denied: use-ws
    at directUpload (file:///C:/Users/bgstr/source/repos/nodalmerge/clients/web/sdk.js:329:13)
    at process.processTicksAndRejections (node:internal/process/task_queues:103:5)
[nodalmerge] [sdk] direct upload failed; falling back to ws Error: upload-denied: use-ws
    at directUpload (file:///C:/Users/bgstr/source/repos/nodalmerge/clients/web/sdk.js:329:13)
    at process.processTicksAndRejections (node:internal/process/task_queues:103:5)
[nodalmerge] [sdk] direct upload failed; falling back to ws Error: upload-denied: use-ws
    at directUpload (file:///C:/Users/bgstr/source/repos/nodalmerge/clients/web/sdk.js:329:13)
    at process.processTicksAndRejections (node:internal/process/task_queues:103:5)
[nodalmerge] [sdk] direct upload failed; falling back to ws Error: upload-denied: use-ws
    at directUpload (file:///C:/Users/bgstr/source/repos/nodalmerge/clients/web/sdk.js:329:13)
    at process.processTicksAndRejections (node:internal/process/task_queues:103:5)
[nodalmerge] [sdk] direct upload failed; falling back to ws Error: upload-denied: use-ws
    at directUpload (file:///C:/Users/bgstr/source/repos/nodalmerge/clients/web/sdk.js:329:13)
    at process.processTicksAndRejections (node:internal/process/task_queues:103:5)
[nodalmerge] [sdk] direct upload failed; falling back to ws Error: upload-denied: use-ws
    at directUpload (file:///C:/Users/bgstr/source/repos/nodalmerge/clients/web/sdk.js:329:13)
    at process.processTicksAndRejections (node:internal/process/task_queues:103:5)
[nodalmerge] [sdk] direct upload failed; falling back to ws Error: upload-denied: use-ws
    at directUpload (file:///C:/Users/bgstr/source/repos/nodalmerge/clients/web/sdk.js:329:13)
    at process.processTicksAndRejections (node:internal/process/task_queues:103:5)
[nodalmerge] [sdk] direct upload failed; falling back to ws Error: upload-denied: use-ws
    at directUpload (file:///C:/Users/bgstr/source/repos/nodalmerge/clients/web/sdk.js:329:13)
    at process.processTicksAndRejections (node:internal/process/task_queues:103:5)
[nodalmerge] [sdk] direct upload failed; falling back to ws Error: upload-denied: use-ws
    at directUpload (file:///C:/Users/bgstr/source/repos/nodalmerge/clients/web/sdk.js:329:13)
    at process.processTicksAndRejections (node:internal/process/task_queues:103:5)
[nodalmerge] [sdk] direct upload failed; falling back to ws Error: upload-denied: use-ws
    at directUpload (file:///C:/Users/bgstr/source/repos/nodalmerge/clients/web/sdk.js:329:13)
    at process.processTicksAndRejections (node:internal/process/task_queues:103:5)
[nodalmerge] [sdk] direct upload failed; falling back to ws Error: upload-denied: use-ws
    at directUpload (file:///C:/Users/bgstr/source/repos/nodalmerge/clients/web/sdk.js:329:13)
    at process.processTicksAndRejections (node:internal/process/task_queues:103:5)
[nodalmerge] [sdk] direct upload failed; falling back to ws Error: upload-denied: use-ws
    at directUpload (file:///C:/Users/bgstr/source/repos/nodalmerge/clients/web/sdk.js:329:13)
    at process.processTicksAndRejections (node:internal/process/task_queues:103:5)
[nodalmerge] [sdk] direct upload failed; falling back to ws Error: upload-denied: use-ws
    at directUpload (file:///C:/Users/bgstr/source/repos/nodalmerge/clients/web/sdk.js:329:13)
    at process.processTicksAndRejections (node:internal/process/task_queues:103:5)
[nodalmerge] [sdk] direct upload failed; falling back to ws Error: upload-denied: use-ws
    at directUpload (file:///C:/Users/bgstr/source/repos/nodalmerge/clients/web/sdk.js:329:13)
    at process.processTicksAndRejections (node:internal/process/task_queues:103:5)
  peers=6 iter=8 warmup=46.28ms map=334.154ms list=473.727ms blob=369.613ms
[nodalmerge] [sdk] direct upload failed; falling back to ws Error: upload-denied: use-ws
    at directUpload (file:///C:/Users/bgstr/source/repos/nodalmerge/clients/web/sdk.js:329:13)
    at process.processTicksAndRejections (node:internal/process/task_queues:103:5)
[nodalmerge] [sdk] direct upload failed; falling back to ws Error: upload-denied: use-ws
    at directUpload (file:///C:/Users/bgstr/source/repos/nodalmerge/clients/web/sdk.js:329:13)
    at process.processTicksAndRejections (node:internal/process/task_queues:103:5)
[nodalmerge] [sdk] direct upload failed; falling back to ws Error: upload-denied: use-ws
    at directUpload (file:///C:/Users/bgstr/source/repos/nodalmerge/clients/web/sdk.js:329:13)
    at process.processTicksAndRejections (node:internal/process/task_queues:103:5)
[nodalmerge] [sdk] direct upload failed; falling back to ws Error: upload-denied: use-ws
    at directUpload (file:///C:/Users/bgstr/source/repos/nodalmerge/clients/web/sdk.js:329:13)
    at process.processTicksAndRejections (node:internal/process/task_queues:103:5)
[nodalmerge] [sdk] direct upload failed; falling back to ws Error: upload-denied: use-ws
    at directUpload (file:///C:/Users/bgstr/source/repos/nodalmerge/clients/web/sdk.js:329:13)
    at process.processTicksAndRejections (node:internal/process/task_queues:103:5)
[nodalmerge] [sdk] direct upload failed; falling back to ws Error: upload-denied: use-ws
    at directUpload (file:///C:/Users/bgstr/source/repos/nodalmerge/clients/web/sdk.js:329:13)
    at process.processTicksAndRejections (node:internal/process/task_queues:103:5)
[nodalmerge] [sdk] direct upload failed; falling back to ws Error: upload-denied: use-ws
    at directUpload (file:///C:/Users/bgstr/source/repos/nodalmerge/clients/web/sdk.js:329:13)
    at process.processTicksAndRejections (node:internal/process/task_queues:103:5)
[nodalmerge] [sdk] direct upload failed; falling back to ws Error: upload-denied: use-ws
    at directUpload (file:///C:/Users/bgstr/source/repos/nodalmerge/clients/web/sdk.js:329:13)
    at process.processTicksAndRejections (node:internal/process/task_queues:103:5)
[nodalmerge] [sdk] direct upload failed; falling back to ws Error: upload-denied: use-ws
    at directUpload (file:///C:/Users/bgstr/source/repos/nodalmerge/clients/web/sdk.js:329:13)
    at process.processTicksAndRejections (node:internal/process/task_queues:103:5)
[nodalmerge] [sdk] direct upload failed; falling back to ws Error: upload-denied: use-ws
    at directUpload (file:///C:/Users/bgstr/source/repos/nodalmerge/clients/web/sdk.js:329:13)
    at process.processTicksAndRejections (node:internal/process/task_queues:103:5)
[nodalmerge] [sdk] direct upload failed; falling back to ws Error: upload-denied: use-ws
    at directUpload (file:///C:/Users/bgstr/source/repos/nodalmerge/clients/web/sdk.js:329:13)
    at process.processTicksAndRejections (node:internal/process/task_queues:103:5)
[nodalmerge] [sdk] direct upload failed; falling back to ws Error: upload-denied: use-ws
    at directUpload (file:///C:/Users/bgstr/source/repos/nodalmerge/clients/web/sdk.js:329:13)
    at process.processTicksAndRejections (node:internal/process/task_queues:103:5)
[nodalmerge] [sdk] direct upload failed; falling back to ws Error: upload-denied: use-ws
    at directUpload (file:///C:/Users/bgstr/source/repos/nodalmerge/clients/web/sdk.js:329:13)
    at process.processTicksAndRejections (node:internal/process/task_queues:103:5)
[nodalmerge] [sdk] direct upload failed; falling back to ws Error: upload-denied: use-ws
    at directUpload (file:///C:/Users/bgstr/source/repos/nodalmerge/clients/web/sdk.js:329:13)
    at process.processTicksAndRejections (node:internal/process/task_queues:103:5)
[nodalmerge] [sdk] direct upload failed; falling back to ws Error: upload-denied: use-ws
    at directUpload (file:///C:/Users/bgstr/source/repos/nodalmerge/clients/web/sdk.js:329:13)
    at process.processTicksAndRejections (node:internal/process/task_queues:103:5)
[nodalmerge] [sdk] direct upload failed; falling back to ws Error: upload-denied: use-ws
    at directUpload (file:///C:/Users/bgstr/source/repos/nodalmerge/clients/web/sdk.js:329:13)
    at process.processTicksAndRejections (node:internal/process/task_queues:103:5)
[nodalmerge] [sdk] direct upload failed; falling back to ws Error: upload-denied: use-ws
    at directUpload (file:///C:/Users/bgstr/source/repos/nodalmerge/clients/web/sdk.js:329:13)
    at process.processTicksAndRejections (node:internal/process/task_queues:103:5)
[nodalmerge] [sdk] direct upload failed; falling back to ws Error: upload-denied: use-ws
    at directUpload (file:///C:/Users/bgstr/source/repos/nodalmerge/clients/web/sdk.js:329:13)
    at process.processTicksAndRejections (node:internal/process/task_queues:103:5)
[nodalmerge] [sdk] direct upload failed; falling back to ws Error: upload-denied: use-ws
    at directUpload (file:///C:/Users/bgstr/source/repos/nodalmerge/clients/web/sdk.js:329:13)
    at process.processTicksAndRejections (node:internal/process/task_queues:103:5)
[nodalmerge] [sdk] direct upload failed; falling back to ws Error: upload-denied: use-ws
    at directUpload (file:///C:/Users/bgstr/source/repos/nodalmerge/clients/web/sdk.js:329:13)
    at process.processTicksAndRejections (node:internal/process/task_queues:103:5)
[nodalmerge] [sdk] direct upload failed; falling back to ws Error: upload-denied: use-ws
    at directUpload (file:///C:/Users/bgstr/source/repos/nodalmerge/clients/web/sdk.js:329:13)
    at process.processTicksAndRejections (node:internal/process/task_queues:103:5)
[nodalmerge] [sdk] direct upload failed; falling back to ws Error: upload-denied: use-ws
    at directUpload (file:///C:/Users/bgstr/source/repos/nodalmerge/clients/web/sdk.js:329:13)
    at process.processTicksAndRejections (node:internal/process/task_queues:103:5)
[nodalmerge] [sdk] direct upload failed; falling back to ws Error: upload-denied: use-ws
    at directUpload (file:///C:/Users/bgstr/source/repos/nodalmerge/clients/web/sdk.js:329:13)
    at process.processTicksAndRejections (node:internal/process/task_queues:103:5)
[nodalmerge] [sdk] direct upload failed; falling back to ws Error: upload-denied: use-ws
    at directUpload (file:///C:/Users/bgstr/source/repos/nodalmerge/clients/web/sdk.js:329:13)
    at process.processTicksAndRejections (node:internal/process/task_queues:103:5)
[nodalmerge] [sdk] direct upload failed; falling back to ws Error: upload-denied: use-ws
    at directUpload (file:///C:/Users/bgstr/source/repos/nodalmerge/clients/web/sdk.js:329:13)
    at process.processTicksAndRejections (node:internal/process/task_queues:103:5)
[nodalmerge] [sdk] direct upload failed; falling back to ws Error: upload-denied: use-ws
    at directUpload (file:///C:/Users/bgstr/source/repos/nodalmerge/clients/web/sdk.js:329:13)
    at process.processTicksAndRejections (node:internal/process/task_queues:103:5)
[nodalmerge] [sdk] direct upload failed; falling back to ws Error: upload-denied: use-ws
    at directUpload (file:///C:/Users/bgstr/source/repos/nodalmerge/clients/web/sdk.js:329:13)
    at process.processTicksAndRejections (node:internal/process/task_queues:103:5)
[nodalmerge] [sdk] direct upload failed; falling back to ws Error: upload-denied: use-ws
    at directUpload (file:///C:/Users/bgstr/source/repos/nodalmerge/clients/web/sdk.js:329:13)
    at process.processTicksAndRejections (node:internal/process/task_queues:103:5)
[nodalmerge] [sdk] direct upload failed; falling back to ws Error: upload-denied: use-ws
    at directUpload (file:///C:/Users/bgstr/source/repos/nodalmerge/clients/web/sdk.js:329:13)
    at process.processTicksAndRejections (node:internal/process/task_queues:103:5)
[nodalmerge] [sdk] direct upload failed; falling back to ws Error: upload-denied: use-ws
    at directUpload (file:///C:/Users/bgstr/source/repos/nodalmerge/clients/web/sdk.js:329:13)
    at process.processTicksAndRejections (node:internal/process/task_queues:103:5)
  peers=6 iter=9 warmup=46.659ms map=322.72ms list=430.356ms blob=380.405ms
[nodalmerge] [sdk] direct upload failed; falling back to ws Error: upload-denied: use-ws
    at directUpload (file:///C:/Users/bgstr/source/repos/nodalmerge/clients/web/sdk.js:329:13)
    at process.processTicksAndRejections (node:internal/process/task_queues:103:5)
[nodalmerge] [sdk] direct upload failed; falling back to ws Error: upload-denied: use-ws
    at directUpload (file:///C:/Users/bgstr/source/repos/nodalmerge/clients/web/sdk.js:329:13)
    at process.processTicksAndRejections (node:internal/process/task_queues:103:5)
[nodalmerge] [sdk] direct upload failed; falling back to ws Error: upload-denied: use-ws
    at directUpload (file:///C:/Users/bgstr/source/repos/nodalmerge/clients/web/sdk.js:329:13)
    at process.processTicksAndRejections (node:internal/process/task_queues:103:5)
[nodalmerge] [sdk] direct upload failed; falling back to ws Error: upload-denied: use-ws
    at directUpload (file:///C:/Users/bgstr/source/repos/nodalmerge/clients/web/sdk.js:329:13)
    at process.processTicksAndRejections (node:internal/process/task_queues:103:5)
[nodalmerge] [sdk] direct upload failed; falling back to ws Error: upload-denied: use-ws
    at directUpload (file:///C:/Users/bgstr/source/repos/nodalmerge/clients/web/sdk.js:329:13)
    at process.processTicksAndRejections (node:internal/process/task_queues:103:5)
[nodalmerge] [sdk] direct upload failed; falling back to ws Error: upload-denied: use-ws
    at directUpload (file:///C:/Users/bgstr/source/repos/nodalmerge/clients/web/sdk.js:329:13)
    at process.processTicksAndRejections (node:internal/process/task_queues:103:5)
[nodalmerge] [sdk] direct upload failed; falling back to ws Error: upload-denied: use-ws
    at directUpload (file:///C:/Users/bgstr/source/repos/nodalmerge/clients/web/sdk.js:329:13)
    at process.processTicksAndRejections (node:internal/process/task_queues:103:5)
[nodalmerge] [sdk] direct upload failed; falling back to ws Error: upload-denied: use-ws
    at directUpload (file:///C:/Users/bgstr/source/repos/nodalmerge/clients/web/sdk.js:329:13)
    at process.processTicksAndRejections (node:internal/process/task_queues:103:5)
[nodalmerge] [sdk] direct upload failed; falling back to ws Error: upload-denied: use-ws
    at directUpload (file:///C:/Users/bgstr/source/repos/nodalmerge/clients/web/sdk.js:329:13)
    at process.processTicksAndRejections (node:internal/process/task_queues:103:5)
[nodalmerge] [sdk] direct upload failed; falling back to ws Error: upload-denied: use-ws
    at directUpload (file:///C:/Users/bgstr/source/repos/nodalmerge/clients/web/sdk.js:329:13)
    at process.processTicksAndRejections (node:internal/process/task_queues:103:5)
[nodalmerge] [sdk] direct upload failed; falling back to ws Error: upload-denied: use-ws
    at directUpload (file:///C:/Users/bgstr/source/repos/nodalmerge/clients/web/sdk.js:329:13)
    at process.processTicksAndRejections (node:internal/process/task_queues:103:5)
[nodalmerge] [sdk] direct upload failed; falling back to ws Error: upload-denied: use-ws
    at directUpload (file:///C:/Users/bgstr/source/repos/nodalmerge/clients/web/sdk.js:329:13)
    at process.processTicksAndRejections (node:internal/process/task_queues:103:5)
[nodalmerge] [sdk] direct upload failed; falling back to ws Error: upload-denied: use-ws
    at directUpload (file:///C:/Users/bgstr/source/repos/nodalmerge/clients/web/sdk.js:329:13)
    at process.processTicksAndRejections (node:internal/process/task_queues:103:5)
[nodalmerge] [sdk] direct upload failed; falling back to ws Error: upload-denied: use-ws
    at directUpload (file:///C:/Users/bgstr/source/repos/nodalmerge/clients/web/sdk.js:329:13)
    at process.processTicksAndRejections (node:internal/process/task_queues:103:5)
[nodalmerge] [sdk] direct upload failed; falling back to ws Error: upload-denied: use-ws
    at directUpload (file:///C:/Users/bgstr/source/repos/nodalmerge/clients/web/sdk.js:329:13)
    at process.processTicksAndRejections (node:internal/process/task_queues:103:5)
[nodalmerge] [sdk] direct upload failed; falling back to ws Error: upload-denied: use-ws
    at directUpload (file:///C:/Users/bgstr/source/repos/nodalmerge/clients/web/sdk.js:329:13)
    at process.processTicksAndRejections (node:internal/process/task_queues:103:5)
[nodalmerge] [sdk] direct upload failed; falling back to ws Error: upload-denied: use-ws
    at directUpload (file:///C:/Users/bgstr/source/repos/nodalmerge/clients/web/sdk.js:329:13)
    at process.processTicksAndRejections (node:internal/process/task_queues:103:5)
[nodalmerge] [sdk] direct upload failed; falling back to ws Error: upload-denied: use-ws
    at directUpload (file:///C:/Users/bgstr/source/repos/nodalmerge/clients/web/sdk.js:329:13)
    at process.processTicksAndRejections (node:internal/process/task_queues:103:5)
[nodalmerge] [sdk] direct upload failed; falling back to ws Error: upload-denied: use-ws
    at directUpload (file:///C:/Users/bgstr/source/repos/nodalmerge/clients/web/sdk.js:329:13)
    at process.processTicksAndRejections (node:internal/process/task_queues:103:5)
[nodalmerge] [sdk] direct upload failed; falling back to ws Error: upload-denied: use-ws
    at directUpload (file:///C:/Users/bgstr/source/repos/nodalmerge/clients/web/sdk.js:329:13)
    at process.processTicksAndRejections (node:internal/process/task_queues:103:5)
[nodalmerge] [sdk] direct upload failed; falling back to ws Error: upload-denied: use-ws
    at directUpload (file:///C:/Users/bgstr/source/repos/nodalmerge/clients/web/sdk.js:329:13)
    at process.processTicksAndRejections (node:internal/process/task_queues:103:5)
[nodalmerge] [sdk] direct upload failed; falling back to ws Error: upload-denied: use-ws
    at directUpload (file:///C:/Users/bgstr/source/repos/nodalmerge/clients/web/sdk.js:329:13)
    at process.processTicksAndRejections (node:internal/process/task_queues:103:5)
[nodalmerge] [sdk] direct upload failed; falling back to ws Error: upload-denied: use-ws
    at directUpload (file:///C:/Users/bgstr/source/repos/nodalmerge/clients/web/sdk.js:329:13)
    at process.processTicksAndRejections (node:internal/process/task_queues:103:5)
[nodalmerge] [sdk] direct upload failed; falling back to ws Error: upload-denied: use-ws
    at directUpload (file:///C:/Users/bgstr/source/repos/nodalmerge/clients/web/sdk.js:329:13)
    at process.processTicksAndRejections (node:internal/process/task_queues:103:5)
[nodalmerge] [sdk] direct upload failed; falling back to ws Error: upload-denied: use-ws
    at directUpload (file:///C:/Users/bgstr/source/repos/nodalmerge/clients/web/sdk.js:329:13)
    at process.processTicksAndRejections (node:internal/process/task_queues:103:5)
[nodalmerge] [sdk] direct upload failed; falling back to ws Error: upload-denied: use-ws
    at directUpload (file:///C:/Users/bgstr/source/repos/nodalmerge/clients/web/sdk.js:329:13)
    at process.processTicksAndRejections (node:internal/process/task_queues:103:5)
[nodalmerge] [sdk] direct upload failed; falling back to ws Error: upload-denied: use-ws
    at directUpload (file:///C:/Users/bgstr/source/repos/nodalmerge/clients/web/sdk.js:329:13)
    at process.processTicksAndRejections (node:internal/process/task_queues:103:5)
[nodalmerge] [sdk] direct upload failed; falling back to ws Error: upload-denied: use-ws
    at directUpload (file:///C:/Users/bgstr/source/repos/nodalmerge/clients/web/sdk.js:329:13)
    at process.processTicksAndRejections (node:internal/process/task_queues:103:5)
[nodalmerge] [sdk] direct upload failed; falling back to ws Error: upload-denied: use-ws
    at directUpload (file:///C:/Users/bgstr/source/repos/nodalmerge/clients/web/sdk.js:329:13)
    at process.processTicksAndRejections (node:internal/process/task_queues:103:5)
[nodalmerge] [sdk] direct upload failed; falling back to ws Error: upload-denied: use-ws
    at directUpload (file:///C:/Users/bgstr/source/repos/nodalmerge/clients/web/sdk.js:329:13)
    at process.processTicksAndRejections (node:internal/process/task_queues:103:5)
  peers=6 iter=10 warmup=46.399ms map=337.393ms list=472.351ms blob=396.748ms
[nodalmerge] [sdk] direct upload failed; falling back to ws Error: upload-denied: use-ws
    at directUpload (file:///C:/Users/bgstr/source/repos/nodalmerge/clients/web/sdk.js:329:13)
    at process.processTicksAndRejections (node:internal/process/task_queues:103:5)
[nodalmerge] [sdk] direct upload failed; falling back to ws Error: upload-denied: use-ws
    at directUpload (file:///C:/Users/bgstr/source/repos/nodalmerge/clients/web/sdk.js:329:13)
    at process.processTicksAndRejections (node:internal/process/task_queues:103:5)
[nodalmerge] [sdk] direct upload failed; falling back to ws Error: upload-denied: use-ws
    at directUpload (file:///C:/Users/bgstr/source/repos/nodalmerge/clients/web/sdk.js:329:13)
    at process.processTicksAndRejections (node:internal/process/task_queues:103:5)
[nodalmerge] [sdk] direct upload failed; falling back to ws Error: upload-denied: use-ws
    at directUpload (file:///C:/Users/bgstr/source/repos/nodalmerge/clients/web/sdk.js:329:13)
    at process.processTicksAndRejections (node:internal/process/task_queues:103:5)
[nodalmerge] [sdk] direct upload failed; falling back to ws Error: upload-denied: use-ws
    at directUpload (file:///C:/Users/bgstr/source/repos/nodalmerge/clients/web/sdk.js:329:13)
    at process.processTicksAndRejections (node:internal/process/task_queues:103:5)
[nodalmerge] [sdk] direct upload failed; falling back to ws Error: upload-denied: use-ws
    at directUpload (file:///C:/Users/bgstr/source/repos/nodalmerge/clients/web/sdk.js:329:13)
    at process.processTicksAndRejections (node:internal/process/task_queues:103:5)
[nodalmerge] [sdk] direct upload failed; falling back to ws Error: upload-denied: use-ws
    at directUpload (file:///C:/Users/bgstr/source/repos/nodalmerge/clients/web/sdk.js:329:13)
    at process.processTicksAndRejections (node:internal/process/task_queues:103:5)
[nodalmerge] [sdk] direct upload failed; falling back to ws Error: upload-denied: use-ws
    at directUpload (file:///C:/Users/bgstr/source/repos/nodalmerge/clients/web/sdk.js:329:13)
    at process.processTicksAndRejections (node:internal/process/task_queues:103:5)
[nodalmerge] [sdk] direct upload failed; falling back to ws Error: upload-denied: use-ws
    at directUpload (file:///C:/Users/bgstr/source/repos/nodalmerge/clients/web/sdk.js:329:13)
    at process.processTicksAndRejections (node:internal/process/task_queues:103:5)
[nodalmerge] [sdk] direct upload failed; falling back to ws Error: upload-denied: use-ws
    at directUpload (file:///C:/Users/bgstr/source/repos/nodalmerge/clients/web/sdk.js:329:13)
    at process.processTicksAndRejections (node:internal/process/task_queues:103:5)
[nodalmerge] [sdk] direct upload failed; falling back to ws Error: upload-denied: use-ws
    at directUpload (file:///C:/Users/bgstr/source/repos/nodalmerge/clients/web/sdk.js:329:13)
    at process.processTicksAndRejections (node:internal/process/task_queues:103:5)
[nodalmerge] [sdk] direct upload failed; falling back to ws Error: upload-denied: use-ws
    at directUpload (file:///C:/Users/bgstr/source/repos/nodalmerge/clients/web/sdk.js:329:13)
    at process.processTicksAndRejections (node:internal/process/task_queues:103:5)
[nodalmerge] [sdk] direct upload failed; falling back to ws Error: upload-denied: use-ws
    at directUpload (file:///C:/Users/bgstr/source/repos/nodalmerge/clients/web/sdk.js:329:13)
    at process.processTicksAndRejections (node:internal/process/task_queues:103:5)
[nodalmerge] [sdk] direct upload failed; falling back to ws Error: upload-denied: use-ws
    at directUpload (file:///C:/Users/bgstr/source/repos/nodalmerge/clients/web/sdk.js:329:13)
    at process.processTicksAndRejections (node:internal/process/task_queues:103:5)
[nodalmerge] [sdk] direct upload failed; falling back to ws Error: upload-denied: use-ws
    at directUpload (file:///C:/Users/bgstr/source/repos/nodalmerge/clients/web/sdk.js:329:13)
    at process.processTicksAndRejections (node:internal/process/task_queues:103:5)
[nodalmerge] [sdk] direct upload failed; falling back to ws Error: upload-denied: use-ws
    at directUpload (file:///C:/Users/bgstr/source/repos/nodalmerge/clients/web/sdk.js:329:13)
    at process.processTicksAndRejections (node:internal/process/task_queues:103:5)
[nodalmerge] [sdk] direct upload failed; falling back to ws Error: upload-denied: use-ws
    at directUpload (file:///C:/Users/bgstr/source/repos/nodalmerge/clients/web/sdk.js:329:13)
    at process.processTicksAndRejections (node:internal/process/task_queues:103:5)
[nodalmerge] [sdk] direct upload failed; falling back to ws Error: upload-denied: use-ws
    at directUpload (file:///C:/Users/bgstr/source/repos/nodalmerge/clients/web/sdk.js:329:13)
    at process.processTicksAndRejections (node:internal/process/task_queues:103:5)
[nodalmerge] [sdk] direct upload failed; falling back to ws Error: upload-denied: use-ws
    at directUpload (file:///C:/Users/bgstr/source/repos/nodalmerge/clients/web/sdk.js:329:13)
    at process.processTicksAndRejections (node:internal/process/task_queues:103:5)
[nodalmerge] [sdk] direct upload failed; falling back to ws Error: upload-denied: use-ws
    at directUpload (file:///C:/Users/bgstr/source/repos/nodalmerge/clients/web/sdk.js:329:13)
    at process.processTicksAndRejections (node:internal/process/task_queues:103:5)
[nodalmerge] [sdk] direct upload failed; falling back to ws Error: upload-denied: use-ws
    at directUpload (file:///C:/Users/bgstr/source/repos/nodalmerge/clients/web/sdk.js:329:13)
    at process.processTicksAndRejections (node:internal/process/task_queues:103:5)
[nodalmerge] [sdk] direct upload failed; falling back to ws Error: upload-denied: use-ws
    at directUpload (file:///C:/Users/bgstr/source/repos/nodalmerge/clients/web/sdk.js:329:13)
    at process.processTicksAndRejections (node:internal/process/task_queues:103:5)
[nodalmerge] [sdk] direct upload failed; falling back to ws Error: upload-denied: use-ws
    at directUpload (file:///C:/Users/bgstr/source/repos/nodalmerge/clients/web/sdk.js:329:13)
    at process.processTicksAndRejections (node:internal/process/task_queues:103:5)
[nodalmerge] [sdk] direct upload failed; falling back to ws Error: upload-denied: use-ws
    at directUpload (file:///C:/Users/bgstr/source/repos/nodalmerge/clients/web/sdk.js:329:13)
    at process.processTicksAndRejections (node:internal/process/task_queues:103:5)
[nodalmerge] [sdk] direct upload failed; falling back to ws Error: upload-denied: use-ws
    at directUpload (file:///C:/Users/bgstr/source/repos/nodalmerge/clients/web/sdk.js:329:13)
    at process.processTicksAndRejections (node:internal/process/task_queues:103:5)
[nodalmerge] [sdk] direct upload failed; falling back to ws Error: upload-denied: use-ws
    at directUpload (file:///C:/Users/bgstr/source/repos/nodalmerge/clients/web/sdk.js:329:13)
    at process.processTicksAndRejections (node:internal/process/task_queues:103:5)
[nodalmerge] [sdk] direct upload failed; falling back to ws Error: upload-denied: use-ws
    at directUpload (file:///C:/Users/bgstr/source/repos/nodalmerge/clients/web/sdk.js:329:13)
    at process.processTicksAndRejections (node:internal/process/task_queues:103:5)
[nodalmerge] [sdk] direct upload failed; falling back to ws Error: upload-denied: use-ws
    at directUpload (file:///C:/Users/bgstr/source/repos/nodalmerge/clients/web/sdk.js:329:13)
    at process.processTicksAndRejections (node:internal/process/task_queues:103:5)
[nodalmerge] [sdk] direct upload failed; falling back to ws Error: upload-denied: use-ws
    at directUpload (file:///C:/Users/bgstr/source/repos/nodalmerge/clients/web/sdk.js:329:13)
    at process.processTicksAndRejections (node:internal/process/task_queues:103:5)
[nodalmerge] [sdk] direct upload failed; falling back to ws Error: upload-denied: use-ws
    at directUpload (file:///C:/Users/bgstr/source/repos/nodalmerge/clients/web/sdk.js:329:13)
    at process.processTicksAndRejections (node:internal/process/task_queues:103:5)
  peers=6 iter=11 warmup=46.227ms map=339.871ms list=457.105ms blob=357.696ms
[nodalmerge] [sdk] direct upload failed; falling back to ws Error: upload-denied: use-ws
    at directUpload (file:///C:/Users/bgstr/source/repos/nodalmerge/clients/web/sdk.js:329:13)
    at process.processTicksAndRejections (node:internal/process/task_queues:103:5)
[nodalmerge] [sdk] direct upload failed; falling back to ws Error: upload-denied: use-ws
    at directUpload (file:///C:/Users/bgstr/source/repos/nodalmerge/clients/web/sdk.js:329:13)
    at process.processTicksAndRejections (node:internal/process/task_queues:103:5)
[nodalmerge] [sdk] direct upload failed; falling back to ws Error: upload-denied: use-ws
    at directUpload (file:///C:/Users/bgstr/source/repos/nodalmerge/clients/web/sdk.js:329:13)
    at process.processTicksAndRejections (node:internal/process/task_queues:103:5)
[nodalmerge] [sdk] direct upload failed; falling back to ws Error: upload-denied: use-ws
    at directUpload (file:///C:/Users/bgstr/source/repos/nodalmerge/clients/web/sdk.js:329:13)
    at process.processTicksAndRejections (node:internal/process/task_queues:103:5)
[nodalmerge] [sdk] direct upload failed; falling back to ws Error: upload-denied: use-ws
    at directUpload (file:///C:/Users/bgstr/source/repos/nodalmerge/clients/web/sdk.js:329:13)
    at process.processTicksAndRejections (node:internal/process/task_queues:103:5)
[nodalmerge] [sdk] direct upload failed; falling back to ws Error: upload-denied: use-ws
    at directUpload (file:///C:/Users/bgstr/source/repos/nodalmerge/clients/web/sdk.js:329:13)
    at process.processTicksAndRejections (node:internal/process/task_queues:103:5)
[nodalmerge] [sdk] direct upload failed; falling back to ws Error: upload-denied: use-ws
    at directUpload (file:///C:/Users/bgstr/source/repos/nodalmerge/clients/web/sdk.js:329:13)
    at process.processTicksAndRejections (node:internal/process/task_queues:103:5)
[nodalmerge] [sdk] direct upload failed; falling back to ws Error: upload-denied: use-ws
    at directUpload (file:///C:/Users/bgstr/source/repos/nodalmerge/clients/web/sdk.js:329:13)
    at process.processTicksAndRejections (node:internal/process/task_queues:103:5)
[nodalmerge] [sdk] direct upload failed; falling back to ws Error: upload-denied: use-ws
    at directUpload (file:///C:/Users/bgstr/source/repos/nodalmerge/clients/web/sdk.js:329:13)
    at process.processTicksAndRejections (node:internal/process/task_queues:103:5)
[nodalmerge] [sdk] direct upload failed; falling back to ws Error: upload-denied: use-ws
    at directUpload (file:///C:/Users/bgstr/source/repos/nodalmerge/clients/web/sdk.js:329:13)
    at process.processTicksAndRejections (node:internal/process/task_queues:103:5)
[nodalmerge] [sdk] direct upload failed; falling back to ws Error: upload-denied: use-ws
    at directUpload (file:///C:/Users/bgstr/source/repos/nodalmerge/clients/web/sdk.js:329:13)
    at process.processTicksAndRejections (node:internal/process/task_queues:103:5)
[nodalmerge] [sdk] direct upload failed; falling back to ws Error: upload-denied: use-ws
    at directUpload (file:///C:/Users/bgstr/source/repos/nodalmerge/clients/web/sdk.js:329:13)
    at process.processTicksAndRejections (node:internal/process/task_queues:103:5)
[nodalmerge] [sdk] direct upload failed; falling back to ws Error: upload-denied: use-ws
    at directUpload (file:///C:/Users/bgstr/source/repos/nodalmerge/clients/web/sdk.js:329:13)
    at process.processTicksAndRejections (node:internal/process/task_queues:103:5)
[nodalmerge] [sdk] direct upload failed; falling back to ws Error: upload-denied: use-ws
    at directUpload (file:///C:/Users/bgstr/source/repos/nodalmerge/clients/web/sdk.js:329:13)
    at process.processTicksAndRejections (node:internal/process/task_queues:103:5)
[nodalmerge] [sdk] direct upload failed; falling back to ws Error: upload-denied: use-ws
    at directUpload (file:///C:/Users/bgstr/source/repos/nodalmerge/clients/web/sdk.js:329:13)
    at process.processTicksAndRejections (node:internal/process/task_queues:103:5)
[nodalmerge] [sdk] direct upload failed; falling back to ws Error: upload-denied: use-ws
    at directUpload (file:///C:/Users/bgstr/source/repos/nodalmerge/clients/web/sdk.js:329:13)
    at process.processTicksAndRejections (node:internal/process/task_queues:103:5)
[nodalmerge] [sdk] direct upload failed; falling back to ws Error: upload-denied: use-ws
    at directUpload (file:///C:/Users/bgstr/source/repos/nodalmerge/clients/web/sdk.js:329:13)
    at process.processTicksAndRejections (node:internal/process/task_queues:103:5)
[nodalmerge] [sdk] direct upload failed; falling back to ws Error: upload-denied: use-ws
    at directUpload (file:///C:/Users/bgstr/source/repos/nodalmerge/clients/web/sdk.js:329:13)
    at process.processTicksAndRejections (node:internal/process/task_queues:103:5)
[nodalmerge] [sdk] direct upload failed; falling back to ws Error: upload-denied: use-ws
    at directUpload (file:///C:/Users/bgstr/source/repos/nodalmerge/clients/web/sdk.js:329:13)
    at process.processTicksAndRejections (node:internal/process/task_queues:103:5)
[nodalmerge] [sdk] direct upload failed; falling back to ws Error: upload-denied: use-ws
    at directUpload (file:///C:/Users/bgstr/source/repos/nodalmerge/clients/web/sdk.js:329:13)
    at process.processTicksAndRejections (node:internal/process/task_queues:103:5)
[nodalmerge] [sdk] direct upload failed; falling back to ws Error: upload-denied: use-ws
    at directUpload (file:///C:/Users/bgstr/source/repos/nodalmerge/clients/web/sdk.js:329:13)
    at process.processTicksAndRejections (node:internal/process/task_queues:103:5)
[nodalmerge] [sdk] direct upload failed; falling back to ws Error: upload-denied: use-ws
    at directUpload (file:///C:/Users/bgstr/source/repos/nodalmerge/clients/web/sdk.js:329:13)
    at process.processTicksAndRejections (node:internal/process/task_queues:103:5)
[nodalmerge] [sdk] direct upload failed; falling back to ws Error: upload-denied: use-ws
    at directUpload (file:///C:/Users/bgstr/source/repos/nodalmerge/clients/web/sdk.js:329:13)
    at process.processTicksAndRejections (node:internal/process/task_queues:103:5)
[nodalmerge] [sdk] direct upload failed; falling back to ws Error: upload-denied: use-ws
    at directUpload (file:///C:/Users/bgstr/source/repos/nodalmerge/clients/web/sdk.js:329:13)
    at process.processTicksAndRejections (node:internal/process/task_queues:103:5)
[nodalmerge] [sdk] direct upload failed; falling back to ws Error: upload-denied: use-ws
    at directUpload (file:///C:/Users/bgstr/source/repos/nodalmerge/clients/web/sdk.js:329:13)
    at process.processTicksAndRejections (node:internal/process/task_queues:103:5)
[nodalmerge] [sdk] direct upload failed; falling back to ws Error: upload-denied: use-ws
    at directUpload (file:///C:/Users/bgstr/source/repos/nodalmerge/clients/web/sdk.js:329:13)
    at process.processTicksAndRejections (node:internal/process/task_queues:103:5)
[nodalmerge] [sdk] direct upload failed; falling back to ws Error: upload-denied: use-ws
    at directUpload (file:///C:/Users/bgstr/source/repos/nodalmerge/clients/web/sdk.js:329:13)
    at process.processTicksAndRejections (node:internal/process/task_queues:103:5)
[nodalmerge] [sdk] direct upload failed; falling back to ws Error: upload-denied: use-ws
    at directUpload (file:///C:/Users/bgstr/source/repos/nodalmerge/clients/web/sdk.js:329:13)
    at process.processTicksAndRejections (node:internal/process/task_queues:103:5)
[nodalmerge] [sdk] direct upload failed; falling back to ws Error: upload-denied: use-ws
    at directUpload (file:///C:/Users/bgstr/source/repos/nodalmerge/clients/web/sdk.js:329:13)
    at process.processTicksAndRejections (node:internal/process/task_queues:103:5)
[nodalmerge] [sdk] direct upload failed; falling back to ws Error: upload-denied: use-ws
    at directUpload (file:///C:/Users/bgstr/source/repos/nodalmerge/clients/web/sdk.js:329:13)
    at process.processTicksAndRejections (node:internal/process/task_queues:103:5)
  peers=6 iter=12 warmup=45.484ms map=367.924ms list=474.922ms blob=350.181ms
[nodalmerge] [sdk] direct upload failed; falling back to ws Error: upload-denied: use-ws
    at directUpload (file:///C:/Users/bgstr/source/repos/nodalmerge/clients/web/sdk.js:329:13)
    at process.processTicksAndRejections (node:internal/process/task_queues:103:5)
[nodalmerge] [sdk] direct upload failed; falling back to ws Error: upload-denied: use-ws
    at directUpload (file:///C:/Users/bgstr/source/repos/nodalmerge/clients/web/sdk.js:329:13)
    at process.processTicksAndRejections (node:internal/process/task_queues:103:5)
[nodalmerge] [sdk] direct upload failed; falling back to ws Error: upload-denied: use-ws
    at directUpload (file:///C:/Users/bgstr/source/repos/nodalmerge/clients/web/sdk.js:329:13)
    at process.processTicksAndRejections (node:internal/process/task_queues:103:5)
[nodalmerge] [sdk] direct upload failed; falling back to ws Error: upload-denied: use-ws
    at directUpload (file:///C:/Users/bgstr/source/repos/nodalmerge/clients/web/sdk.js:329:13)
    at process.processTicksAndRejections (node:internal/process/task_queues:103:5)
[nodalmerge] [sdk] direct upload failed; falling back to ws Error: upload-denied: use-ws
    at directUpload (file:///C:/Users/bgstr/source/repos/nodalmerge/clients/web/sdk.js:329:13)
    at process.processTicksAndRejections (node:internal/process/task_queues:103:5)
[nodalmerge] [sdk] direct upload failed; falling back to ws Error: upload-denied: use-ws
    at directUpload (file:///C:/Users/bgstr/source/repos/nodalmerge/clients/web/sdk.js:329:13)
    at process.processTicksAndRejections (node:internal/process/task_queues:103:5)
[nodalmerge] [sdk] direct upload failed; falling back to ws Error: upload-denied: use-ws
    at directUpload (file:///C:/Users/bgstr/source/repos/nodalmerge/clients/web/sdk.js:329:13)
    at process.processTicksAndRejections (node:internal/process/task_queues:103:5)
[nodalmerge] [sdk] direct upload failed; falling back to ws Error: upload-denied: use-ws
    at directUpload (file:///C:/Users/bgstr/source/repos/nodalmerge/clients/web/sdk.js:329:13)
    at process.processTicksAndRejections (node:internal/process/task_queues:103:5)
[nodalmerge] [sdk] direct upload failed; falling back to ws Error: upload-denied: use-ws
    at directUpload (file:///C:/Users/bgstr/source/repos/nodalmerge/clients/web/sdk.js:329:13)
    at process.processTicksAndRejections (node:internal/process/task_queues:103:5)
[nodalmerge] [sdk] direct upload failed; falling back to ws Error: upload-denied: use-ws
    at directUpload (file:///C:/Users/bgstr/source/repos/nodalmerge/clients/web/sdk.js:329:13)
    at process.processTicksAndRejections (node:internal/process/task_queues:103:5)
[nodalmerge] [sdk] direct upload failed; falling back to ws Error: upload-denied: use-ws
    at directUpload (file:///C:/Users/bgstr/source/repos/nodalmerge/clients/web/sdk.js:329:13)
    at process.processTicksAndRejections (node:internal/process/task_queues:103:5)
[nodalmerge] [sdk] direct upload failed; falling back to ws Error: upload-denied: use-ws
    at directUpload (file:///C:/Users/bgstr/source/repos/nodalmerge/clients/web/sdk.js:329:13)
    at process.processTicksAndRejections (node:internal/process/task_queues:103:5)
[nodalmerge] [sdk] direct upload failed; falling back to ws Error: upload-denied: use-ws
    at directUpload (file:///C:/Users/bgstr/source/repos/nodalmerge/clients/web/sdk.js:329:13)
    at process.processTicksAndRejections (node:internal/process/task_queues:103:5)
[nodalmerge] [sdk] direct upload failed; falling back to ws Error: upload-denied: use-ws
    at directUpload (file:///C:/Users/bgstr/source/repos/nodalmerge/clients/web/sdk.js:329:13)
    at process.processTicksAndRejections (node:internal/process/task_queues:103:5)
[nodalmerge] [sdk] direct upload failed; falling back to ws Error: upload-denied: use-ws
    at directUpload (file:///C:/Users/bgstr/source/repos/nodalmerge/clients/web/sdk.js:329:13)
    at process.processTicksAndRejections (node:internal/process/task_queues:103:5)
[nodalmerge] [sdk] direct upload failed; falling back to ws Error: upload-denied: use-ws
    at directUpload (file:///C:/Users/bgstr/source/repos/nodalmerge/clients/web/sdk.js:329:13)
    at process.processTicksAndRejections (node:internal/process/task_queues:103:5)
[nodalmerge] [sdk] direct upload failed; falling back to ws Error: upload-denied: use-ws
    at directUpload (file:///C:/Users/bgstr/source/repos/nodalmerge/clients/web/sdk.js:329:13)
    at process.processTicksAndRejections (node:internal/process/task_queues:103:5)
[nodalmerge] [sdk] direct upload failed; falling back to ws Error: upload-denied: use-ws
    at directUpload (file:///C:/Users/bgstr/source/repos/nodalmerge/clients/web/sdk.js:329:13)
    at process.processTicksAndRejections (node:internal/process/task_queues:103:5)
[nodalmerge] [sdk] direct upload failed; falling back to ws Error: upload-denied: use-ws
    at directUpload (file:///C:/Users/bgstr/source/repos/nodalmerge/clients/web/sdk.js:329:13)
    at process.processTicksAndRejections (node:internal/process/task_queues:103:5)
[nodalmerge] [sdk] direct upload failed; falling back to ws Error: upload-denied: use-ws
    at directUpload (file:///C:/Users/bgstr/source/repos/nodalmerge/clients/web/sdk.js:329:13)
    at process.processTicksAndRejections (node:internal/process/task_queues:103:5)
[nodalmerge] [sdk] direct upload failed; falling back to ws Error: upload-denied: use-ws
    at directUpload (file:///C:/Users/bgstr/source/repos/nodalmerge/clients/web/sdk.js:329:13)
    at process.processTicksAndRejections (node:internal/process/task_queues:103:5)
[nodalmerge] [sdk] direct upload failed; falling back to ws Error: upload-denied: use-ws
    at directUpload (file:///C:/Users/bgstr/source/repos/nodalmerge/clients/web/sdk.js:329:13)
    at process.processTicksAndRejections (node:internal/process/task_queues:103:5)
[nodalmerge] [sdk] direct upload failed; falling back to ws Error: upload-denied: use-ws
    at directUpload (file:///C:/Users/bgstr/source/repos/nodalmerge/clients/web/sdk.js:329:13)
    at process.processTicksAndRejections (node:internal/process/task_queues:103:5)
[nodalmerge] [sdk] direct upload failed; falling back to ws Error: upload-denied: use-ws
    at directUpload (file:///C:/Users/bgstr/source/repos/nodalmerge/clients/web/sdk.js:329:13)
    at process.processTicksAndRejections (node:internal/process/task_queues:103:5)
[nodalmerge] [sdk] direct upload failed; falling back to ws Error: upload-denied: use-ws
    at directUpload (file:///C:/Users/bgstr/source/repos/nodalmerge/clients/web/sdk.js:329:13)
    at process.processTicksAndRejections (node:internal/process/task_queues:103:5)
[nodalmerge] [sdk] direct upload failed; falling back to ws Error: upload-denied: use-ws
    at directUpload (file:///C:/Users/bgstr/source/repos/nodalmerge/clients/web/sdk.js:329:13)
    at process.processTicksAndRejections (node:internal/process/task_queues:103:5)
[nodalmerge] [sdk] direct upload failed; falling back to ws Error: upload-denied: use-ws
    at directUpload (file:///C:/Users/bgstr/source/repos/nodalmerge/clients/web/sdk.js:329:13)
    at process.processTicksAndRejections (node:internal/process/task_queues:103:5)
[nodalmerge] [sdk] direct upload failed; falling back to ws Error: upload-denied: use-ws
    at directUpload (file:///C:/Users/bgstr/source/repos/nodalmerge/clients/web/sdk.js:329:13)
    at process.processTicksAndRejections (node:internal/process/task_queues:103:5)
[nodalmerge] [sdk] direct upload failed; falling back to ws Error: upload-denied: use-ws
    at directUpload (file:///C:/Users/bgstr/source/repos/nodalmerge/clients/web/sdk.js:329:13)
    at process.processTicksAndRejections (node:internal/process/task_queues:103:5)
[nodalmerge] [sdk] direct upload failed; falling back to ws Error: upload-denied: use-ws
    at directUpload (file:///C:/Users/bgstr/source/repos/nodalmerge/clients/web/sdk.js:329:13)
    at process.processTicksAndRejections (node:internal/process/task_queues:103:5)
  peers=6 iter=13 warmup=46.807ms map=337.049ms list=446.126ms blob=369.091ms
[nodalmerge] [sdk] direct upload failed; falling back to ws Error: upload-denied: use-ws
    at directUpload (file:///C:/Users/bgstr/source/repos/nodalmerge/clients/web/sdk.js:329:13)
    at process.processTicksAndRejections (node:internal/process/task_queues:103:5)
[nodalmerge] [sdk] direct upload failed; falling back to ws Error: upload-denied: use-ws
    at directUpload (file:///C:/Users/bgstr/source/repos/nodalmerge/clients/web/sdk.js:329:13)
    at process.processTicksAndRejections (node:internal/process/task_queues:103:5)
[nodalmerge] [sdk] direct upload failed; falling back to ws Error: upload-denied: use-ws
    at directUpload (file:///C:/Users/bgstr/source/repos/nodalmerge/clients/web/sdk.js:329:13)
    at process.processTicksAndRejections (node:internal/process/task_queues:103:5)
[nodalmerge] [sdk] direct upload failed; falling back to ws Error: upload-denied: use-ws
    at directUpload (file:///C:/Users/bgstr/source/repos/nodalmerge/clients/web/sdk.js:329:13)
    at process.processTicksAndRejections (node:internal/process/task_queues:103:5)
[nodalmerge] [sdk] direct upload failed; falling back to ws Error: upload-denied: use-ws
    at directUpload (file:///C:/Users/bgstr/source/repos/nodalmerge/clients/web/sdk.js:329:13)
    at process.processTicksAndRejections (node:internal/process/task_queues:103:5)
[nodalmerge] [sdk] direct upload failed; falling back to ws Error: upload-denied: use-ws
    at directUpload (file:///C:/Users/bgstr/source/repos/nodalmerge/clients/web/sdk.js:329:13)
    at process.processTicksAndRejections (node:internal/process/task_queues:103:5)
[nodalmerge] [sdk] direct upload failed; falling back to ws Error: upload-denied: use-ws
    at directUpload (file:///C:/Users/bgstr/source/repos/nodalmerge/clients/web/sdk.js:329:13)
    at process.processTicksAndRejections (node:internal/process/task_queues:103:5)
[nodalmerge] [sdk] direct upload failed; falling back to ws Error: upload-denied: use-ws
    at directUpload (file:///C:/Users/bgstr/source/repos/nodalmerge/clients/web/sdk.js:329:13)
    at process.processTicksAndRejections (node:internal/process/task_queues:103:5)
[nodalmerge] [sdk] direct upload failed; falling back to ws Error: upload-denied: use-ws
    at directUpload (file:///C:/Users/bgstr/source/repos/nodalmerge/clients/web/sdk.js:329:13)
    at process.processTicksAndRejections (node:internal/process/task_queues:103:5)
[nodalmerge] [sdk] direct upload failed; falling back to ws Error: upload-denied: use-ws
    at directUpload (file:///C:/Users/bgstr/source/repos/nodalmerge/clients/web/sdk.js:329:13)
    at process.processTicksAndRejections (node:internal/process/task_queues:103:5)
[nodalmerge] [sdk] direct upload failed; falling back to ws Error: upload-denied: use-ws
    at directUpload (file:///C:/Users/bgstr/source/repos/nodalmerge/clients/web/sdk.js:329:13)
    at process.processTicksAndRejections (node:internal/process/task_queues:103:5)
[nodalmerge] [sdk] direct upload failed; falling back to ws Error: upload-denied: use-ws
    at directUpload (file:///C:/Users/bgstr/source/repos/nodalmerge/clients/web/sdk.js:329:13)
    at process.processTicksAndRejections (node:internal/process/task_queues:103:5)
[nodalmerge] [sdk] direct upload failed; falling back to ws Error: upload-denied: use-ws
    at directUpload (file:///C:/Users/bgstr/source/repos/nodalmerge/clients/web/sdk.js:329:13)
    at process.processTicksAndRejections (node:internal/process/task_queues:103:5)
[nodalmerge] [sdk] direct upload failed; falling back to ws Error: upload-denied: use-ws
    at directUpload (file:///C:/Users/bgstr/source/repos/nodalmerge/clients/web/sdk.js:329:13)
    at process.processTicksAndRejections (node:internal/process/task_queues:103:5)
[nodalmerge] [sdk] direct upload failed; falling back to ws Error: upload-denied: use-ws
    at directUpload (file:///C:/Users/bgstr/source/repos/nodalmerge/clients/web/sdk.js:329:13)
    at process.processTicksAndRejections (node:internal/process/task_queues:103:5)
[nodalmerge] [sdk] direct upload failed; falling back to ws Error: upload-denied: use-ws
    at directUpload (file:///C:/Users/bgstr/source/repos/nodalmerge/clients/web/sdk.js:329:13)
    at process.processTicksAndRejections (node:internal/process/task_queues:103:5)
[nodalmerge] [sdk] direct upload failed; falling back to ws Error: upload-denied: use-ws
    at directUpload (file:///C:/Users/bgstr/source/repos/nodalmerge/clients/web/sdk.js:329:13)
    at process.processTicksAndRejections (node:internal/process/task_queues:103:5)
[nodalmerge] [sdk] direct upload failed; falling back to ws Error: upload-denied: use-ws
    at directUpload (file:///C:/Users/bgstr/source/repos/nodalmerge/clients/web/sdk.js:329:13)
    at process.processTicksAndRejections (node:internal/process/task_queues:103:5)
[nodalmerge] [sdk] direct upload failed; falling back to ws Error: upload-denied: use-ws
    at directUpload (file:///C:/Users/bgstr/source/repos/nodalmerge/clients/web/sdk.js:329:13)
    at process.processTicksAndRejections (node:internal/process/task_queues:103:5)
[nodalmerge] [sdk] direct upload failed; falling back to ws Error: upload-denied: use-ws
    at directUpload (file:///C:/Users/bgstr/source/repos/nodalmerge/clients/web/sdk.js:329:13)
    at process.processTicksAndRejections (node:internal/process/task_queues:103:5)
[nodalmerge] [sdk] direct upload failed; falling back to ws Error: upload-denied: use-ws
    at directUpload (file:///C:/Users/bgstr/source/repos/nodalmerge/clients/web/sdk.js:329:13)
    at process.processTicksAndRejections (node:internal/process/task_queues:103:5)
[nodalmerge] [sdk] direct upload failed; falling back to ws Error: upload-denied: use-ws
    at directUpload (file:///C:/Users/bgstr/source/repos/nodalmerge/clients/web/sdk.js:329:13)
    at process.processTicksAndRejections (node:internal/process/task_queues:103:5)
[nodalmerge] [sdk] direct upload failed; falling back to ws Error: upload-denied: use-ws
    at directUpload (file:///C:/Users/bgstr/source/repos/nodalmerge/clients/web/sdk.js:329:13)
    at process.processTicksAndRejections (node:internal/process/task_queues:103:5)
[nodalmerge] [sdk] direct upload failed; falling back to ws Error: upload-denied: use-ws
    at directUpload (file:///C:/Users/bgstr/source/repos/nodalmerge/clients/web/sdk.js:329:13)
    at process.processTicksAndRejections (node:internal/process/task_queues:103:5)
[nodalmerge] [sdk] direct upload failed; falling back to ws Error: upload-denied: use-ws
    at directUpload (file:///C:/Users/bgstr/source/repos/nodalmerge/clients/web/sdk.js:329:13)
    at process.processTicksAndRejections (node:internal/process/task_queues:103:5)
[nodalmerge] [sdk] direct upload failed; falling back to ws Error: upload-denied: use-ws
    at directUpload (file:///C:/Users/bgstr/source/repos/nodalmerge/clients/web/sdk.js:329:13)
    at process.processTicksAndRejections (node:internal/process/task_queues:103:5)
[nodalmerge] [sdk] direct upload failed; falling back to ws Error: upload-denied: use-ws
    at directUpload (file:///C:/Users/bgstr/source/repos/nodalmerge/clients/web/sdk.js:329:13)
    at process.processTicksAndRejections (node:internal/process/task_queues:103:5)
[nodalmerge] [sdk] direct upload failed; falling back to ws Error: upload-denied: use-ws
    at directUpload (file:///C:/Users/bgstr/source/repos/nodalmerge/clients/web/sdk.js:329:13)
    at process.processTicksAndRejections (node:internal/process/task_queues:103:5)
[nodalmerge] [sdk] direct upload failed; falling back to ws Error: upload-denied: use-ws
    at directUpload (file:///C:/Users/bgstr/source/repos/nodalmerge/clients/web/sdk.js:329:13)
    at process.processTicksAndRejections (node:internal/process/task_queues:103:5)
[nodalmerge] [sdk] direct upload failed; falling back to ws Error: upload-denied: use-ws
    at directUpload (file:///C:/Users/bgstr/source/repos/nodalmerge/clients/web/sdk.js:329:13)
    at process.processTicksAndRejections (node:internal/process/task_queues:103:5)
  peers=6 iter=14 warmup=45.553ms map=315.531ms list=466.096ms blob=347.291ms
  peers=6 warmup_avg=46.278ms map_samples=15 map_avg=336.112ms list_samples=15 list_avg=450.886ms blob_samples=15 blob_avg=360.349ms

Target: dotnet-host-runtime-alias (ws://127.0.0.1:8787)
  peers=6 iter=0 warmup=45.857ms map=322.024ms list=372.068ms blob=322.731ms
  peers=6 iter=1 warmup=45.911ms map=305.845ms list=354.881ms blob=322.841ms
  peers=6 iter=2 warmup=47.778ms map=324.172ms list=338.35ms blob=322.804ms
  peers=6 iter=3 warmup=45.404ms map=308.927ms list=415.889ms blob=324.846ms
  peers=6 iter=4 warmup=45.13ms map=321.561ms list=383.2ms blob=323.41ms
  peers=6 iter=5 warmup=47.204ms map=325.213ms list=354.786ms blob=322.694ms
  peers=6 iter=6 warmup=45.993ms map=290.629ms list=383.385ms blob=322.676ms
  peers=6 iter=7 warmup=46.224ms map=308.946ms list=381.407ms blob=337.309ms
  peers=6 iter=8 warmup=46.799ms map=307.301ms list=366.22ms blob=319.57ms
  peers=6 iter=9 warmup=46.108ms map=325.69ms list=383.885ms blob=339.201ms
  peers=6 iter=10 warmup=46.379ms map=292.182ms list=397.589ms blob=338.014ms
  peers=6 iter=11 warmup=45.576ms map=326.444ms list=380.774ms blob=302.08ms
  peers=6 iter=12 warmup=45.423ms map=308.721ms list=369.582ms blob=336.212ms
  peers=6 iter=13 warmup=45.941ms map=338.09ms list=367.7ms blob=323.198ms
  peers=6 iter=14 warmup=46.237ms map=324.284ms list=386.398ms blob=322.651ms
  peers=6 warmup_avg=46.131ms map_samples=15 map_avg=315.335ms list_samples=15 list_avg=375.741ms blob_samples=15 blob_avg=325.349ms

Wrote results: C:\Users\bgstr\source\repos\nodalmerge\benchmarks\results\sdk-scenarios-peers6-ops30-integrated-vs-dotnet-mongo-clean.json

Done.
## NodalMerge Performance Sweep (Peers 6, Mongo Backend, iterations=15)

### MAP Scenario
| Ops | Rust Integrated avg ms | Rust Integrated ops/s | Dotnet Mongo avg ms | Dotnet Mongo ops/s |
| --- | --- | --- | --- | --- |
| 6 | 96.36 | 373.6 | 97.38 | 369.69 |
| 12 | 149.48 | 481.67 | 145.83 | 493.73 |
| 30 | 336.11 | 535.54 | 315.33 | 570.83 |
### LIST Scenario
| Ops | Rust Integrated avg ms | Rust Integrated ops/s | Dotnet Mongo avg ms | Dotnet Mongo ops/s |
| --- | --- | --- | --- | --- |
| 6 | 115.72 | 311.1 | 108.24 | 332.59 |
| 12 | 206.9 | 347.99 | 172.13 | 418.29 |
| 30 | 450.89 | 399.21 | 375.74 | 479.05 |
### BLOB Scenario
| Ops | Rust Integrated avg ms | Rust Integrated ops/s | Dotnet Mongo avg ms | Dotnet Mongo ops/s |
| --- | --- | --- | --- | --- |
| 6 | 99.14 | 363.12 | 86.86 | 414.46 |
| 12 | 146.46 | 491.6 | 153.27 | 469.76 |
| 30 | 360.35 | 499.51 | 325.35 | 553.25 |


