2026-07-23T04:40:05.543736Z  INFO tokio multi-thread runtime started workers=24 rust_log=<unset>
2026-07-23T04:40:05.545503Z  INFO loaded server keypair pubkey=a80629c0930ee441
2026-07-23T04:40:05.545688Z  INFO server keypair ready pubkey=a80629c0930ee441c1c8d68eeaa63354bcd44673cebdaabb0ae0280cfc72ce02
2026-07-23T04:40:05.545826Z  INFO MONGO_URI present; wiring MongoNodeStore for nodes uri=mongodb://127.0.0.1:27017 db=nodalmerge_bench
2026-07-23T04:40:05.546141Z  INFO Mongo driver will parse connection URI uri=mongodb://127.0.0.1:27017
2026-07-23T04:40:05.553915Z  INFO Mongo ping succeeded
2026-07-23T04:40:05.554950Z  INFO Mongo init write succeeded
2026-07-23T04:40:05.558259Z  INFO mongo client stored in MongoNodeStore client_id=1
2026-07-23T04:40:05.559884Z  INFO startup mongo test_write succeeded
2026-07-23T04:40:05.560855Z  INFO Dev NodalMerge server listening on ws://127.0.0.1:7979/ws/<room> and http://127.0.0.1:7979/blobs/<hash> addr=127.0.0.1:7979
2026-07-23T04:40:06.021452Z  INFO peer connected room=bench-rust-integrated-hosted-server-6p-1784781605986-0-d1ea2c peer=3ae9b676
2026-07-23T04:40:06.223253Z  INFO peer connected room=bench-rust-integrated-hosted-server-6p-1784781605986-0-d1ea2c peer=dfd9eb69
2026-07-23T04:40:06.223280Z  INFO peer connected room=bench-rust-integrated-hosted-server-6p-1784781605986-0-d1ea2c peer=bd9111c1
2026-07-23T04:40:06.223337Z  INFO peer connected room=bench-rust-integrated-hosted-server-6p-1784781605986-0-d1ea2c peer=79735ab2
2026-07-23T04:40:06.223367Z  INFO peer connected room=bench-rust-integrated-hosted-server-6p-1784781605986-0-d1ea2c peer=dff15b45
2026-07-23T04:40:06.223408Z  INFO peer connected room=bench-rust-integrated-hosted-server-6p-1784781605986-0-d1ea2c peer=564f0aa0
2026-07-23T04:40:06.248901Z  INFO pack received peer=3ae9b676 incoming=4 accepted=4 errs=0
2026-07-23T04:40:06.249299Z  INFO pack received peer=3ae9b676 incoming=0 accepted=0 errs=0
2026-07-23T04:40:06.249483Z  INFO pack received peer=3ae9b676 incoming=0 accepted=0 errs=0
2026-07-23T04:40:06.249637Z  INFO pack received peer=3ae9b676 incoming=0 accepted=0 errs=0
2026-07-23T04:40:06.289233Z  INFO pack received peer=3ae9b676 incoming=1 accepted=1 errs=0
2026-07-23T04:40:06.301188Z  INFO pack received peer=79735ab2 incoming=1 accepted=1 errs=0
2026-07-23T04:40:06.353795Z  INFO pack received peer=3ae9b676 incoming=2 accepted=2 errs=0
2026-07-23T04:40:06.368373Z  INFO pack received peer=79735ab2 incoming=2 accepted=2 errs=0
2026-07-23T04:40:06.412086Z  INFO pack received peer=3ae9b676 incoming=1 accepted=1 errs=0
2026-07-23T04:40:06.424225Z  INFO pack received peer=79735ab2 incoming=1 accepted=1 errs=0
2026-07-23T04:40:06.469005Z  INFO peer connected room=bench-rust-integrated-hosted-server-6p-1784781606462-1-b69494 peer=1241f055
2026-07-23T04:40:06.469789Z  INFO peer connected room=bench-rust-integrated-hosted-server-6p-1784781606462-1-b69494 peer=365d0d11
2026-07-23T04:40:06.469816Z  INFO peer connected room=bench-rust-integrated-hosted-server-6p-1784781606462-1-b69494 peer=e085ba39
2026-07-23T04:40:06.470068Z  INFO peer connected room=bench-rust-integrated-hosted-server-6p-1784781606462-1-b69494 peer=999bfa0a
2026-07-23T04:40:06.470508Z  INFO peer connected room=bench-rust-integrated-hosted-server-6p-1784781606462-1-b69494 peer=7f8043af
2026-07-23T04:40:06.470746Z  INFO peer connected room=bench-rust-integrated-hosted-server-6p-1784781606462-1-b69494 peer=2aa28fb0
2026-07-23T04:40:06.700950Z  INFO pack received peer=1241f055 incoming=4 accepted=4 errs=0
2026-07-23T04:40:06.701637Z  INFO pack received peer=1241f055 incoming=0 accepted=0 errs=0
2026-07-23T04:40:06.701889Z  INFO pack received peer=1241f055 incoming=0 accepted=0 errs=0
2026-07-23T04:40:06.702073Z  INFO pack received peer=1241f055 incoming=0 accepted=0 errs=0
2026-07-23T04:40:06.736805Z  INFO pack received peer=1241f055 incoming=1 accepted=1 errs=0
2026-07-23T04:40:06.747753Z  INFO pack received peer=e085ba39 incoming=1 accepted=1 errs=0
2026-07-23T04:40:06.801747Z  INFO pack received peer=1241f055 incoming=2 accepted=2 errs=0
2026-07-23T04:40:06.816008Z  INFO pack received peer=e085ba39 incoming=2 accepted=2 errs=0
2026-07-23T04:40:06.859432Z  INFO pack received peer=1241f055 incoming=1 accepted=1 errs=0
2026-07-23T04:40:06.871361Z  INFO pack received peer=e085ba39 incoming=1 accepted=1 errs=0
2026-07-23T04:40:08.203939Z  INFO peer connected room=bench-rust-integrated-hosted-server-6p-1784781608167-0-cc157f peer=5262a7c5
2026-07-23T04:40:08.205290Z  INFO peer connected room=bench-rust-integrated-hosted-server-6p-1784781608167-0-cc157f peer=ef154197
2026-07-23T04:40:08.205314Z  INFO peer connected room=bench-rust-integrated-hosted-server-6p-1784781608167-0-cc157f peer=26d769e9
2026-07-23T04:40:08.205679Z  INFO peer connected room=bench-rust-integrated-hosted-server-6p-1784781608167-0-cc157f peer=c41c6d2e
2026-07-23T04:40:08.206139Z  INFO peer connected room=bench-rust-integrated-hosted-server-6p-1784781608167-0-cc157f peer=93b52c47
2026-07-23T04:40:08.207147Z  INFO peer connected room=bench-rust-integrated-hosted-server-6p-1784781608167-0-cc157f peer=c097d89b
2026-07-23T04:40:08.432852Z  INFO pack received peer=5262a7c5 incoming=4 accepted=4 errs=0
2026-07-23T04:40:08.433550Z  INFO pack received peer=5262a7c5 incoming=0 accepted=0 errs=0
2026-07-23T04:40:08.433713Z  INFO pack received peer=5262a7c5 incoming=0 accepted=0 errs=0
2026-07-23T04:40:08.433863Z  INFO pack received peer=5262a7c5 incoming=0 accepted=0 errs=0
2026-07-23T04:40:08.465960Z  INFO pack received peer=5262a7c5 incoming=1 accepted=1 errs=0
2026-07-23T04:40:08.477692Z  INFO pack received peer=26d769e9 incoming=1 accepted=1 errs=0
2026-07-23T04:40:08.488499Z  INFO pack received peer=ef154197 incoming=1 accepted=1 errs=0
2026-07-23T04:40:08.499182Z  INFO pack received peer=c41c6d2e incoming=1 accepted=1 errs=0
2026-07-23T04:40:08.509782Z  INFO pack received peer=93b52c47 incoming=1 accepted=1 errs=0
2026-07-23T04:40:08.520364Z  INFO pack received peer=c097d89b incoming=1 accepted=1 errs=0
2026-07-23T04:40:08.579292Z  INFO pack received peer=5262a7c5 incoming=2 accepted=2 errs=0
2026-07-23T04:40:08.592743Z  INFO pack received peer=26d769e9 incoming=2 accepted=2 errs=0
2026-07-23T04:40:08.607888Z  INFO pack received peer=ef154197 incoming=2 accepted=2 errs=0
2026-07-23T04:40:08.620814Z  INFO pack received peer=c41c6d2e incoming=2 accepted=2 errs=0
2026-07-23T04:40:08.634213Z  INFO pack received peer=93b52c47 incoming=2 accepted=2 errs=0
2026-07-23T04:40:08.647761Z  INFO pack received peer=c097d89b incoming=2 accepted=2 errs=0
2026-07-23T04:40:08.681990Z  INFO pack received peer=5262a7c5 incoming=1 accepted=1 errs=0
2026-07-23T04:40:08.694856Z  INFO pack received peer=26d769e9 incoming=1 accepted=1 errs=0
2026-07-23T04:40:08.705295Z  INFO pack received peer=ef154197 incoming=1 accepted=1 errs=0
2026-07-23T04:40:08.715763Z  INFO pack received peer=c41c6d2e incoming=1 accepted=1 errs=0
2026-07-23T04:40:08.726646Z  INFO pack received peer=93b52c47 incoming=1 accepted=1 errs=0
2026-07-23T04:40:08.737322Z  INFO pack received peer=c097d89b incoming=1 accepted=1 errs=0
2026-07-23T04:40:08.770402Z  INFO peer connected room=bench-rust-integrated-hosted-server-6p-1784781608763-1-a7fcdb peer=a0115e4e
2026-07-23T04:40:08.771180Z  INFO peer connected room=bench-rust-integrated-hosted-server-6p-1784781608763-1-a7fcdb peer=fa33403e
2026-07-23T04:40:08.771244Z  INFO peer connected room=bench-rust-integrated-hosted-server-6p-1784781608763-1-a7fcdb peer=17bc58d9
2026-07-23T04:40:08.771674Z  INFO peer connected room=bench-rust-integrated-hosted-server-6p-1784781608763-1-a7fcdb peer=36385a6d
2026-07-23T04:40:08.772037Z  INFO peer connected room=bench-rust-integrated-hosted-server-6p-1784781608763-1-a7fcdb peer=7ce73aa6
2026-07-23T04:40:08.772352Z  INFO peer connected room=bench-rust-integrated-hosted-server-6p-1784781608763-1-a7fcdb peer=223c103f
2026-07-23T04:40:08.997780Z  INFO pack received peer=a0115e4e incoming=4 accepted=4 errs=0
2026-07-23T04:40:08.998411Z  INFO pack received peer=a0115e4e incoming=0 accepted=0 errs=0
2026-07-23T04:40:08.998677Z  INFO pack received peer=a0115e4e incoming=0 accepted=0 errs=0
2026-07-23T04:40:08.998854Z  INFO pack received peer=a0115e4e incoming=0 accepted=0 errs=0
2026-07-23T04:40:09.034369Z  INFO pack received peer=a0115e4e incoming=1 accepted=1 errs=0
2026-07-23T04:40:09.046048Z  INFO pack received peer=17bc58d9 incoming=1 accepted=1 errs=0
2026-07-23T04:40:09.056240Z  INFO pack received peer=fa33403e incoming=1 accepted=1 errs=0
2026-07-23T04:40:09.066285Z  INFO pack received peer=36385a6d incoming=1 accepted=1 errs=0
2026-07-23T04:40:09.076838Z  INFO pack received peer=7ce73aa6 incoming=1 accepted=1 errs=0
2026-07-23T04:40:09.087225Z  INFO pack received peer=223c103f incoming=1 accepted=1 errs=0
2026-07-23T04:40:09.131625Z  INFO pack received peer=a0115e4e incoming=2 accepted=2 errs=0
2026-07-23T04:40:09.145779Z  INFO pack received peer=17bc58d9 incoming=2 accepted=2 errs=0
2026-07-23T04:40:09.160995Z  INFO pack received peer=fa33403e incoming=2 accepted=2 errs=0
2026-07-23T04:40:09.175837Z  INFO pack received peer=36385a6d incoming=2 accepted=2 errs=0
2026-07-23T04:40:09.190372Z  INFO pack received peer=7ce73aa6 incoming=2 accepted=2 errs=0
2026-07-23T04:40:09.204852Z  INFO pack received peer=223c103f incoming=2 accepted=2 errs=0
2026-07-23T04:40:09.251635Z  INFO pack received peer=a0115e4e incoming=1 accepted=1 errs=0
2026-07-23T04:40:09.263860Z  INFO pack received peer=17bc58d9 incoming=1 accepted=1 errs=0
2026-07-23T04:40:09.274779Z  INFO pack received peer=fa33403e incoming=1 accepted=1 errs=0
2026-07-23T04:40:09.285207Z  INFO pack received peer=36385a6d incoming=1 accepted=1 errs=0
2026-07-23T04:40:09.295839Z  INFO pack received peer=7ce73aa6 incoming=1 accepted=1 errs=0
2026-07-23T04:40:09.306673Z  INFO pack received peer=223c103f incoming=1 accepted=1 errs=0
2026-07-23T04:40:09.352646Z  INFO peer connected room=bench-rust-integrated-hosted-server-6p-1784781609347-2-0fe25a peer=c0e97416
2026-07-23T04:40:09.353487Z  INFO peer connected room=bench-rust-integrated-hosted-server-6p-1784781609347-2-0fe25a peer=bd26e8b8
2026-07-23T04:40:09.353508Z  INFO peer connected room=bench-rust-integrated-hosted-server-6p-1784781609347-2-0fe25a peer=d2919ed4
2026-07-23T04:40:09.353551Z  INFO peer connected room=bench-rust-integrated-hosted-server-6p-1784781609347-2-0fe25a peer=9a957f22
2026-07-23T04:40:09.353615Z  INFO peer connected room=bench-rust-integrated-hosted-server-6p-1784781609347-2-0fe25a peer=9f4487e6
2026-07-23T04:40:09.354191Z  INFO peer connected room=bench-rust-integrated-hosted-server-6p-1784781609347-2-0fe25a peer=dda1cc58
2026-07-23T04:40:09.584747Z  INFO pack received peer=c0e97416 incoming=4 accepted=4 errs=0
2026-07-23T04:40:09.585447Z  INFO pack received peer=c0e97416 incoming=0 accepted=0 errs=0
2026-07-23T04:40:09.585617Z  INFO pack received peer=c0e97416 incoming=0 accepted=0 errs=0
2026-07-23T04:40:09.585778Z  INFO pack received peer=c0e97416 incoming=0 accepted=0 errs=0
2026-07-23T04:40:09.621853Z  INFO pack received peer=c0e97416 incoming=1 accepted=1 errs=0
2026-07-23T04:40:09.633309Z  INFO pack received peer=9a957f22 incoming=1 accepted=1 errs=0
2026-07-23T04:40:09.643730Z  INFO pack received peer=d2919ed4 incoming=1 accepted=1 errs=0
2026-07-23T04:40:09.653949Z  INFO pack received peer=9f4487e6 incoming=1 accepted=1 errs=0
2026-07-23T04:40:09.664572Z  INFO pack received peer=bd26e8b8 incoming=1 accepted=1 errs=0
2026-07-23T04:40:09.674926Z  INFO pack received peer=dda1cc58 incoming=1 accepted=1 errs=0
2026-07-23T04:40:09.718841Z  INFO pack received peer=c0e97416 incoming=2 accepted=2 errs=0
2026-07-23T04:40:09.733830Z  INFO pack received peer=9a957f22 incoming=2 accepted=2 errs=0
2026-07-23T04:40:09.748575Z  INFO pack received peer=d2919ed4 incoming=2 accepted=2 errs=0
2026-07-23T04:40:09.761745Z  INFO pack received peer=9f4487e6 incoming=2 accepted=2 errs=0
2026-07-23T04:40:09.774835Z  INFO pack received peer=bd26e8b8 incoming=2 accepted=2 errs=0
2026-07-23T04:40:09.787978Z  INFO pack received peer=dda1cc58 incoming=2 accepted=2 errs=0
2026-07-23T04:40:09.822687Z  INFO pack received peer=c0e97416 incoming=1 accepted=1 errs=0
2026-07-23T04:40:09.835348Z  INFO pack received peer=9a957f22 incoming=1 accepted=1 errs=0
2026-07-23T04:40:09.845570Z  INFO pack received peer=d2919ed4 incoming=1 accepted=1 errs=0
2026-07-23T04:40:09.855474Z  INFO pack received peer=9f4487e6 incoming=1 accepted=1 errs=0
2026-07-23T04:40:09.865938Z  INFO pack received peer=bd26e8b8 incoming=1 accepted=1 errs=0
2026-07-23T04:40:09.877093Z  INFO pack received peer=dda1cc58 incoming=1 accepted=1 errs=0
2026-07-23T04:40:09.925521Z  INFO peer connected room=bench-rust-integrated-hosted-server-6p-1784781609920-3-4f4b43 peer=d547f473
2026-07-23T04:40:09.926362Z  INFO peer connected room=bench-rust-integrated-hosted-server-6p-1784781609920-3-4f4b43 peer=db7ebf40
2026-07-23T04:40:09.926394Z  INFO peer connected room=bench-rust-integrated-hosted-server-6p-1784781609920-3-4f4b43 peer=692eb805
2026-07-23T04:40:09.926412Z  INFO peer connected room=bench-rust-integrated-hosted-server-6p-1784781609920-3-4f4b43 peer=d9d8131c
2026-07-23T04:40:09.926813Z  INFO peer connected room=bench-rust-integrated-hosted-server-6p-1784781609920-3-4f4b43 peer=46b09530
2026-07-23T04:40:09.927148Z  INFO peer connected room=bench-rust-integrated-hosted-server-6p-1784781609920-3-4f4b43 peer=0851323c
2026-07-23T04:40:10.157166Z  INFO pack received peer=d547f473 incoming=4 accepted=4 errs=0
2026-07-23T04:40:10.157850Z  INFO pack received peer=d547f473 incoming=0 accepted=0 errs=0
2026-07-23T04:40:10.158035Z  INFO pack received peer=d547f473 incoming=0 accepted=0 errs=0
2026-07-23T04:40:10.158211Z  INFO pack received peer=d547f473 incoming=0 accepted=0 errs=0
2026-07-23T04:40:10.194034Z  INFO pack received peer=d547f473 incoming=1 accepted=1 errs=0
2026-07-23T04:40:10.205089Z  INFO pack received peer=d9d8131c incoming=1 accepted=1 errs=0
2026-07-23T04:40:10.215466Z  INFO pack received peer=db7ebf40 incoming=1 accepted=1 errs=0
2026-07-23T04:40:10.225808Z  INFO pack received peer=692eb805 incoming=1 accepted=1 errs=0
2026-07-23T04:40:10.236186Z  INFO pack received peer=46b09530 incoming=1 accepted=1 errs=0
2026-07-23T04:40:10.246875Z  INFO pack received peer=0851323c incoming=1 accepted=1 errs=0
2026-07-23T04:40:10.290021Z  INFO pack received peer=d547f473 incoming=2 accepted=2 errs=0
2026-07-23T04:40:10.303933Z  INFO pack received peer=d9d8131c incoming=2 accepted=2 errs=0
2026-07-23T04:40:10.317854Z  INFO pack received peer=db7ebf40 incoming=2 accepted=2 errs=0
2026-07-23T04:40:10.330687Z  INFO pack received peer=692eb805 incoming=2 accepted=2 errs=0
2026-07-23T04:40:10.343382Z  INFO pack received peer=46b09530 incoming=2 accepted=2 errs=0
2026-07-23T04:40:10.356668Z  INFO pack received peer=0851323c incoming=2 accepted=2 errs=0
2026-07-23T04:40:10.393745Z  INFO pack received peer=d547f473 incoming=1 accepted=1 errs=0
2026-07-23T04:40:10.405692Z  INFO pack received peer=d9d8131c incoming=1 accepted=1 errs=0
2026-07-23T04:40:10.415613Z  INFO pack received peer=db7ebf40 incoming=1 accepted=1 errs=0
2026-07-23T04:40:10.425824Z  INFO pack received peer=692eb805 incoming=1 accepted=1 errs=0
2026-07-23T04:40:10.436277Z  INFO pack received peer=46b09530 incoming=1 accepted=1 errs=0
2026-07-23T04:40:10.446282Z  INFO pack received peer=0851323c incoming=1 accepted=1 errs=0
2026-07-23T04:40:10.479814Z  INFO peer connected room=bench-rust-integrated-hosted-server-6p-1784781610474-4-10149c peer=d3f8c34d
2026-07-23T04:40:10.480648Z  INFO peer connected room=bench-rust-integrated-hosted-server-6p-1784781610474-4-10149c peer=0114143e
2026-07-23T04:40:10.480713Z  INFO peer connected room=bench-rust-integrated-hosted-server-6p-1784781610474-4-10149c peer=707bac0f
2026-07-23T04:40:10.480724Z  INFO peer connected room=bench-rust-integrated-hosted-server-6p-1784781610474-4-10149c peer=bb8e8d67
2026-07-23T04:40:10.480752Z  INFO peer connected room=bench-rust-integrated-hosted-server-6p-1784781610474-4-10149c peer=f329e3b9
2026-07-23T04:40:10.481394Z  INFO peer connected room=bench-rust-integrated-hosted-server-6p-1784781610474-4-10149c peer=ad692a3c
2026-07-23T04:40:10.712705Z  INFO pack received peer=d3f8c34d incoming=4 accepted=4 errs=0
2026-07-23T04:40:10.713415Z  INFO pack received peer=d3f8c34d incoming=0 accepted=0 errs=0
2026-07-23T04:40:10.713649Z  INFO pack received peer=d3f8c34d incoming=0 accepted=0 errs=0
2026-07-23T04:40:10.713796Z  INFO pack received peer=d3f8c34d incoming=0 accepted=0 errs=0
2026-07-23T04:40:10.749680Z  INFO pack received peer=d3f8c34d incoming=1 accepted=1 errs=0
2026-07-23T04:40:10.760482Z  INFO pack received peer=bb8e8d67 incoming=1 accepted=1 errs=0
2026-07-23T04:40:10.770495Z  INFO pack received peer=0114143e incoming=1 accepted=1 errs=0
2026-07-23T04:40:10.780707Z  INFO pack received peer=707bac0f incoming=1 accepted=1 errs=0
2026-07-23T04:40:10.791044Z  INFO pack received peer=f329e3b9 incoming=1 accepted=1 errs=0
2026-07-23T04:40:10.801560Z  INFO pack received peer=ad692a3c incoming=1 accepted=1 errs=0
2026-07-23T04:40:10.844719Z  INFO pack received peer=d3f8c34d incoming=2 accepted=2 errs=0
2026-07-23T04:40:10.858660Z  INFO pack received peer=bb8e8d67 incoming=2 accepted=2 errs=0
2026-07-23T04:40:10.872268Z  INFO pack received peer=0114143e incoming=2 accepted=2 errs=0
2026-07-23T04:40:10.887447Z  INFO pack received peer=707bac0f incoming=2 accepted=2 errs=0
2026-07-23T04:40:10.900587Z  INFO pack received peer=f329e3b9 incoming=2 accepted=2 errs=0
2026-07-23T04:40:10.914062Z  INFO pack received peer=ad692a3c incoming=2 accepted=2 errs=0
2026-07-23T04:40:10.964035Z  INFO pack received peer=d3f8c34d incoming=1 accepted=1 errs=0
2026-07-23T04:40:10.976082Z  INFO pack received peer=bb8e8d67 incoming=1 accepted=1 errs=0
2026-07-23T04:40:10.986372Z  INFO pack received peer=0114143e incoming=1 accepted=1 errs=0
2026-07-23T04:40:10.996286Z  INFO pack received peer=707bac0f incoming=1 accepted=1 errs=0
2026-07-23T04:40:11.006487Z  INFO pack received peer=f329e3b9 incoming=1 accepted=1 errs=0
2026-07-23T04:40:11.017180Z  INFO pack received peer=ad692a3c incoming=1 accepted=1 errs=0
2026-07-23T04:40:11.048575Z  INFO peer connected room=bench-rust-integrated-hosted-server-6p-1784781611043-5-c15921 peer=762612c0
2026-07-23T04:40:11.048772Z  INFO peer connected room=bench-rust-integrated-hosted-server-6p-1784781611043-5-c15921 peer=7d9f5db8
2026-07-23T04:40:11.049351Z  INFO peer connected room=bench-rust-integrated-hosted-server-6p-1784781611043-5-c15921 peer=b3ca6717
2026-07-23T04:40:11.049381Z  INFO peer connected room=bench-rust-integrated-hosted-server-6p-1784781611043-5-c15921 peer=ad805c10
2026-07-23T04:40:11.049392Z  INFO peer connected room=bench-rust-integrated-hosted-server-6p-1784781611043-5-c15921 peer=5b03a6d3
2026-07-23T04:40:11.049643Z  INFO peer connected room=bench-rust-integrated-hosted-server-6p-1784781611043-5-c15921 peer=312b6171
2026-07-23T04:40:11.281748Z  INFO pack received peer=762612c0 incoming=4 accepted=4 errs=0
2026-07-23T04:40:11.282358Z  INFO pack received peer=762612c0 incoming=0 accepted=0 errs=0
2026-07-23T04:40:11.282638Z  INFO pack received peer=762612c0 incoming=0 accepted=0 errs=0
2026-07-23T04:40:11.282796Z  INFO pack received peer=762612c0 incoming=0 accepted=0 errs=0
2026-07-23T04:40:11.318115Z  INFO pack received peer=762612c0 incoming=1 accepted=1 errs=0
2026-07-23T04:40:11.328872Z  INFO pack received peer=ad805c10 incoming=1 accepted=1 errs=0
2026-07-23T04:40:11.338698Z  INFO pack received peer=7d9f5db8 incoming=1 accepted=1 errs=0
2026-07-23T04:40:11.348920Z  INFO pack received peer=5b03a6d3 incoming=1 accepted=1 errs=0
2026-07-23T04:40:11.359875Z  INFO pack received peer=312b6171 incoming=1 accepted=1 errs=0
2026-07-23T04:40:11.369742Z  INFO pack received peer=b3ca6717 incoming=1 accepted=1 errs=0
2026-07-23T04:40:11.431155Z  INFO pack received peer=762612c0 incoming=2 accepted=2 errs=0
2026-07-23T04:40:11.446348Z  INFO pack received peer=ad805c10 incoming=2 accepted=2 errs=0
2026-07-23T04:40:11.459521Z  INFO pack received peer=7d9f5db8 incoming=2 accepted=2 errs=0
2026-07-23T04:40:11.472581Z  INFO pack received peer=5b03a6d3 incoming=2 accepted=2 errs=0
2026-07-23T04:40:11.485587Z  INFO pack received peer=312b6171 incoming=2 accepted=2 errs=0
2026-07-23T04:40:11.498481Z  INFO pack received peer=b3ca6717 incoming=2 accepted=2 errs=0
2026-07-23T04:40:11.534433Z  INFO pack received peer=762612c0 incoming=1 accepted=1 errs=0
2026-07-23T04:40:11.545795Z  INFO pack received peer=ad805c10 incoming=1 accepted=1 errs=0
2026-07-23T04:40:11.556802Z  INFO pack received peer=7d9f5db8 incoming=1 accepted=1 errs=0
2026-07-23T04:40:11.567199Z  INFO pack received peer=5b03a6d3 incoming=1 accepted=1 errs=0
2026-07-23T04:40:11.577879Z  INFO pack received peer=312b6171 incoming=1 accepted=1 errs=0
2026-07-23T04:40:11.588707Z  INFO pack received peer=b3ca6717 incoming=1 accepted=1 errs=0
2026-07-23T04:40:11.635131Z  INFO peer connected room=bench-rust-integrated-hosted-server-6p-1784781611630-6-327807 peer=652a15e2
2026-07-23T04:40:11.635983Z  INFO peer connected room=bench-rust-integrated-hosted-server-6p-1784781611630-6-327807 peer=35c188a1
2026-07-23T04:40:11.636009Z  INFO peer connected room=bench-rust-integrated-hosted-server-6p-1784781611630-6-327807 peer=b3b9718f
2026-07-23T04:40:11.636238Z  INFO peer connected room=bench-rust-integrated-hosted-server-6p-1784781611630-6-327807 peer=28e873f6
2026-07-23T04:40:11.636049Z  INFO peer connected room=bench-rust-integrated-hosted-server-6p-1784781611630-6-327807 peer=5784a3ae
2026-07-23T04:40:11.636029Z  INFO peer connected room=bench-rust-integrated-hosted-server-6p-1784781611630-6-327807 peer=04ed1bde
2026-07-23T04:40:11.865399Z  INFO pack received peer=652a15e2 incoming=4 accepted=4 errs=0
2026-07-23T04:40:11.865782Z  INFO pack received peer=652a15e2 incoming=0 accepted=0 errs=0
2026-07-23T04:40:11.865950Z  INFO pack received peer=652a15e2 incoming=0 accepted=0 errs=0
2026-07-23T04:40:11.866123Z  INFO pack received peer=652a15e2 incoming=0 accepted=0 errs=0
2026-07-23T04:40:11.901633Z  INFO pack received peer=652a15e2 incoming=1 accepted=1 errs=0
2026-07-23T04:40:11.912916Z  INFO pack received peer=b3b9718f incoming=1 accepted=1 errs=0
2026-07-23T04:40:11.923088Z  INFO pack received peer=04ed1bde incoming=1 accepted=1 errs=0
2026-07-23T04:40:11.933072Z  INFO pack received peer=35c188a1 incoming=1 accepted=1 errs=0
2026-07-23T04:40:11.943348Z  INFO pack received peer=5784a3ae incoming=1 accepted=1 errs=0
2026-07-23T04:40:11.953419Z  INFO pack received peer=28e873f6 incoming=1 accepted=1 errs=0
2026-07-23T04:40:11.997367Z  INFO pack received peer=652a15e2 incoming=2 accepted=2 errs=0
2026-07-23T04:40:12.011626Z  INFO pack received peer=b3b9718f incoming=2 accepted=2 errs=0
2026-07-23T04:40:12.025386Z  INFO pack received peer=04ed1bde incoming=2 accepted=2 errs=0
2026-07-23T04:40:12.038015Z  INFO pack received peer=35c188a1 incoming=2 accepted=2 errs=0
2026-07-23T04:40:12.052205Z  INFO pack received peer=5784a3ae incoming=2 accepted=2 errs=0
2026-07-23T04:40:12.064964Z  INFO pack received peer=28e873f6 incoming=2 accepted=2 errs=0
2026-07-23T04:40:12.101327Z  INFO pack received peer=652a15e2 incoming=1 accepted=1 errs=0
2026-07-23T04:40:12.112971Z  INFO pack received peer=b3b9718f incoming=1 accepted=1 errs=0
2026-07-23T04:40:12.122879Z  INFO pack received peer=04ed1bde incoming=1 accepted=1 errs=0
2026-07-23T04:40:12.132682Z  INFO pack received peer=35c188a1 incoming=1 accepted=1 errs=0
2026-07-23T04:40:12.142717Z  INFO pack received peer=5784a3ae incoming=1 accepted=1 errs=0
2026-07-23T04:40:12.153633Z  INFO pack received peer=28e873f6 incoming=1 accepted=1 errs=0
2026-07-23T04:40:12.187141Z  INFO peer connected room=bench-rust-integrated-hosted-server-6p-1784781612182-7-6c5a05 peer=10bd321e
2026-07-23T04:40:12.187966Z  INFO peer connected room=bench-rust-integrated-hosted-server-6p-1784781612182-7-6c5a05 peer=a7174510
2026-07-23T04:40:12.188007Z  INFO peer connected room=bench-rust-integrated-hosted-server-6p-1784781612182-7-6c5a05 peer=6f962eda
2026-07-23T04:40:12.188023Z  INFO peer connected room=bench-rust-integrated-hosted-server-6p-1784781612182-7-6c5a05 peer=1743ca17
2026-07-23T04:40:12.188035Z  INFO peer connected room=bench-rust-integrated-hosted-server-6p-1784781612182-7-6c5a05 peer=3ccfcc20
2026-07-23T04:40:12.188253Z  INFO peer connected room=bench-rust-integrated-hosted-server-6p-1784781612182-7-6c5a05 peer=f54ce363
2026-07-23T04:40:12.420379Z  INFO pack received peer=10bd321e incoming=4 accepted=4 errs=0
2026-07-23T04:40:12.421041Z  INFO pack received peer=10bd321e incoming=0 accepted=0 errs=0
2026-07-23T04:40:12.421219Z  INFO pack received peer=10bd321e incoming=0 accepted=0 errs=0
2026-07-23T04:40:12.421366Z  INFO pack received peer=10bd321e incoming=0 accepted=0 errs=0
2026-07-23T04:40:12.457421Z  INFO pack received peer=10bd321e incoming=1 accepted=1 errs=0
2026-07-23T04:40:12.468525Z  INFO pack received peer=6f962eda incoming=1 accepted=1 errs=0
2026-07-23T04:40:12.478345Z  INFO pack received peer=1743ca17 incoming=1 accepted=1 errs=0
2026-07-23T04:40:12.488699Z  INFO pack received peer=3ccfcc20 incoming=1 accepted=1 errs=0
2026-07-23T04:40:12.499139Z  INFO pack received peer=a7174510 incoming=1 accepted=1 errs=0
2026-07-23T04:40:12.509331Z  INFO pack received peer=f54ce363 incoming=1 accepted=1 errs=0
2026-07-23T04:40:12.552197Z  INFO pack received peer=10bd321e incoming=2 accepted=2 errs=0
2026-07-23T04:40:12.566790Z  INFO pack received peer=6f962eda incoming=2 accepted=2 errs=0
2026-07-23T04:40:12.579948Z  INFO pack received peer=1743ca17 incoming=2 accepted=2 errs=0
2026-07-23T04:40:12.593562Z  INFO pack received peer=3ccfcc20 incoming=2 accepted=2 errs=0
2026-07-23T04:40:12.607078Z  INFO pack received peer=a7174510 incoming=2 accepted=2 errs=0
2026-07-23T04:40:12.620256Z  INFO pack received peer=f54ce363 incoming=2 accepted=2 errs=0
2026-07-23T04:40:12.656521Z  INFO pack received peer=10bd321e incoming=1 accepted=1 errs=0
2026-07-23T04:40:12.668065Z  INFO pack received peer=6f962eda incoming=1 accepted=1 errs=0
2026-07-23T04:40:12.678382Z  INFO pack received peer=1743ca17 incoming=1 accepted=1 errs=0
2026-07-23T04:40:12.688245Z  INFO pack received peer=3ccfcc20 incoming=1 accepted=1 errs=0
2026-07-23T04:40:12.698369Z  INFO pack received peer=a7174510 incoming=1 accepted=1 errs=0
2026-07-23T04:40:12.709172Z  INFO pack received peer=f54ce363 incoming=1 accepted=1 errs=0
2026-07-23T04:40:12.755229Z  INFO peer connected room=bench-rust-integrated-hosted-server-6p-1784781612750-8-edae99 peer=15668736
2026-07-23T04:40:12.756061Z  INFO peer connected room=bench-rust-integrated-hosted-server-6p-1784781612750-8-edae99 peer=a6fcf80d
2026-07-23T04:40:12.756100Z  INFO peer connected room=bench-rust-integrated-hosted-server-6p-1784781612750-8-edae99 peer=6d7a3e15
2026-07-23T04:40:12.756111Z  INFO peer connected room=bench-rust-integrated-hosted-server-6p-1784781612750-8-edae99 peer=2814a76c
2026-07-23T04:40:12.756116Z  INFO peer connected room=bench-rust-integrated-hosted-server-6p-1784781612750-8-edae99 peer=9fe287ba
2026-07-23T04:40:12.756239Z  INFO peer connected room=bench-rust-integrated-hosted-server-6p-1784781612750-8-edae99 peer=ff9271dd
2026-07-23T04:40:12.986323Z  INFO pack received peer=15668736 incoming=4 accepted=4 errs=0
2026-07-23T04:40:12.986986Z  INFO pack received peer=15668736 incoming=0 accepted=0 errs=0
2026-07-23T04:40:12.987178Z  INFO pack received peer=15668736 incoming=0 accepted=0 errs=0
2026-07-23T04:40:12.987329Z  INFO pack received peer=15668736 incoming=0 accepted=0 errs=0
2026-07-23T04:40:13.023300Z  INFO pack received peer=15668736 incoming=1 accepted=1 errs=0
2026-07-23T04:40:13.033949Z  INFO pack received peer=2814a76c incoming=1 accepted=1 errs=0
2026-07-23T04:40:13.044022Z  INFO pack received peer=9fe287ba incoming=1 accepted=1 errs=0
2026-07-23T04:40:13.054179Z  INFO pack received peer=6d7a3e15 incoming=1 accepted=1 errs=0
2026-07-23T04:40:13.064621Z  INFO pack received peer=ff9271dd incoming=1 accepted=1 errs=0
2026-07-23T04:40:13.074794Z  INFO pack received peer=a6fcf80d incoming=1 accepted=1 errs=0
2026-07-23T04:40:13.117898Z  INFO pack received peer=15668736 incoming=2 accepted=2 errs=0
2026-07-23T04:40:13.132455Z  INFO pack received peer=2814a76c incoming=2 accepted=2 errs=0
2026-07-23T04:40:13.146626Z  INFO pack received peer=9fe287ba incoming=2 accepted=2 errs=0
2026-07-23T04:40:13.159185Z  INFO pack received peer=6d7a3e15 incoming=2 accepted=2 errs=0
2026-07-23T04:40:13.172547Z  INFO pack received peer=ff9271dd incoming=2 accepted=2 errs=0
2026-07-23T04:40:13.185535Z  INFO pack received peer=a6fcf80d incoming=2 accepted=2 errs=0
2026-07-23T04:40:13.220857Z  INFO pack received peer=15668736 incoming=1 accepted=1 errs=0
2026-07-23T04:40:13.232192Z  INFO pack received peer=2814a76c incoming=1 accepted=1 errs=0
2026-07-23T04:40:13.242370Z  INFO pack received peer=6d7a3e15 incoming=1 accepted=1 errs=0
2026-07-23T04:40:13.252713Z  INFO pack received peer=9fe287ba incoming=1 accepted=1 errs=0
2026-07-23T04:40:13.262972Z  INFO pack received peer=ff9271dd incoming=1 accepted=1 errs=0
2026-07-23T04:40:13.273785Z  INFO pack received peer=a6fcf80d incoming=1 accepted=1 errs=0
2026-07-23T04:40:13.306619Z  INFO peer connected room=bench-rust-integrated-hosted-server-6p-1784781613301-9-202407 peer=a3f830e1
2026-07-23T04:40:13.307372Z  INFO peer connected room=bench-rust-integrated-hosted-server-6p-1784781613301-9-202407 peer=125d866f
2026-07-23T04:40:13.307391Z  INFO peer connected room=bench-rust-integrated-hosted-server-6p-1784781613301-9-202407 peer=0ffbc9ef
2026-07-23T04:40:13.307431Z  INFO peer connected room=bench-rust-integrated-hosted-server-6p-1784781613301-9-202407 peer=10b7c228
2026-07-23T04:40:13.307467Z  INFO peer connected room=bench-rust-integrated-hosted-server-6p-1784781613301-9-202407 peer=12a34b5e
2026-07-23T04:40:13.308073Z  INFO peer connected room=bench-rust-integrated-hosted-server-6p-1784781613301-9-202407 peer=de1447e0
2026-07-23T04:40:13.539985Z  INFO pack received peer=a3f830e1 incoming=4 accepted=4 errs=0
2026-07-23T04:40:13.540624Z  INFO pack received peer=a3f830e1 incoming=0 accepted=0 errs=0
2026-07-23T04:40:13.540797Z  INFO pack received peer=a3f830e1 incoming=0 accepted=0 errs=0
2026-07-23T04:40:13.540942Z  INFO pack received peer=a3f830e1 incoming=0 accepted=0 errs=0
2026-07-23T04:40:13.576385Z  INFO pack received peer=a3f830e1 incoming=1 accepted=1 errs=0
2026-07-23T04:40:13.586993Z  INFO pack received peer=10b7c228 incoming=1 accepted=1 errs=0
2026-07-23T04:40:13.597067Z  INFO pack received peer=0ffbc9ef incoming=1 accepted=1 errs=0
2026-07-23T04:40:13.607743Z  INFO pack received peer=125d866f incoming=1 accepted=1 errs=0
2026-07-23T04:40:13.619380Z  INFO pack received peer=de1447e0 incoming=1 accepted=1 errs=0
2026-07-23T04:40:13.629700Z  INFO pack received peer=12a34b5e incoming=1 accepted=1 errs=0
2026-07-23T04:40:13.687517Z  INFO pack received peer=a3f830e1 incoming=2 accepted=2 errs=0
2026-07-23T04:40:13.701583Z  INFO pack received peer=10b7c228 incoming=2 accepted=2 errs=0
2026-07-23T04:40:13.715679Z  INFO pack received peer=0ffbc9ef incoming=2 accepted=2 errs=0
2026-07-23T04:40:13.729872Z  INFO pack received peer=125d866f incoming=2 accepted=2 errs=0
2026-07-23T04:40:13.743617Z  INFO pack received peer=de1447e0 incoming=2 accepted=2 errs=0
2026-07-23T04:40:13.756573Z  INFO pack received peer=12a34b5e incoming=2 accepted=2 errs=0
2026-07-23T04:40:13.806585Z  INFO pack received peer=a3f830e1 incoming=1 accepted=1 errs=0
2026-07-23T04:40:13.818945Z  INFO pack received peer=10b7c228 incoming=1 accepted=1 errs=0
2026-07-23T04:40:13.830614Z  INFO pack received peer=0ffbc9ef incoming=1 accepted=1 errs=0
2026-07-23T04:40:13.841470Z  INFO pack received peer=125d866f incoming=1 accepted=1 errs=0
2026-07-23T04:40:13.851659Z  INFO pack received peer=de1447e0 incoming=1 accepted=1 errs=0
2026-07-23T04:40:13.861942Z  INFO pack received peer=12a34b5e incoming=1 accepted=1 errs=0
2026-07-23T04:40:13.891633Z  INFO peer connected room=bench-rust-integrated-hosted-server-6p-1784781613886-10-5384ad peer=2bedc983
2026-07-23T04:40:13.892439Z  INFO peer connected room=bench-rust-integrated-hosted-server-6p-1784781613886-10-5384ad peer=a474ba8c
2026-07-23T04:40:13.892470Z  INFO peer connected room=bench-rust-integrated-hosted-server-6p-1784781613886-10-5384ad peer=a58ab889
2026-07-23T04:40:13.892481Z  INFO peer connected room=bench-rust-integrated-hosted-server-6p-1784781613886-10-5384ad peer=396e835d
2026-07-23T04:40:13.892503Z  INFO peer connected room=bench-rust-integrated-hosted-server-6p-1784781613886-10-5384ad peer=56e5f6ae
2026-07-23T04:40:13.892703Z  INFO peer connected room=bench-rust-integrated-hosted-server-6p-1784781613886-10-5384ad peer=075d0a48
2026-07-23T04:40:14.125062Z  INFO pack received peer=2bedc983 incoming=4 accepted=4 errs=0
2026-07-23T04:40:14.125450Z  INFO pack received peer=2bedc983 incoming=0 accepted=0 errs=0
2026-07-23T04:40:14.125647Z  INFO pack received peer=2bedc983 incoming=0 accepted=0 errs=0
2026-07-23T04:40:14.125808Z  INFO pack received peer=2bedc983 incoming=0 accepted=0 errs=0
2026-07-23T04:40:14.160483Z  INFO pack received peer=2bedc983 incoming=1 accepted=1 errs=0
2026-07-23T04:40:14.171216Z  INFO pack received peer=a58ab889 incoming=1 accepted=1 errs=0
2026-07-23T04:40:14.181063Z  INFO pack received peer=56e5f6ae incoming=1 accepted=1 errs=0
2026-07-23T04:40:14.191362Z  INFO pack received peer=075d0a48 incoming=1 accepted=1 errs=0
2026-07-23T04:40:14.202497Z  INFO pack received peer=396e835d incoming=1 accepted=1 errs=0
2026-07-23T04:40:14.212499Z  INFO pack received peer=a474ba8c incoming=1 accepted=1 errs=0
2026-07-23T04:40:14.271946Z  INFO pack received peer=2bedc983 incoming=2 accepted=2 errs=0
2026-07-23T04:40:14.286430Z  INFO pack received peer=a58ab889 incoming=2 accepted=2 errs=0
2026-07-23T04:40:14.300541Z  INFO pack received peer=56e5f6ae incoming=2 accepted=2 errs=0
2026-07-23T04:40:14.315056Z  INFO pack received peer=075d0a48 incoming=2 accepted=2 errs=0
2026-07-23T04:40:14.328328Z  INFO pack received peer=396e835d incoming=2 accepted=2 errs=0
2026-07-23T04:40:14.341399Z  INFO pack received peer=a474ba8c incoming=2 accepted=2 errs=0
2026-07-23T04:40:14.391269Z  INFO pack received peer=2bedc983 incoming=1 accepted=1 errs=0
2026-07-23T04:40:14.402860Z  INFO pack received peer=a58ab889 incoming=1 accepted=1 errs=0
2026-07-23T04:40:14.412972Z  INFO pack received peer=56e5f6ae incoming=1 accepted=1 errs=0
2026-07-23T04:40:14.423117Z  INFO pack received peer=075d0a48 incoming=1 accepted=1 errs=0
2026-07-23T04:40:14.434177Z  INFO pack received peer=396e835d incoming=1 accepted=1 errs=0
2026-07-23T04:40:14.444296Z  INFO pack received peer=a474ba8c incoming=1 accepted=1 errs=0
2026-07-23T04:40:14.488899Z  INFO peer connected room=bench-rust-integrated-hosted-server-6p-1784781614484-11-181ba6 peer=0bb08cdf
2026-07-23T04:40:14.489743Z  INFO peer connected room=bench-rust-integrated-hosted-server-6p-1784781614484-11-181ba6 peer=fd9e223c
2026-07-23T04:40:14.489760Z  INFO peer connected room=bench-rust-integrated-hosted-server-6p-1784781614484-11-181ba6 peer=dc736fec
2026-07-23T04:40:14.489787Z  INFO peer connected room=bench-rust-integrated-hosted-server-6p-1784781614484-11-181ba6 peer=276c4387
2026-07-23T04:40:14.489869Z  INFO peer connected room=bench-rust-integrated-hosted-server-6p-1784781614484-11-181ba6 peer=32f0279a
2026-07-23T04:40:14.490435Z  INFO peer connected room=bench-rust-integrated-hosted-server-6p-1784781614484-11-181ba6 peer=1f88fb0f
2026-07-23T04:40:14.723301Z  INFO pack received peer=0bb08cdf incoming=4 accepted=4 errs=0
2026-07-23T04:40:14.723980Z  INFO pack received peer=0bb08cdf incoming=0 accepted=0 errs=0
2026-07-23T04:40:14.724176Z  INFO pack received peer=0bb08cdf incoming=0 accepted=0 errs=0
2026-07-23T04:40:14.724344Z  INFO pack received peer=0bb08cdf incoming=0 accepted=0 errs=0
2026-07-23T04:40:14.760336Z  INFO pack received peer=0bb08cdf incoming=1 accepted=1 errs=0
2026-07-23T04:40:14.771301Z  INFO pack received peer=276c4387 incoming=1 accepted=1 errs=0
2026-07-23T04:40:14.781660Z  INFO pack received peer=dc736fec incoming=1 accepted=1 errs=0
2026-07-23T04:40:14.791731Z  INFO pack received peer=fd9e223c incoming=1 accepted=1 errs=0
2026-07-23T04:40:14.801981Z  INFO pack received peer=32f0279a incoming=1 accepted=1 errs=0
2026-07-23T04:40:14.812348Z  INFO pack received peer=1f88fb0f incoming=1 accepted=1 errs=0
2026-07-23T04:40:14.855502Z  INFO pack received peer=0bb08cdf incoming=2 accepted=2 errs=0
2026-07-23T04:40:14.869589Z  INFO pack received peer=276c4387 incoming=2 accepted=2 errs=0
2026-07-23T04:40:14.884105Z  INFO pack received peer=dc736fec incoming=2 accepted=2 errs=0
2026-07-23T04:40:14.898708Z  INFO pack received peer=fd9e223c incoming=2 accepted=2 errs=0
2026-07-23T04:40:14.911919Z  INFO pack received peer=32f0279a incoming=2 accepted=2 errs=0
2026-07-23T04:40:14.925475Z  INFO pack received peer=1f88fb0f incoming=2 accepted=2 errs=0
2026-07-23T04:40:14.973970Z  INFO pack received peer=0bb08cdf incoming=1 accepted=1 errs=0
2026-07-23T04:40:14.985631Z  INFO pack received peer=276c4387 incoming=1 accepted=1 errs=0
2026-07-23T04:40:14.995673Z  INFO pack received peer=dc736fec incoming=1 accepted=1 errs=0
2026-07-23T04:40:15.005653Z  INFO pack received peer=fd9e223c incoming=1 accepted=1 errs=0
2026-07-23T04:40:15.015700Z  INFO pack received peer=32f0279a incoming=1 accepted=1 errs=0
2026-07-23T04:40:15.026761Z  INFO pack received peer=1f88fb0f incoming=1 accepted=1 errs=0
2026-07-23T04:40:15.058947Z  INFO peer connected room=bench-rust-integrated-hosted-server-6p-1784781615054-12-342bb2 peer=c37d39b1
2026-07-23T04:40:15.059778Z  INFO peer connected room=bench-rust-integrated-hosted-server-6p-1784781615054-12-342bb2 peer=9073c98b
2026-07-23T04:40:15.059801Z  INFO peer connected room=bench-rust-integrated-hosted-server-6p-1784781615054-12-342bb2 peer=e7d70363
2026-07-23T04:40:15.059833Z  INFO peer connected room=bench-rust-integrated-hosted-server-6p-1784781615054-12-342bb2 peer=2225f0bf
2026-07-23T04:40:15.059863Z  INFO peer connected room=bench-rust-integrated-hosted-server-6p-1784781615054-12-342bb2 peer=759bc76b
2026-07-23T04:40:15.060035Z  INFO peer connected room=bench-rust-integrated-hosted-server-6p-1784781615054-12-342bb2 peer=347bc830
2026-07-23T04:40:15.292431Z  INFO pack received peer=c37d39b1 incoming=4 accepted=4 errs=0
2026-07-23T04:40:15.293073Z  INFO pack received peer=c37d39b1 incoming=0 accepted=0 errs=0
2026-07-23T04:40:15.293279Z  INFO pack received peer=c37d39b1 incoming=0 accepted=0 errs=0
2026-07-23T04:40:15.293429Z  INFO pack received peer=c37d39b1 incoming=0 accepted=0 errs=0
2026-07-23T04:40:15.329308Z  INFO pack received peer=c37d39b1 incoming=1 accepted=1 errs=0
2026-07-23T04:40:15.340033Z  INFO pack received peer=e7d70363 incoming=1 accepted=1 errs=0
2026-07-23T04:40:15.350329Z  INFO pack received peer=759bc76b incoming=1 accepted=1 errs=0
2026-07-23T04:40:15.360555Z  INFO pack received peer=347bc830 incoming=1 accepted=1 errs=0
2026-07-23T04:40:15.371023Z  INFO pack received peer=2225f0bf incoming=1 accepted=1 errs=0
2026-07-23T04:40:15.381009Z  INFO pack received peer=9073c98b incoming=1 accepted=1 errs=0
2026-07-23T04:40:15.441516Z  INFO pack received peer=c37d39b1 incoming=2 accepted=2 errs=0
2026-07-23T04:40:15.455562Z  INFO pack received peer=e7d70363 incoming=2 accepted=2 errs=0
2026-07-23T04:40:15.469736Z  INFO pack received peer=759bc76b incoming=2 accepted=2 errs=0
2026-07-23T04:40:15.482913Z  INFO pack received peer=347bc830 incoming=2 accepted=2 errs=0
2026-07-23T04:40:15.496382Z  INFO pack received peer=2225f0bf incoming=2 accepted=2 errs=0
2026-07-23T04:40:15.509344Z  INFO pack received peer=9073c98b incoming=2 accepted=2 errs=0
2026-07-23T04:40:15.545161Z  INFO pack received peer=c37d39b1 incoming=1 accepted=1 errs=0
2026-07-23T04:40:15.556263Z  INFO pack received peer=e7d70363 incoming=1 accepted=1 errs=0
2026-07-23T04:40:15.566273Z  INFO pack received peer=759bc76b incoming=1 accepted=1 errs=0
2026-07-23T04:40:15.576359Z  INFO pack received peer=347bc830 incoming=1 accepted=1 errs=0
2026-07-23T04:40:15.586237Z  INFO pack received peer=2225f0bf incoming=1 accepted=1 errs=0
2026-07-23T04:40:15.596450Z  INFO pack received peer=9073c98b incoming=1 accepted=1 errs=0
2026-07-23T04:40:15.631616Z  INFO peer connected room=bench-rust-integrated-hosted-server-6p-1784781615626-13-672012 peer=c9c0b190
2026-07-23T04:40:15.632424Z  INFO peer connected room=bench-rust-integrated-hosted-server-6p-1784781615626-13-672012 peer=0412ca8d
2026-07-23T04:40:15.632459Z  INFO peer connected room=bench-rust-integrated-hosted-server-6p-1784781615626-13-672012 peer=99dede4f
2026-07-23T04:40:15.632466Z  INFO peer connected room=bench-rust-integrated-hosted-server-6p-1784781615626-13-672012 peer=c6c58a03
2026-07-23T04:40:15.632493Z  INFO peer connected room=bench-rust-integrated-hosted-server-6p-1784781615626-13-672012 peer=7869e728
2026-07-23T04:40:15.632627Z  INFO peer connected room=bench-rust-integrated-hosted-server-6p-1784781615626-13-672012 peer=97afffad
2026-07-23T04:40:15.861248Z  INFO pack received peer=c9c0b190 incoming=4 accepted=4 errs=0
2026-07-23T04:40:15.861904Z  INFO pack received peer=c9c0b190 incoming=0 accepted=0 errs=0
2026-07-23T04:40:15.862172Z  INFO pack received peer=c9c0b190 incoming=0 accepted=0 errs=0
2026-07-23T04:40:15.862366Z  INFO pack received peer=c9c0b190 incoming=0 accepted=0 errs=0
2026-07-23T04:40:15.898057Z  INFO pack received peer=c9c0b190 incoming=1 accepted=1 errs=0
2026-07-23T04:40:15.908970Z  INFO pack received peer=99dede4f incoming=1 accepted=1 errs=0
2026-07-23T04:40:15.918928Z  INFO pack received peer=7869e728 incoming=1 accepted=1 errs=0
2026-07-23T04:40:15.929408Z  INFO pack received peer=c6c58a03 incoming=1 accepted=1 errs=0
2026-07-23T04:40:15.940209Z  INFO pack received peer=0412ca8d incoming=1 accepted=1 errs=0
2026-07-23T04:40:15.950324Z  INFO pack received peer=97afffad incoming=1 accepted=1 errs=0
2026-07-23T04:40:16.011704Z  INFO pack received peer=c9c0b190 incoming=2 accepted=2 errs=0
2026-07-23T04:40:16.024860Z  INFO pack received peer=99dede4f incoming=2 accepted=2 errs=0
2026-07-23T04:40:16.039332Z  INFO pack received peer=7869e728 incoming=2 accepted=2 errs=0
2026-07-23T04:40:16.052743Z  INFO pack received peer=c6c58a03 incoming=2 accepted=2 errs=0
2026-07-23T04:40:16.065850Z  INFO pack received peer=0412ca8d incoming=2 accepted=2 errs=0
2026-07-23T04:40:16.079762Z  INFO pack received peer=97afffad incoming=2 accepted=2 errs=0
2026-07-23T04:40:16.113995Z  INFO pack received peer=c9c0b190 incoming=1 accepted=1 errs=0
2026-07-23T04:40:16.125447Z  INFO pack received peer=99dede4f incoming=1 accepted=1 errs=0
2026-07-23T04:40:16.135365Z  INFO pack received peer=7869e728 incoming=1 accepted=1 errs=0
2026-07-23T04:40:16.145400Z  INFO pack received peer=c6c58a03 incoming=1 accepted=1 errs=0
2026-07-23T04:40:16.155448Z  INFO pack received peer=0412ca8d incoming=1 accepted=1 errs=0
2026-07-23T04:40:16.165566Z  INFO pack received peer=97afffad incoming=1 accepted=1 errs=0
2026-07-23T04:40:16.199096Z  INFO peer connected room=bench-rust-integrated-hosted-server-6p-1784781616194-14-1324fa peer=bee0a15b
2026-07-23T04:40:16.199875Z  INFO peer connected room=bench-rust-integrated-hosted-server-6p-1784781616194-14-1324fa peer=336e7019
2026-07-23T04:40:16.199916Z  INFO peer connected room=bench-rust-integrated-hosted-server-6p-1784781616194-14-1324fa peer=c81fdb73
2026-07-23T04:40:16.199921Z  INFO peer connected room=bench-rust-integrated-hosted-server-6p-1784781616194-14-1324fa peer=e6e9118b
2026-07-23T04:40:16.199928Z  INFO peer connected room=bench-rust-integrated-hosted-server-6p-1784781616194-14-1324fa peer=4857459d
2026-07-23T04:40:16.200079Z  INFO peer connected room=bench-rust-integrated-hosted-server-6p-1784781616194-14-1324fa peer=af010bce
2026-07-23T04:40:16.431672Z  INFO pack received peer=bee0a15b incoming=4 accepted=4 errs=0
2026-07-23T04:40:16.432350Z  INFO pack received peer=bee0a15b incoming=0 accepted=0 errs=0
2026-07-23T04:40:16.432543Z  INFO pack received peer=bee0a15b incoming=0 accepted=0 errs=0
2026-07-23T04:40:16.432688Z  INFO pack received peer=bee0a15b incoming=0 accepted=0 errs=0
2026-07-23T04:40:16.468133Z  INFO pack received peer=bee0a15b incoming=1 accepted=1 errs=0
2026-07-23T04:40:16.478983Z  INFO pack received peer=c81fdb73 incoming=1 accepted=1 errs=0
2026-07-23T04:40:16.488952Z  INFO pack received peer=4857459d incoming=1 accepted=1 errs=0
2026-07-23T04:40:16.498972Z  INFO pack received peer=e6e9118b incoming=1 accepted=1 errs=0
2026-07-23T04:40:16.509460Z  INFO pack received peer=336e7019 incoming=1 accepted=1 errs=0
2026-07-23T04:40:16.520003Z  INFO pack received peer=af010bce incoming=1 accepted=1 errs=0
2026-07-23T04:40:16.564558Z  INFO pack received peer=bee0a15b incoming=2 accepted=2 errs=0
2026-07-23T04:40:16.579316Z  INFO pack received peer=c81fdb73 incoming=2 accepted=2 errs=0
2026-07-23T04:40:16.594011Z  INFO pack received peer=4857459d incoming=2 accepted=2 errs=0
2026-07-23T04:40:16.608224Z  INFO pack received peer=e6e9118b incoming=2 accepted=2 errs=0
2026-07-23T04:40:16.622224Z  INFO pack received peer=336e7019 incoming=2 accepted=2 errs=0
2026-07-23T04:40:16.636646Z  INFO pack received peer=af010bce incoming=2 accepted=2 errs=0
2026-07-23T04:40:16.682541Z  INFO pack received peer=bee0a15b incoming=1 accepted=1 errs=0
2026-07-23T04:40:16.694227Z  INFO pack received peer=c81fdb73 incoming=1 accepted=1 errs=0
2026-07-23T04:40:16.704421Z  INFO pack received peer=4857459d incoming=1 accepted=1 errs=0
2026-07-23T04:40:16.714597Z  INFO pack received peer=e6e9118b incoming=1 accepted=1 errs=0
2026-07-23T04:40:16.725646Z  INFO pack received peer=336e7019 incoming=1 accepted=1 errs=0
2026-07-23T04:40:16.735891Z  INFO pack received peer=af010bce incoming=1 accepted=1 errs=0
2026-07-23T04:40:25.106452Z  INFO peer connected room=bench-rust-integrated-hosted-server-6p-1784781625071-0-2b322d peer=ba8e1041
2026-07-23T04:40:25.107608Z  INFO peer connected room=bench-rust-integrated-hosted-server-6p-1784781625071-0-2b322d peer=77a08e89
2026-07-23T04:40:25.108320Z  INFO peer connected room=bench-rust-integrated-hosted-server-6p-1784781625071-0-2b322d peer=8a92d086
2026-07-23T04:40:25.108325Z  INFO peer connected room=bench-rust-integrated-hosted-server-6p-1784781625071-0-2b322d peer=7eff9b73
2026-07-23T04:40:25.108501Z  INFO peer connected room=bench-rust-integrated-hosted-server-6p-1784781625071-0-2b322d peer=478c84aa
2026-07-23T04:40:25.109565Z  INFO peer connected room=bench-rust-integrated-hosted-server-6p-1784781625071-0-2b322d peer=a9dc2203
2026-07-23T04:40:25.335937Z  INFO pack received peer=ba8e1041 incoming=4 accepted=4 errs=0
2026-07-23T04:40:25.336623Z  INFO pack received peer=ba8e1041 incoming=0 accepted=0 errs=0
2026-07-23T04:40:25.336821Z  INFO pack received peer=ba8e1041 incoming=0 accepted=0 errs=0
2026-07-23T04:40:25.336993Z  INFO pack received peer=ba8e1041 incoming=0 accepted=0 errs=0
2026-07-23T04:40:25.370006Z  INFO pack received peer=ba8e1041 incoming=1 accepted=1 errs=0
2026-07-23T04:40:25.381734Z  INFO pack received peer=77a08e89 incoming=1 accepted=1 errs=0
2026-07-23T04:40:25.392000Z  INFO pack received peer=7eff9b73 incoming=1 accepted=1 errs=0
2026-07-23T04:40:25.402237Z  INFO pack received peer=8a92d086 incoming=1 accepted=1 errs=0
2026-07-23T04:40:25.412414Z  INFO pack received peer=a9dc2203 incoming=1 accepted=1 errs=0
2026-07-23T04:40:25.422393Z  INFO pack received peer=478c84aa incoming=1 accepted=1 errs=0
2026-07-23T04:40:25.432431Z  INFO pack received peer=ba8e1041 incoming=1 accepted=1 errs=0
2026-07-23T04:40:25.442442Z  INFO pack received peer=77a08e89 incoming=1 accepted=1 errs=0
2026-07-23T04:40:25.452948Z  INFO pack received peer=7eff9b73 incoming=1 accepted=1 errs=0
2026-07-23T04:40:25.463500Z  INFO pack received peer=8a92d086 incoming=1 accepted=1 errs=0
2026-07-23T04:40:25.474716Z  INFO pack received peer=a9dc2203 incoming=1 accepted=1 errs=0
2026-07-23T04:40:25.485351Z  INFO pack received peer=478c84aa incoming=1 accepted=1 errs=0
2026-07-23T04:40:25.512348Z  INFO pack received peer=ba8e1041 incoming=2 accepted=2 errs=0
2026-07-23T04:40:25.525324Z  INFO pack received peer=77a08e89 incoming=2 accepted=2 errs=0
2026-07-23T04:40:25.539965Z  INFO pack received peer=7eff9b73 incoming=2 accepted=2 errs=0
2026-07-23T04:40:25.552791Z  INFO pack received peer=8a92d086 incoming=2 accepted=2 errs=0
2026-07-23T04:40:25.566276Z  INFO pack received peer=a9dc2203 incoming=2 accepted=2 errs=0
2026-07-23T04:40:25.579597Z  INFO pack received peer=478c84aa incoming=2 accepted=2 errs=0
2026-07-23T04:40:25.592912Z  INFO pack received peer=ba8e1041 incoming=2 accepted=2 errs=0
2026-07-23T04:40:25.606101Z  INFO pack received peer=77a08e89 incoming=2 accepted=2 errs=0
2026-07-23T04:40:25.619052Z  INFO pack received peer=7eff9b73 incoming=2 accepted=2 errs=0
2026-07-23T04:40:25.632534Z  INFO pack received peer=8a92d086 incoming=2 accepted=2 errs=0
2026-07-23T04:40:25.645821Z  INFO pack received peer=a9dc2203 incoming=2 accepted=2 errs=0
2026-07-23T04:40:25.659080Z  INFO pack received peer=478c84aa incoming=2 accepted=2 errs=0
2026-07-23T04:40:25.721865Z  INFO pack received peer=ba8e1041 incoming=1 accepted=1 errs=0
2026-07-23T04:40:25.734643Z  INFO pack received peer=77a08e89 incoming=1 accepted=1 errs=0
2026-07-23T04:40:25.745607Z  INFO pack received peer=7eff9b73 incoming=1 accepted=1 errs=0
2026-07-23T04:40:25.755998Z  INFO pack received peer=8a92d086 incoming=1 accepted=1 errs=0
2026-07-23T04:40:25.766226Z  INFO pack received peer=a9dc2203 incoming=1 accepted=1 errs=0
2026-07-23T04:40:25.777301Z  INFO pack received peer=478c84aa incoming=1 accepted=1 errs=0
2026-07-23T04:40:25.787858Z  INFO pack received peer=ba8e1041 incoming=1 accepted=1 errs=0
2026-07-23T04:40:25.798315Z  INFO pack received peer=77a08e89 incoming=1 accepted=1 errs=0
2026-07-23T04:40:25.808291Z  INFO pack received peer=7eff9b73 incoming=1 accepted=1 errs=0
2026-07-23T04:40:25.818699Z  INFO pack received peer=8a92d086 incoming=1 accepted=1 errs=0
2026-07-23T04:40:25.829235Z  INFO pack received peer=a9dc2203 incoming=1 accepted=1 errs=0
2026-07-23T04:40:25.839784Z  INFO pack received peer=478c84aa incoming=1 accepted=1 errs=0
2026-07-23T04:40:25.902527Z  INFO peer connected room=bench-rust-integrated-hosted-server-6p-1784781625895-1-ef2854 peer=16e14f0e
2026-07-23T04:40:25.903322Z  INFO peer connected room=bench-rust-integrated-hosted-server-6p-1784781625895-1-ef2854 peer=24175aab
2026-07-23T04:40:25.904019Z  INFO peer connected room=bench-rust-integrated-hosted-server-6p-1784781625895-1-ef2854 peer=5e4ad665
2026-07-23T04:40:25.904032Z  INFO peer connected room=bench-rust-integrated-hosted-server-6p-1784781625895-1-ef2854 peer=658e029d
2026-07-23T04:40:25.904084Z  INFO peer connected room=bench-rust-integrated-hosted-server-6p-1784781625895-1-ef2854 peer=776793fc
2026-07-23T04:40:25.904786Z  INFO peer connected room=bench-rust-integrated-hosted-server-6p-1784781625895-1-ef2854 peer=479a9ba6
2026-07-23T04:40:26.133713Z  INFO pack received peer=16e14f0e incoming=4 accepted=4 errs=0
2026-07-23T04:40:26.134427Z  INFO pack received peer=16e14f0e incoming=0 accepted=0 errs=0
2026-07-23T04:40:26.134633Z  INFO pack received peer=16e14f0e incoming=0 accepted=0 errs=0
2026-07-23T04:40:26.134812Z  INFO pack received peer=16e14f0e incoming=0 accepted=0 errs=0
2026-07-23T04:40:26.170709Z  INFO pack received peer=16e14f0e incoming=1 accepted=1 errs=0
2026-07-23T04:40:26.182989Z  INFO pack received peer=24175aab incoming=1 accepted=1 errs=0
2026-07-23T04:40:26.194552Z  INFO pack received peer=658e029d incoming=1 accepted=1 errs=0
2026-07-23T04:40:26.205992Z  INFO pack received peer=5e4ad665 incoming=1 accepted=1 errs=0
2026-07-23T04:40:26.216979Z  INFO pack received peer=776793fc incoming=1 accepted=1 errs=0
2026-07-23T04:40:26.227752Z  INFO pack received peer=479a9ba6 incoming=1 accepted=1 errs=0
2026-07-23T04:40:26.238594Z  INFO pack received peer=16e14f0e incoming=1 accepted=1 errs=0
2026-07-23T04:40:26.249162Z  INFO pack received peer=24175aab incoming=1 accepted=1 errs=0
2026-07-23T04:40:26.259135Z  INFO pack received peer=658e029d incoming=1 accepted=1 errs=0
2026-07-23T04:40:26.269476Z  INFO pack received peer=5e4ad665 incoming=1 accepted=1 errs=0
2026-07-23T04:40:26.279616Z  INFO pack received peer=776793fc incoming=1 accepted=1 errs=0
2026-07-23T04:40:26.289733Z  INFO pack received peer=479a9ba6 incoming=1 accepted=1 errs=0
2026-07-23T04:40:26.326622Z  INFO pack received peer=16e14f0e incoming=2 accepted=2 errs=0
2026-07-23T04:40:26.339893Z  INFO pack received peer=24175aab incoming=2 accepted=2 errs=0
2026-07-23T04:40:26.354735Z  INFO pack received peer=658e029d incoming=2 accepted=2 errs=0
2026-07-23T04:40:26.368177Z  INFO pack received peer=5e4ad665 incoming=2 accepted=2 errs=0
2026-07-23T04:40:26.381746Z  INFO pack received peer=776793fc incoming=2 accepted=2 errs=0
2026-07-23T04:40:26.395112Z  INFO pack received peer=479a9ba6 incoming=2 accepted=2 errs=0
2026-07-23T04:40:26.408536Z  INFO pack received peer=16e14f0e incoming=2 accepted=2 errs=0
2026-07-23T04:40:26.421963Z  INFO pack received peer=24175aab incoming=2 accepted=2 errs=0
2026-07-23T04:40:26.435737Z  INFO pack received peer=658e029d incoming=2 accepted=2 errs=0
2026-07-23T04:40:26.449342Z  INFO pack received peer=5e4ad665 incoming=2 accepted=2 errs=0
2026-07-23T04:40:26.462761Z  INFO pack received peer=776793fc incoming=2 accepted=2 errs=0
2026-07-23T04:40:26.476523Z  INFO pack received peer=479a9ba6 incoming=2 accepted=2 errs=0
2026-07-23T04:40:26.536902Z  INFO pack received peer=16e14f0e incoming=1 accepted=1 errs=0
2026-07-23T04:40:26.548737Z  INFO pack received peer=24175aab incoming=1 accepted=1 errs=0
2026-07-23T04:40:26.559268Z  INFO pack received peer=658e029d incoming=1 accepted=1 errs=0
2026-07-23T04:40:26.569489Z  INFO pack received peer=5e4ad665 incoming=1 accepted=1 errs=0
2026-07-23T04:40:26.580150Z  INFO pack received peer=776793fc incoming=1 accepted=1 errs=0
2026-07-23T04:40:26.591281Z  INFO pack received peer=479a9ba6 incoming=1 accepted=1 errs=0
2026-07-23T04:40:26.601176Z  INFO pack received peer=16e14f0e incoming=1 accepted=1 errs=0
2026-07-23T04:40:26.611780Z  INFO pack received peer=24175aab incoming=1 accepted=1 errs=0
2026-07-23T04:40:26.622117Z  INFO pack received peer=658e029d incoming=1 accepted=1 errs=0
2026-07-23T04:40:26.632489Z  INFO pack received peer=5e4ad665 incoming=1 accepted=1 errs=0
2026-07-23T04:40:26.643290Z  INFO pack received peer=776793fc incoming=1 accepted=1 errs=0
2026-07-23T04:40:26.653588Z  INFO pack received peer=479a9ba6 incoming=1 accepted=1 errs=0
2026-07-23T04:40:26.671582Z  INFO peer connected room=bench-rust-integrated-hosted-server-6p-1784781626666-2-9ca75a peer=db744a59
2026-07-23T04:40:26.672381Z  INFO peer connected room=bench-rust-integrated-hosted-server-6p-1784781626666-2-9ca75a peer=932fcb0a
2026-07-23T04:40:26.672404Z  INFO peer connected room=bench-rust-integrated-hosted-server-6p-1784781626666-2-9ca75a peer=19382ad8
2026-07-23T04:40:26.672413Z  INFO peer connected room=bench-rust-integrated-hosted-server-6p-1784781626666-2-9ca75a peer=819a395d
2026-07-23T04:40:26.672467Z  INFO peer connected room=bench-rust-integrated-hosted-server-6p-1784781626666-2-9ca75a peer=bc0b24c2
2026-07-23T04:40:26.673222Z  INFO peer connected room=bench-rust-integrated-hosted-server-6p-1784781626666-2-9ca75a peer=21d2eba2
2026-07-23T04:40:26.903216Z  INFO pack received peer=db744a59 incoming=4 accepted=4 errs=0
2026-07-23T04:40:26.903925Z  INFO pack received peer=db744a59 incoming=0 accepted=0 errs=0
2026-07-23T04:40:26.904112Z  INFO pack received peer=db744a59 incoming=0 accepted=0 errs=0
2026-07-23T04:40:26.904279Z  INFO pack received peer=db744a59 incoming=0 accepted=0 errs=0
2026-07-23T04:40:26.939295Z  INFO pack received peer=db744a59 incoming=1 accepted=1 errs=0
2026-07-23T04:40:26.951245Z  INFO pack received peer=819a395d incoming=1 accepted=1 errs=0
2026-07-23T04:40:26.961274Z  INFO pack received peer=19382ad8 incoming=1 accepted=1 errs=0
2026-07-23T04:40:26.971345Z  INFO pack received peer=932fcb0a incoming=1 accepted=1 errs=0
2026-07-23T04:40:26.981666Z  INFO pack received peer=bc0b24c2 incoming=1 accepted=1 errs=0
2026-07-23T04:40:26.991686Z  INFO pack received peer=21d2eba2 incoming=1 accepted=1 errs=0
2026-07-23T04:40:27.001559Z  INFO pack received peer=db744a59 incoming=1 accepted=1 errs=0
2026-07-23T04:40:27.011899Z  INFO pack received peer=819a395d incoming=1 accepted=1 errs=0
2026-07-23T04:40:27.022155Z  INFO pack received peer=19382ad8 incoming=1 accepted=1 errs=0
2026-07-23T04:40:27.032394Z  INFO pack received peer=932fcb0a incoming=1 accepted=1 errs=0
2026-07-23T04:40:27.043091Z  INFO pack received peer=bc0b24c2 incoming=1 accepted=1 errs=0
2026-07-23T04:40:27.053294Z  INFO pack received peer=21d2eba2 incoming=1 accepted=1 errs=0
2026-07-23T04:40:27.081573Z  INFO pack received peer=db744a59 incoming=2 accepted=2 errs=0
2026-07-23T04:40:27.095606Z  INFO pack received peer=819a395d incoming=2 accepted=2 errs=0
2026-07-23T04:40:27.109620Z  INFO pack received peer=19382ad8 incoming=2 accepted=2 errs=0
2026-07-23T04:40:27.123984Z  INFO pack received peer=932fcb0a incoming=2 accepted=2 errs=0
2026-07-23T04:40:27.137809Z  INFO pack received peer=bc0b24c2 incoming=2 accepted=2 errs=0
2026-07-23T04:40:27.150619Z  INFO pack received peer=21d2eba2 incoming=2 accepted=2 errs=0
2026-07-23T04:40:27.163788Z  INFO pack received peer=db744a59 incoming=2 accepted=2 errs=0
2026-07-23T04:40:27.177099Z  INFO pack received peer=819a395d incoming=2 accepted=2 errs=0
2026-07-23T04:40:27.190369Z  INFO pack received peer=19382ad8 incoming=2 accepted=2 errs=0
2026-07-23T04:40:27.203340Z  INFO pack received peer=932fcb0a incoming=2 accepted=2 errs=0
2026-07-23T04:40:27.216230Z  INFO pack received peer=bc0b24c2 incoming=2 accepted=2 errs=0
2026-07-23T04:40:27.229097Z  INFO pack received peer=21d2eba2 incoming=2 accepted=2 errs=0
2026-07-23T04:40:27.292871Z  INFO pack received peer=db744a59 incoming=1 accepted=1 errs=0
2026-07-23T04:40:27.304962Z  INFO pack received peer=819a395d incoming=1 accepted=1 errs=0
2026-07-23T04:40:27.315594Z  INFO pack received peer=19382ad8 incoming=1 accepted=1 errs=0
2026-07-23T04:40:27.325805Z  INFO pack received peer=932fcb0a incoming=1 accepted=1 errs=0
2026-07-23T04:40:27.336143Z  INFO pack received peer=bc0b24c2 incoming=1 accepted=1 errs=0
2026-07-23T04:40:27.346273Z  INFO pack received peer=21d2eba2 incoming=1 accepted=1 errs=0
2026-07-23T04:40:27.356854Z  INFO pack received peer=db744a59 incoming=1 accepted=1 errs=0
2026-07-23T04:40:27.366970Z  INFO pack received peer=819a395d incoming=1 accepted=1 errs=0
2026-07-23T04:40:27.377389Z  INFO pack received peer=19382ad8 incoming=1 accepted=1 errs=0
2026-07-23T04:40:27.388066Z  INFO pack received peer=932fcb0a incoming=1 accepted=1 errs=0
2026-07-23T04:40:27.399568Z  INFO pack received peer=bc0b24c2 incoming=1 accepted=1 errs=0
2026-07-23T04:40:27.409927Z  INFO pack received peer=21d2eba2 incoming=1 accepted=1 errs=0
2026-07-23T04:40:27.456512Z  INFO peer connected room=bench-rust-integrated-hosted-server-6p-1784781627451-3-328326 peer=8b84b31e
2026-07-23T04:40:27.457341Z  INFO peer connected room=bench-rust-integrated-hosted-server-6p-1784781627451-3-328326 peer=12ae8f0b
2026-07-23T04:40:27.457369Z  INFO peer connected room=bench-rust-integrated-hosted-server-6p-1784781627451-3-328326 peer=3ba495ec
2026-07-23T04:40:27.457377Z  INFO peer connected room=bench-rust-integrated-hosted-server-6p-1784781627451-3-328326 peer=6ff8b472
2026-07-23T04:40:27.457420Z  INFO peer connected room=bench-rust-integrated-hosted-server-6p-1784781627451-3-328326 peer=33698b2a
2026-07-23T04:40:27.458025Z  INFO peer connected room=bench-rust-integrated-hosted-server-6p-1784781627451-3-328326 peer=1394e8e2
2026-07-23T04:40:27.689427Z  INFO pack received peer=8b84b31e incoming=4 accepted=4 errs=0
2026-07-23T04:40:27.690241Z  INFO pack received peer=8b84b31e incoming=0 accepted=0 errs=0
2026-07-23T04:40:27.690424Z  INFO pack received peer=8b84b31e incoming=0 accepted=0 errs=0
2026-07-23T04:40:27.690577Z  INFO pack received peer=8b84b31e incoming=0 accepted=0 errs=0
2026-07-23T04:40:27.726377Z  INFO pack received peer=8b84b31e incoming=1 accepted=1 errs=0
2026-07-23T04:40:27.737526Z  INFO pack received peer=33698b2a incoming=1 accepted=1 errs=0
2026-07-23T04:40:27.747862Z  INFO pack received peer=3ba495ec incoming=1 accepted=1 errs=0
2026-07-23T04:40:27.758052Z  INFO pack received peer=6ff8b472 incoming=1 accepted=1 errs=0
2026-07-23T04:40:27.768808Z  INFO pack received peer=12ae8f0b incoming=1 accepted=1 errs=0
2026-07-23T04:40:27.779223Z  INFO pack received peer=1394e8e2 incoming=1 accepted=1 errs=0
2026-07-23T04:40:27.789162Z  INFO pack received peer=8b84b31e incoming=1 accepted=1 errs=0
2026-07-23T04:40:27.799558Z  INFO pack received peer=33698b2a incoming=1 accepted=1 errs=0
2026-07-23T04:40:27.809367Z  INFO pack received peer=3ba495ec incoming=1 accepted=1 errs=0
2026-07-23T04:40:27.819756Z  INFO pack received peer=6ff8b472 incoming=1 accepted=1 errs=0
2026-07-23T04:40:27.829869Z  INFO pack received peer=12ae8f0b incoming=1 accepted=1 errs=0
2026-07-23T04:40:27.839963Z  INFO pack received peer=1394e8e2 incoming=1 accepted=1 errs=0
2026-07-23T04:40:27.868130Z  INFO pack received peer=8b84b31e incoming=2 accepted=2 errs=0
2026-07-23T04:40:27.882249Z  INFO pack received peer=33698b2a incoming=2 accepted=2 errs=0
2026-07-23T04:40:27.896346Z  INFO pack received peer=3ba495ec incoming=2 accepted=2 errs=0
2026-07-23T04:40:27.909057Z  INFO pack received peer=6ff8b472 incoming=2 accepted=2 errs=0
2026-07-23T04:40:27.922185Z  INFO pack received peer=12ae8f0b incoming=2 accepted=2 errs=0
2026-07-23T04:40:27.935006Z  INFO pack received peer=1394e8e2 incoming=2 accepted=2 errs=0
2026-07-23T04:40:27.948146Z  INFO pack received peer=8b84b31e incoming=2 accepted=2 errs=0
2026-07-23T04:40:27.961193Z  INFO pack received peer=33698b2a incoming=2 accepted=2 errs=0
2026-07-23T04:40:27.973950Z  INFO pack received peer=3ba495ec incoming=2 accepted=2 errs=0
2026-07-23T04:40:27.987535Z  INFO pack received peer=6ff8b472 incoming=2 accepted=2 errs=0
2026-07-23T04:40:28.001042Z  INFO pack received peer=12ae8f0b incoming=2 accepted=2 errs=0
2026-07-23T04:40:28.014064Z  INFO pack received peer=1394e8e2 incoming=2 accepted=2 errs=0
2026-07-23T04:40:28.079740Z  INFO pack received peer=8b84b31e incoming=1 accepted=1 errs=0
2026-07-23T04:40:28.091939Z  INFO pack received peer=33698b2a incoming=1 accepted=1 errs=0
2026-07-23T04:40:28.102042Z  INFO pack received peer=3ba495ec incoming=1 accepted=1 errs=0
2026-07-23T04:40:28.112777Z  INFO pack received peer=6ff8b472 incoming=1 accepted=1 errs=0
2026-07-23T04:40:28.123092Z  INFO pack received peer=12ae8f0b incoming=1 accepted=1 errs=0
2026-07-23T04:40:28.133051Z  INFO pack received peer=1394e8e2 incoming=1 accepted=1 errs=0
2026-07-23T04:40:28.143197Z  INFO pack received peer=8b84b31e incoming=1 accepted=1 errs=0
2026-07-23T04:40:28.153394Z  INFO pack received peer=33698b2a incoming=1 accepted=1 errs=0
2026-07-23T04:40:28.163517Z  INFO pack received peer=3ba495ec incoming=1 accepted=1 errs=0
2026-07-23T04:40:28.173365Z  INFO pack received peer=6ff8b472 incoming=1 accepted=1 errs=0
2026-07-23T04:40:28.183724Z  INFO pack received peer=12ae8f0b incoming=1 accepted=1 errs=0
2026-07-23T04:40:28.194151Z  INFO pack received peer=1394e8e2 incoming=1 accepted=1 errs=0
2026-07-23T04:40:28.209916Z  INFO peer connected room=bench-rust-integrated-hosted-server-6p-1784781628205-4-c5d614 peer=6485db40
2026-07-23T04:40:28.210680Z  INFO peer connected room=bench-rust-integrated-hosted-server-6p-1784781628205-4-c5d614 peer=ac0f7875
2026-07-23T04:40:28.210704Z  INFO peer connected room=bench-rust-integrated-hosted-server-6p-1784781628205-4-c5d614 peer=74609c57
2026-07-23T04:40:28.210733Z  INFO peer connected room=bench-rust-integrated-hosted-server-6p-1784781628205-4-c5d614 peer=e2266c67
2026-07-23T04:40:28.210772Z  INFO peer connected room=bench-rust-integrated-hosted-server-6p-1784781628205-4-c5d614 peer=648b055f
2026-07-23T04:40:28.211335Z  INFO peer connected room=bench-rust-integrated-hosted-server-6p-1784781628205-4-c5d614 peer=a948b4bb
2026-07-23T04:40:28.443592Z  INFO pack received peer=6485db40 incoming=4 accepted=4 errs=0
2026-07-23T04:40:28.444262Z  INFO pack received peer=6485db40 incoming=0 accepted=0 errs=0
2026-07-23T04:40:28.444459Z  INFO pack received peer=6485db40 incoming=0 accepted=0 errs=0
2026-07-23T04:40:28.444629Z  INFO pack received peer=6485db40 incoming=0 accepted=0 errs=0
2026-07-23T04:40:28.479739Z  INFO pack received peer=6485db40 incoming=1 accepted=1 errs=0
2026-07-23T04:40:28.491637Z  INFO pack received peer=74609c57 incoming=1 accepted=1 errs=0
2026-07-23T04:40:28.501936Z  INFO pack received peer=e2266c67 incoming=1 accepted=1 errs=0
2026-07-23T04:40:28.512106Z  INFO pack received peer=ac0f7875 incoming=1 accepted=1 errs=0
2026-07-23T04:40:28.522584Z  INFO pack received peer=a948b4bb incoming=1 accepted=1 errs=0
2026-07-23T04:40:28.532529Z  INFO pack received peer=648b055f incoming=1 accepted=1 errs=0
2026-07-23T04:40:28.542775Z  INFO pack received peer=6485db40 incoming=1 accepted=1 errs=0
2026-07-23T04:40:28.553189Z  INFO pack received peer=74609c57 incoming=1 accepted=1 errs=0
2026-07-23T04:40:28.563650Z  INFO pack received peer=e2266c67 incoming=1 accepted=1 errs=0
2026-07-23T04:40:28.574014Z  INFO pack received peer=ac0f7875 incoming=1 accepted=1 errs=0
2026-07-23T04:40:28.583883Z  INFO pack received peer=a948b4bb incoming=1 accepted=1 errs=0
2026-07-23T04:40:28.594631Z  INFO pack received peer=648b055f incoming=1 accepted=1 errs=0
2026-07-23T04:40:28.619768Z  INFO pack received peer=6485db40 incoming=2 accepted=2 errs=0
2026-07-23T04:40:28.633648Z  INFO pack received peer=74609c57 incoming=2 accepted=2 errs=0
2026-07-23T04:40:28.646710Z  INFO pack received peer=e2266c67 incoming=2 accepted=2 errs=0
2026-07-23T04:40:28.659951Z  INFO pack received peer=ac0f7875 incoming=2 accepted=2 errs=0
2026-07-23T04:40:28.673310Z  INFO pack received peer=a948b4bb incoming=2 accepted=2 errs=0
2026-07-23T04:40:28.686548Z  INFO pack received peer=648b055f incoming=2 accepted=2 errs=0
2026-07-23T04:40:28.699371Z  INFO pack received peer=6485db40 incoming=2 accepted=2 errs=0
2026-07-23T04:40:28.712298Z  INFO pack received peer=74609c57 incoming=2 accepted=2 errs=0
2026-07-23T04:40:28.725226Z  INFO pack received peer=e2266c67 incoming=2 accepted=2 errs=0
2026-07-23T04:40:28.738549Z  INFO pack received peer=ac0f7875 incoming=2 accepted=2 errs=0
2026-07-23T04:40:28.751361Z  INFO pack received peer=a948b4bb incoming=2 accepted=2 errs=0
2026-07-23T04:40:28.764408Z  INFO pack received peer=648b055f incoming=2 accepted=2 errs=0
2026-07-23T04:40:28.831233Z  INFO pack received peer=6485db40 incoming=1 accepted=1 errs=0
2026-07-23T04:40:28.842582Z  INFO pack received peer=74609c57 incoming=1 accepted=1 errs=0
2026-07-23T04:40:28.852520Z  INFO pack received peer=e2266c67 incoming=1 accepted=1 errs=0
2026-07-23T04:40:28.862490Z  INFO pack received peer=ac0f7875 incoming=1 accepted=1 errs=0
2026-07-23T04:40:28.873048Z  INFO pack received peer=a948b4bb incoming=1 accepted=1 errs=0
2026-07-23T04:40:28.883258Z  INFO pack received peer=648b055f incoming=1 accepted=1 errs=0
2026-07-23T04:40:28.893481Z  INFO pack received peer=6485db40 incoming=1 accepted=1 errs=0
2026-07-23T04:40:28.903760Z  INFO pack received peer=74609c57 incoming=1 accepted=1 errs=0
2026-07-23T04:40:28.913898Z  INFO pack received peer=e2266c67 incoming=1 accepted=1 errs=0
2026-07-23T04:40:28.924100Z  INFO pack received peer=ac0f7875 incoming=1 accepted=1 errs=0
2026-07-23T04:40:28.933854Z  INFO pack received peer=a948b4bb incoming=1 accepted=1 errs=0
2026-07-23T04:40:28.943759Z  INFO pack received peer=648b055f incoming=1 accepted=1 errs=0
2026-07-23T04:40:28.964231Z  INFO peer connected room=bench-rust-integrated-hosted-server-6p-1784781628959-5-95fcd6 peer=bd58f5e8
2026-07-23T04:40:28.965055Z  INFO peer connected room=bench-rust-integrated-hosted-server-6p-1784781628959-5-95fcd6 peer=a839bf95
2026-07-23T04:40:28.965080Z  INFO peer connected room=bench-rust-integrated-hosted-server-6p-1784781628959-5-95fcd6 peer=d9e13710
2026-07-23T04:40:28.965092Z  INFO peer connected room=bench-rust-integrated-hosted-server-6p-1784781628959-5-95fcd6 peer=1b97716c
2026-07-23T04:40:28.965103Z  INFO peer connected room=bench-rust-integrated-hosted-server-6p-1784781628959-5-95fcd6 peer=002a0165
2026-07-23T04:40:28.965280Z  INFO peer connected room=bench-rust-integrated-hosted-server-6p-1784781628959-5-95fcd6 peer=30079711
2026-07-23T04:40:29.196856Z  INFO pack received peer=bd58f5e8 incoming=4 accepted=4 errs=0
2026-07-23T04:40:29.197513Z  INFO pack received peer=bd58f5e8 incoming=0 accepted=0 errs=0
2026-07-23T04:40:29.197783Z  INFO pack received peer=bd58f5e8 incoming=0 accepted=0 errs=0
2026-07-23T04:40:29.197951Z  INFO pack received peer=bd58f5e8 incoming=0 accepted=0 errs=0
2026-07-23T04:40:29.233400Z  INFO pack received peer=bd58f5e8 incoming=1 accepted=1 errs=0
2026-07-23T04:40:29.244426Z  INFO pack received peer=d9e13710 incoming=1 accepted=1 errs=0
2026-07-23T04:40:29.254245Z  INFO pack received peer=1b97716c incoming=1 accepted=1 errs=0
2026-07-23T04:40:29.265641Z  INFO pack received peer=a839bf95 incoming=1 accepted=1 errs=0
2026-07-23T04:40:29.276930Z  INFO pack received peer=002a0165 incoming=1 accepted=1 errs=0
2026-07-23T04:40:29.287351Z  INFO pack received peer=30079711 incoming=1 accepted=1 errs=0
2026-07-23T04:40:29.297730Z  INFO pack received peer=bd58f5e8 incoming=1 accepted=1 errs=0
2026-07-23T04:40:29.308399Z  INFO pack received peer=d9e13710 incoming=1 accepted=1 errs=0
2026-07-23T04:40:29.319537Z  INFO pack received peer=1b97716c incoming=1 accepted=1 errs=0
2026-07-23T04:40:29.329961Z  INFO pack received peer=a839bf95 incoming=1 accepted=1 errs=0
2026-07-23T04:40:29.340392Z  INFO pack received peer=002a0165 incoming=1 accepted=1 errs=0
2026-07-23T04:40:29.350682Z  INFO pack received peer=30079711 incoming=1 accepted=1 errs=0
2026-07-23T04:40:29.394353Z  INFO pack received peer=bd58f5e8 incoming=2 accepted=2 errs=0
2026-07-23T04:40:29.409444Z  INFO pack received peer=d9e13710 incoming=2 accepted=2 errs=0
2026-07-23T04:40:29.423605Z  INFO pack received peer=1b97716c incoming=2 accepted=2 errs=0
2026-07-23T04:40:29.437500Z  INFO pack received peer=a839bf95 incoming=2 accepted=2 errs=0
2026-07-23T04:40:29.452085Z  INFO pack received peer=002a0165 incoming=2 accepted=2 errs=0
2026-07-23T04:40:29.465119Z  INFO pack received peer=30079711 incoming=2 accepted=2 errs=0
2026-07-23T04:40:29.478749Z  INFO pack received peer=bd58f5e8 incoming=2 accepted=2 errs=0
2026-07-23T04:40:29.491915Z  INFO pack received peer=d9e13710 incoming=2 accepted=2 errs=0
2026-07-23T04:40:29.504914Z  INFO pack received peer=1b97716c incoming=2 accepted=2 errs=0
2026-07-23T04:40:29.519106Z  INFO pack received peer=a839bf95 incoming=2 accepted=2 errs=0
2026-07-23T04:40:29.533173Z  INFO pack received peer=002a0165 incoming=2 accepted=2 errs=0
2026-07-23T04:40:29.547089Z  INFO pack received peer=30079711 incoming=2 accepted=2 errs=0
2026-07-23T04:40:29.603551Z  INFO pack received peer=bd58f5e8 incoming=1 accepted=1 errs=0
2026-07-23T04:40:29.615955Z  INFO pack received peer=d9e13710 incoming=1 accepted=1 errs=0
2026-07-23T04:40:29.626283Z  INFO pack received peer=1b97716c incoming=1 accepted=1 errs=0
2026-07-23T04:40:29.636296Z  INFO pack received peer=a839bf95 incoming=1 accepted=1 errs=0
2026-07-23T04:40:29.646772Z  INFO pack received peer=002a0165 incoming=1 accepted=1 errs=0
2026-07-23T04:40:29.657207Z  INFO pack received peer=30079711 incoming=1 accepted=1 errs=0
2026-07-23T04:40:29.667685Z  INFO pack received peer=bd58f5e8 incoming=1 accepted=1 errs=0
2026-07-23T04:40:29.678408Z  INFO pack received peer=d9e13710 incoming=1 accepted=1 errs=0
2026-07-23T04:40:29.688956Z  INFO pack received peer=1b97716c incoming=1 accepted=1 errs=0
2026-07-23T04:40:29.699553Z  INFO pack received peer=a839bf95 incoming=1 accepted=1 errs=0
2026-07-23T04:40:29.710223Z  INFO pack received peer=002a0165 incoming=1 accepted=1 errs=0
2026-07-23T04:40:29.720669Z  INFO pack received peer=30079711 incoming=1 accepted=1 errs=0
2026-07-23T04:40:29.736105Z  INFO peer connected room=bench-rust-integrated-hosted-server-6p-1784781629731-6-022b18 peer=d4ba9315
2026-07-23T04:40:29.736936Z  INFO peer connected room=bench-rust-integrated-hosted-server-6p-1784781629731-6-022b18 peer=a1297ae0
2026-07-23T04:40:29.736960Z  INFO peer connected room=bench-rust-integrated-hosted-server-6p-1784781629731-6-022b18 peer=43148869
2026-07-23T04:40:29.737181Z  INFO peer connected room=bench-rust-integrated-hosted-server-6p-1784781629731-6-022b18 peer=33e7d371
2026-07-23T04:40:29.737010Z  INFO peer connected room=bench-rust-integrated-hosted-server-6p-1784781629731-6-022b18 peer=87a2d555
2026-07-23T04:40:29.736979Z  INFO peer connected room=bench-rust-integrated-hosted-server-6p-1784781629731-6-022b18 peer=4a150b98
2026-07-23T04:40:29.967714Z  INFO pack received peer=d4ba9315 incoming=4 accepted=4 errs=0
2026-07-23T04:40:29.968454Z  INFO pack received peer=d4ba9315 incoming=0 accepted=0 errs=0
2026-07-23T04:40:29.968645Z  INFO pack received peer=d4ba9315 incoming=0 accepted=0 errs=0
2026-07-23T04:40:29.968831Z  INFO pack received peer=d4ba9315 incoming=0 accepted=0 errs=0
2026-07-23T04:40:30.005550Z  INFO pack received peer=d4ba9315 incoming=1 accepted=1 errs=0
2026-07-23T04:40:30.016623Z  INFO pack received peer=43148869 incoming=1 accepted=1 errs=0
2026-07-23T04:40:30.026825Z  INFO pack received peer=87a2d555 incoming=1 accepted=1 errs=0
2026-07-23T04:40:30.037185Z  INFO pack received peer=4a150b98 incoming=1 accepted=1 errs=0
2026-07-23T04:40:30.048254Z  INFO pack received peer=a1297ae0 incoming=1 accepted=1 errs=0
2026-07-23T04:40:30.059135Z  INFO pack received peer=33e7d371 incoming=1 accepted=1 errs=0
2026-07-23T04:40:30.069869Z  INFO pack received peer=d4ba9315 incoming=1 accepted=1 errs=0
2026-07-23T04:40:30.081285Z  INFO pack received peer=43148869 incoming=1 accepted=1 errs=0
2026-07-23T04:40:30.092843Z  INFO pack received peer=87a2d555 incoming=1 accepted=1 errs=0
2026-07-23T04:40:30.103789Z  INFO pack received peer=4a150b98 incoming=1 accepted=1 errs=0
2026-07-23T04:40:30.114117Z  INFO pack received peer=a1297ae0 incoming=1 accepted=1 errs=0
2026-07-23T04:40:30.124854Z  INFO pack received peer=33e7d371 incoming=1 accepted=1 errs=0
2026-07-23T04:40:30.162844Z  INFO pack received peer=d4ba9315 incoming=2 accepted=2 errs=0
2026-07-23T04:40:30.177260Z  INFO pack received peer=43148869 incoming=2 accepted=2 errs=0
2026-07-23T04:40:30.191351Z  INFO pack received peer=87a2d555 incoming=2 accepted=2 errs=0
2026-07-23T04:40:30.205932Z  INFO pack received peer=4a150b98 incoming=2 accepted=2 errs=0
2026-07-23T04:40:30.218673Z  INFO pack received peer=a1297ae0 incoming=2 accepted=2 errs=0
2026-07-23T04:40:30.232328Z  INFO pack received peer=33e7d371 incoming=2 accepted=2 errs=0
2026-07-23T04:40:30.245505Z  INFO pack received peer=d4ba9315 incoming=2 accepted=2 errs=0
2026-07-23T04:40:30.258264Z  INFO pack received peer=43148869 incoming=2 accepted=2 errs=0
2026-07-23T04:40:30.271530Z  INFO pack received peer=87a2d555 incoming=2 accepted=2 errs=0
2026-07-23T04:40:30.284479Z  INFO pack received peer=4a150b98 incoming=2 accepted=2 errs=0
2026-07-23T04:40:30.297551Z  INFO pack received peer=a1297ae0 incoming=2 accepted=2 errs=0
2026-07-23T04:40:30.310483Z  INFO pack received peer=33e7d371 incoming=2 accepted=2 errs=0
2026-07-23T04:40:30.373205Z  INFO pack received peer=d4ba9315 incoming=1 accepted=1 errs=0
2026-07-23T04:40:30.385022Z  INFO pack received peer=43148869 incoming=1 accepted=1 errs=0
2026-07-23T04:40:30.395658Z  INFO pack received peer=87a2d555 incoming=1 accepted=1 errs=0
2026-07-23T04:40:30.406167Z  INFO pack received peer=4a150b98 incoming=1 accepted=1 errs=0
2026-07-23T04:40:30.416861Z  INFO pack received peer=a1297ae0 incoming=1 accepted=1 errs=0
2026-07-23T04:40:30.427569Z  INFO pack received peer=33e7d371 incoming=1 accepted=1 errs=0
2026-07-23T04:40:30.437636Z  INFO pack received peer=d4ba9315 incoming=1 accepted=1 errs=0
2026-07-23T04:40:30.447910Z  INFO pack received peer=43148869 incoming=1 accepted=1 errs=0
2026-07-23T04:40:30.458079Z  INFO pack received peer=87a2d555 incoming=1 accepted=1 errs=0
2026-07-23T04:40:30.468577Z  INFO pack received peer=4a150b98 incoming=1 accepted=1 errs=0
2026-07-23T04:40:30.478886Z  INFO pack received peer=a1297ae0 incoming=1 accepted=1 errs=0
2026-07-23T04:40:30.489028Z  INFO pack received peer=33e7d371 incoming=1 accepted=1 errs=0
2026-07-23T04:40:30.504477Z  INFO peer connected room=bench-rust-integrated-hosted-server-6p-1784781630500-7-5d60a9 peer=e84dfb6c
2026-07-23T04:40:30.505242Z  INFO peer connected room=bench-rust-integrated-hosted-server-6p-1784781630500-7-5d60a9 peer=aadcdd26
2026-07-23T04:40:30.505911Z  INFO peer connected room=bench-rust-integrated-hosted-server-6p-1784781630500-7-5d60a9 peer=83b17a89
2026-07-23T04:40:30.505924Z  INFO peer connected room=bench-rust-integrated-hosted-server-6p-1784781630500-7-5d60a9 peer=41472b43
2026-07-23T04:40:30.505925Z  INFO peer connected room=bench-rust-integrated-hosted-server-6p-1784781630500-7-5d60a9 peer=89037ff8
2026-07-23T04:40:30.505965Z  INFO peer connected room=bench-rust-integrated-hosted-server-6p-1784781630500-7-5d60a9 peer=4081d92c
2026-07-23T04:40:30.738111Z  INFO pack received peer=e84dfb6c incoming=4 accepted=4 errs=0
2026-07-23T04:40:30.738786Z  INFO pack received peer=e84dfb6c incoming=0 accepted=0 errs=0
2026-07-23T04:40:30.738973Z  INFO pack received peer=e84dfb6c incoming=0 accepted=0 errs=0
2026-07-23T04:40:30.739130Z  INFO pack received peer=e84dfb6c incoming=0 accepted=0 errs=0
2026-07-23T04:40:30.774770Z  INFO pack received peer=e84dfb6c incoming=1 accepted=1 errs=0
2026-07-23T04:40:30.786020Z  INFO pack received peer=41472b43 incoming=1 accepted=1 errs=0
2026-07-23T04:40:30.796159Z  INFO pack received peer=aadcdd26 incoming=1 accepted=1 errs=0
2026-07-23T04:40:30.806893Z  INFO pack received peer=89037ff8 incoming=1 accepted=1 errs=0
2026-07-23T04:40:30.817039Z  INFO pack received peer=83b17a89 incoming=1 accepted=1 errs=0
2026-07-23T04:40:30.827482Z  INFO pack received peer=4081d92c incoming=1 accepted=1 errs=0
2026-07-23T04:40:30.837423Z  INFO pack received peer=e84dfb6c incoming=1 accepted=1 errs=0
2026-07-23T04:40:30.847540Z  INFO pack received peer=41472b43 incoming=1 accepted=1 errs=0
2026-07-23T04:40:30.857633Z  INFO pack received peer=aadcdd26 incoming=1 accepted=1 errs=0
2026-07-23T04:40:30.868220Z  INFO pack received peer=89037ff8 incoming=1 accepted=1 errs=0
2026-07-23T04:40:30.878737Z  INFO pack received peer=83b17a89 incoming=1 accepted=1 errs=0
2026-07-23T04:40:30.889065Z  INFO pack received peer=4081d92c incoming=1 accepted=1 errs=0
2026-07-23T04:40:30.915026Z  INFO pack received peer=e84dfb6c incoming=2 accepted=2 errs=0
2026-07-23T04:40:30.929735Z  INFO pack received peer=41472b43 incoming=2 accepted=2 errs=0
2026-07-23T04:40:30.943824Z  INFO pack received peer=aadcdd26 incoming=2 accepted=2 errs=0
2026-07-23T04:40:30.958027Z  INFO pack received peer=89037ff8 incoming=2 accepted=2 errs=0
2026-07-23T04:40:30.970999Z  INFO pack received peer=83b17a89 incoming=2 accepted=2 errs=0
2026-07-23T04:40:30.984366Z  INFO pack received peer=4081d92c incoming=2 accepted=2 errs=0
2026-07-23T04:40:30.997843Z  INFO pack received peer=e84dfb6c incoming=2 accepted=2 errs=0
2026-07-23T04:40:31.011014Z  INFO pack received peer=41472b43 incoming=2 accepted=2 errs=0
2026-07-23T04:40:31.024183Z  INFO pack received peer=aadcdd26 incoming=2 accepted=2 errs=0
2026-07-23T04:40:31.037161Z  INFO pack received peer=89037ff8 incoming=2 accepted=2 errs=0
2026-07-23T04:40:31.050167Z  INFO pack received peer=83b17a89 incoming=2 accepted=2 errs=0
2026-07-23T04:40:31.062905Z  INFO pack received peer=4081d92c incoming=2 accepted=2 errs=0
2026-07-23T04:40:31.127619Z  INFO pack received peer=e84dfb6c incoming=1 accepted=1 errs=0
2026-07-23T04:40:31.139577Z  INFO pack received peer=41472b43 incoming=1 accepted=1 errs=0
2026-07-23T04:40:31.150049Z  INFO pack received peer=aadcdd26 incoming=1 accepted=1 errs=0
2026-07-23T04:40:31.160255Z  INFO pack received peer=89037ff8 incoming=1 accepted=1 errs=0
2026-07-23T04:40:31.170831Z  INFO pack received peer=83b17a89 incoming=1 accepted=1 errs=0
2026-07-23T04:40:31.182058Z  INFO pack received peer=4081d92c incoming=1 accepted=1 errs=0
2026-07-23T04:40:31.193039Z  INFO pack received peer=e84dfb6c incoming=1 accepted=1 errs=0
2026-07-23T04:40:31.203437Z  INFO pack received peer=41472b43 incoming=1 accepted=1 errs=0
2026-07-23T04:40:31.214101Z  INFO pack received peer=aadcdd26 incoming=1 accepted=1 errs=0
2026-07-23T04:40:31.224836Z  INFO pack received peer=89037ff8 incoming=1 accepted=1 errs=0
2026-07-23T04:40:31.235112Z  INFO pack received peer=83b17a89 incoming=1 accepted=1 errs=0
2026-07-23T04:40:31.245920Z  INFO pack received peer=4081d92c incoming=1 accepted=1 errs=0
2026-07-23T04:40:31.303711Z  INFO peer connected room=bench-rust-integrated-hosted-server-6p-1784781631299-8-b45ef5 peer=713b9cd1
2026-07-23T04:40:31.304502Z  INFO peer connected room=bench-rust-integrated-hosted-server-6p-1784781631299-8-b45ef5 peer=266302af
2026-07-23T04:40:31.304524Z  INFO peer connected room=bench-rust-integrated-hosted-server-6p-1784781631299-8-b45ef5 peer=64e40595
2026-07-23T04:40:31.304748Z  INFO peer connected room=bench-rust-integrated-hosted-server-6p-1784781631299-8-b45ef5 peer=ba4762cd
2026-07-23T04:40:31.304590Z  INFO peer connected room=bench-rust-integrated-hosted-server-6p-1784781631299-8-b45ef5 peer=7c09bc29
2026-07-23T04:40:31.304558Z  INFO peer connected room=bench-rust-integrated-hosted-server-6p-1784781631299-8-b45ef5 peer=421d0543
2026-07-23T04:40:31.534649Z  INFO pack received peer=713b9cd1 incoming=4 accepted=4 errs=0
2026-07-23T04:40:31.535305Z  INFO pack received peer=713b9cd1 incoming=0 accepted=0 errs=0
2026-07-23T04:40:31.535494Z  INFO pack received peer=713b9cd1 incoming=0 accepted=0 errs=0
2026-07-23T04:40:31.535649Z  INFO pack received peer=713b9cd1 incoming=0 accepted=0 errs=0
2026-07-23T04:40:31.572074Z  INFO pack received peer=713b9cd1 incoming=1 accepted=1 errs=0
2026-07-23T04:40:31.582860Z  INFO pack received peer=64e40595 incoming=1 accepted=1 errs=0
2026-07-23T04:40:31.593516Z  INFO pack received peer=421d0543 incoming=1 accepted=1 errs=0
2026-07-23T04:40:31.603979Z  INFO pack received peer=7c09bc29 incoming=1 accepted=1 errs=0
2026-07-23T04:40:31.614449Z  INFO pack received peer=266302af incoming=1 accepted=1 errs=0
2026-07-23T04:40:31.624904Z  INFO pack received peer=ba4762cd incoming=1 accepted=1 errs=0
2026-07-23T04:40:31.635264Z  INFO pack received peer=713b9cd1 incoming=1 accepted=1 errs=0
2026-07-23T04:40:31.645344Z  INFO pack received peer=64e40595 incoming=1 accepted=1 errs=0
2026-07-23T04:40:31.655567Z  INFO pack received peer=421d0543 incoming=1 accepted=1 errs=0
2026-07-23T04:40:31.665912Z  INFO pack received peer=7c09bc29 incoming=1 accepted=1 errs=0
2026-07-23T04:40:31.676581Z  INFO pack received peer=266302af incoming=1 accepted=1 errs=0
2026-07-23T04:40:31.687018Z  INFO pack received peer=ba4762cd incoming=1 accepted=1 errs=0
2026-07-23T04:40:31.714757Z  INFO pack received peer=713b9cd1 incoming=2 accepted=2 errs=0
2026-07-23T04:40:31.729137Z  INFO pack received peer=64e40595 incoming=2 accepted=2 errs=0
2026-07-23T04:40:31.741908Z  INFO pack received peer=421d0543 incoming=2 accepted=2 errs=0
2026-07-23T04:40:31.755268Z  INFO pack received peer=7c09bc29 incoming=2 accepted=2 errs=0
2026-07-23T04:40:31.768505Z  INFO pack received peer=266302af incoming=2 accepted=2 errs=0
2026-07-23T04:40:31.781872Z  INFO pack received peer=ba4762cd incoming=2 accepted=2 errs=0
2026-07-23T04:40:31.794886Z  INFO pack received peer=713b9cd1 incoming=2 accepted=2 errs=0
2026-07-23T04:40:31.807325Z  INFO pack received peer=64e40595 incoming=2 accepted=2 errs=0
2026-07-23T04:40:31.820225Z  INFO pack received peer=421d0543 incoming=2 accepted=2 errs=0
2026-07-23T04:40:31.833113Z  INFO pack received peer=7c09bc29 incoming=2 accepted=2 errs=0
2026-07-23T04:40:31.846601Z  INFO pack received peer=266302af incoming=2 accepted=2 errs=0
2026-07-23T04:40:31.859328Z  INFO pack received peer=ba4762cd incoming=2 accepted=2 errs=0
2026-07-23T04:40:31.925032Z  INFO pack received peer=713b9cd1 incoming=1 accepted=1 errs=0
2026-07-23T04:40:31.937190Z  INFO pack received peer=64e40595 incoming=1 accepted=1 errs=0
2026-07-23T04:40:31.948159Z  INFO pack received peer=421d0543 incoming=1 accepted=1 errs=0
2026-07-23T04:40:31.958175Z  INFO pack received peer=7c09bc29 incoming=1 accepted=1 errs=0
2026-07-23T04:40:31.968415Z  INFO pack received peer=266302af incoming=1 accepted=1 errs=0
2026-07-23T04:40:31.978878Z  INFO pack received peer=ba4762cd incoming=1 accepted=1 errs=0
2026-07-23T04:40:31.988951Z  INFO pack received peer=713b9cd1 incoming=1 accepted=1 errs=0
2026-07-23T04:40:31.999015Z  INFO pack received peer=64e40595 incoming=1 accepted=1 errs=0
2026-07-23T04:40:32.009117Z  INFO pack received peer=421d0543 incoming=1 accepted=1 errs=0
2026-07-23T04:40:32.019083Z  INFO pack received peer=7c09bc29 incoming=1 accepted=1 errs=0
2026-07-23T04:40:32.029217Z  INFO pack received peer=266302af incoming=1 accepted=1 errs=0
2026-07-23T04:40:32.039876Z  INFO pack received peer=ba4762cd incoming=1 accepted=1 errs=0
2026-07-23T04:40:32.056227Z  INFO peer connected room=bench-rust-integrated-hosted-server-6p-1784781632051-9-41450d peer=720dc777
2026-07-23T04:40:32.056964Z  INFO peer connected room=bench-rust-integrated-hosted-server-6p-1784781632051-9-41450d peer=db7393af
2026-07-23T04:40:32.056990Z  INFO peer connected room=bench-rust-integrated-hosted-server-6p-1784781632051-9-41450d peer=ec50b773
2026-07-23T04:40:32.057004Z  INFO peer connected room=bench-rust-integrated-hosted-server-6p-1784781632051-9-41450d peer=4fda70fa
2026-07-23T04:40:32.057035Z  INFO peer connected room=bench-rust-integrated-hosted-server-6p-1784781632051-9-41450d peer=7f5501eb
2026-07-23T04:40:32.057652Z  INFO peer connected room=bench-rust-integrated-hosted-server-6p-1784781632051-9-41450d peer=36341214
2026-07-23T04:40:32.286715Z  INFO pack received peer=720dc777 incoming=4 accepted=4 errs=0
2026-07-23T04:40:32.287078Z  INFO pack received peer=720dc777 incoming=0 accepted=0 errs=0
2026-07-23T04:40:32.287254Z  INFO pack received peer=720dc777 incoming=0 accepted=0 errs=0
2026-07-23T04:40:32.287402Z  INFO pack received peer=720dc777 incoming=0 accepted=0 errs=0
2026-07-23T04:40:32.324063Z  INFO pack received peer=720dc777 incoming=1 accepted=1 errs=0
2026-07-23T04:40:32.335137Z  INFO pack received peer=4fda70fa incoming=1 accepted=1 errs=0
2026-07-23T04:40:32.345152Z  INFO pack received peer=ec50b773 incoming=1 accepted=1 errs=0
2026-07-23T04:40:32.355421Z  INFO pack received peer=7f5501eb incoming=1 accepted=1 errs=0
2026-07-23T04:40:32.365883Z  INFO pack received peer=db7393af incoming=1 accepted=1 errs=0
2026-07-23T04:40:32.375975Z  INFO pack received peer=36341214 incoming=1 accepted=1 errs=0
2026-07-23T04:40:32.386039Z  INFO pack received peer=720dc777 incoming=1 accepted=1 errs=0
2026-07-23T04:40:32.396944Z  INFO pack received peer=4fda70fa incoming=1 accepted=1 errs=0
2026-07-23T04:40:32.406962Z  INFO pack received peer=ec50b773 incoming=1 accepted=1 errs=0
2026-07-23T04:40:32.416898Z  INFO pack received peer=7f5501eb incoming=1 accepted=1 errs=0
2026-07-23T04:40:32.426689Z  INFO pack received peer=db7393af incoming=1 accepted=1 errs=0
2026-07-23T04:40:32.437078Z  INFO pack received peer=36341214 incoming=1 accepted=1 errs=0
2026-07-23T04:40:32.465536Z  INFO pack received peer=720dc777 incoming=2 accepted=2 errs=0
2026-07-23T04:40:32.480674Z  INFO pack received peer=4fda70fa incoming=2 accepted=2 errs=0
2026-07-23T04:40:32.495457Z  INFO pack received peer=ec50b773 incoming=2 accepted=2 errs=0
2026-07-23T04:40:32.509596Z  INFO pack received peer=7f5501eb incoming=2 accepted=2 errs=0
2026-07-23T04:40:32.524518Z  INFO pack received peer=db7393af incoming=2 accepted=2 errs=0
2026-07-23T04:40:32.537589Z  INFO pack received peer=36341214 incoming=2 accepted=2 errs=0
2026-07-23T04:40:32.550927Z  INFO pack received peer=720dc777 incoming=2 accepted=2 errs=0
2026-07-23T04:40:32.564292Z  INFO pack received peer=4fda70fa incoming=2 accepted=2 errs=0
2026-07-23T04:40:32.577750Z  INFO pack received peer=ec50b773 incoming=2 accepted=2 errs=0
2026-07-23T04:40:32.591449Z  INFO pack received peer=7f5501eb incoming=2 accepted=2 errs=0
2026-07-23T04:40:32.604176Z  INFO pack received peer=db7393af incoming=2 accepted=2 errs=0
2026-07-23T04:40:32.617114Z  INFO pack received peer=36341214 incoming=2 accepted=2 errs=0
2026-07-23T04:40:32.675566Z  INFO pack received peer=720dc777 incoming=1 accepted=1 errs=0
2026-07-23T04:40:32.687104Z  INFO pack received peer=4fda70fa incoming=1 accepted=1 errs=0
2026-07-23T04:40:32.697562Z  INFO pack received peer=ec50b773 incoming=1 accepted=1 errs=0
2026-07-23T04:40:32.707710Z  INFO pack received peer=7f5501eb incoming=1 accepted=1 errs=0
2026-07-23T04:40:32.718411Z  INFO pack received peer=db7393af incoming=1 accepted=1 errs=0
2026-07-23T04:40:32.728878Z  INFO pack received peer=36341214 incoming=1 accepted=1 errs=0
2026-07-23T04:40:32.739203Z  INFO pack received peer=720dc777 incoming=1 accepted=1 errs=0
2026-07-23T04:40:32.750168Z  INFO pack received peer=4fda70fa incoming=1 accepted=1 errs=0
2026-07-23T04:40:32.760788Z  INFO pack received peer=ec50b773 incoming=1 accepted=1 errs=0
2026-07-23T04:40:32.771790Z  INFO pack received peer=7f5501eb incoming=1 accepted=1 errs=0
2026-07-23T04:40:32.781885Z  INFO pack received peer=db7393af incoming=1 accepted=1 errs=0
2026-07-23T04:40:32.792660Z  INFO pack received peer=36341214 incoming=1 accepted=1 errs=0
2026-07-23T04:40:32.824195Z  INFO peer connected room=bench-rust-integrated-hosted-server-6p-1784781632819-10-3e186b peer=3453fcb2
2026-07-23T04:40:32.825000Z  INFO peer connected room=bench-rust-integrated-hosted-server-6p-1784781632819-10-3e186b peer=a00b7dec
2026-07-23T04:40:32.825029Z  INFO peer connected room=bench-rust-integrated-hosted-server-6p-1784781632819-10-3e186b peer=35639a96
2026-07-23T04:40:32.825044Z  INFO peer connected room=bench-rust-integrated-hosted-server-6p-1784781632819-10-3e186b peer=bf3183f3
2026-07-23T04:40:32.825129Z  INFO peer connected room=bench-rust-integrated-hosted-server-6p-1784781632819-10-3e186b peer=7685c382
2026-07-23T04:40:32.825720Z  INFO peer connected room=bench-rust-integrated-hosted-server-6p-1784781632819-10-3e186b peer=492179a0
2026-07-23T04:40:33.056909Z  INFO pack received peer=3453fcb2 incoming=4 accepted=4 errs=0
2026-07-23T04:40:33.057613Z  INFO pack received peer=3453fcb2 incoming=0 accepted=0 errs=0
2026-07-23T04:40:33.057793Z  INFO pack received peer=3453fcb2 incoming=0 accepted=0 errs=0
2026-07-23T04:40:33.057943Z  INFO pack received peer=3453fcb2 incoming=0 accepted=0 errs=0
2026-07-23T04:40:33.093440Z  INFO pack received peer=3453fcb2 incoming=1 accepted=1 errs=0
2026-07-23T04:40:33.104350Z  INFO pack received peer=35639a96 incoming=1 accepted=1 errs=0
2026-07-23T04:40:33.114522Z  INFO pack received peer=bf3183f3 incoming=1 accepted=1 errs=0
2026-07-23T04:40:33.124521Z  INFO pack received peer=7685c382 incoming=1 accepted=1 errs=0
2026-07-23T04:40:33.134647Z  INFO pack received peer=a00b7dec incoming=1 accepted=1 errs=0
2026-07-23T04:40:33.144840Z  INFO pack received peer=492179a0 incoming=1 accepted=1 errs=0
2026-07-23T04:40:33.154746Z  INFO pack received peer=3453fcb2 incoming=1 accepted=1 errs=0
2026-07-23T04:40:33.164685Z  INFO pack received peer=35639a96 incoming=1 accepted=1 errs=0
2026-07-23T04:40:33.174760Z  INFO pack received peer=bf3183f3 incoming=1 accepted=1 errs=0
2026-07-23T04:40:33.185782Z  INFO pack received peer=7685c382 incoming=1 accepted=1 errs=0
2026-07-23T04:40:33.195951Z  INFO pack received peer=a00b7dec incoming=1 accepted=1 errs=0
2026-07-23T04:40:33.206008Z  INFO pack received peer=492179a0 incoming=1 accepted=1 errs=0
2026-07-23T04:40:33.247883Z  INFO pack received peer=3453fcb2 incoming=2 accepted=2 errs=0
2026-07-23T04:40:33.262628Z  INFO pack received peer=35639a96 incoming=2 accepted=2 errs=0
2026-07-23T04:40:33.276318Z  INFO pack received peer=bf3183f3 incoming=2 accepted=2 errs=0
2026-07-23T04:40:33.291116Z  INFO pack received peer=7685c382 incoming=2 accepted=2 errs=0
2026-07-23T04:40:33.304169Z  INFO pack received peer=a00b7dec incoming=2 accepted=2 errs=0
2026-07-23T04:40:33.317998Z  INFO pack received peer=492179a0 incoming=2 accepted=2 errs=0
2026-07-23T04:40:33.331471Z  INFO pack received peer=3453fcb2 incoming=2 accepted=2 errs=0
2026-07-23T04:40:33.345018Z  INFO pack received peer=35639a96 incoming=2 accepted=2 errs=0
2026-07-23T04:40:33.358633Z  INFO pack received peer=bf3183f3 incoming=2 accepted=2 errs=0
2026-07-23T04:40:33.371691Z  INFO pack received peer=7685c382 incoming=2 accepted=2 errs=0
2026-07-23T04:40:33.384828Z  INFO pack received peer=a00b7dec incoming=2 accepted=2 errs=0
2026-07-23T04:40:33.398285Z  INFO pack received peer=492179a0 incoming=2 accepted=2 errs=0
2026-07-23T04:40:33.459352Z  INFO pack received peer=3453fcb2 incoming=1 accepted=1 errs=0
2026-07-23T04:40:33.471330Z  INFO pack received peer=35639a96 incoming=1 accepted=1 errs=0
2026-07-23T04:40:33.481512Z  INFO pack received peer=bf3183f3 incoming=1 accepted=1 errs=0
2026-07-23T04:40:33.491259Z  INFO pack received peer=7685c382 incoming=1 accepted=1 errs=0
2026-07-23T04:40:33.501463Z  INFO pack received peer=a00b7dec incoming=1 accepted=1 errs=0
2026-07-23T04:40:33.511552Z  INFO pack received peer=492179a0 incoming=1 accepted=1 errs=0
2026-07-23T04:40:33.521615Z  INFO pack received peer=3453fcb2 incoming=1 accepted=1 errs=0
2026-07-23T04:40:33.531636Z  INFO pack received peer=35639a96 incoming=1 accepted=1 errs=0
2026-07-23T04:40:33.541745Z  INFO pack received peer=bf3183f3 incoming=1 accepted=1 errs=0
2026-07-23T04:40:33.551673Z  INFO pack received peer=7685c382 incoming=1 accepted=1 errs=0
2026-07-23T04:40:33.561739Z  INFO pack received peer=a00b7dec incoming=1 accepted=1 errs=0
2026-07-23T04:40:33.571778Z  INFO pack received peer=492179a0 incoming=1 accepted=1 errs=0
2026-07-23T04:40:33.590682Z  INFO peer connected room=bench-rust-integrated-hosted-server-6p-1784781633586-11-98cb81 peer=1d0f9f69
2026-07-23T04:40:33.591513Z  INFO peer connected room=bench-rust-integrated-hosted-server-6p-1784781633586-11-98cb81 peer=03e0e420
2026-07-23T04:40:33.591536Z  INFO peer connected room=bench-rust-integrated-hosted-server-6p-1784781633586-11-98cb81 peer=90313532
2026-07-23T04:40:33.591555Z  INFO peer connected room=bench-rust-integrated-hosted-server-6p-1784781633586-11-98cb81 peer=3ad095da
2026-07-23T04:40:33.591604Z  INFO peer connected room=bench-rust-integrated-hosted-server-6p-1784781633586-11-98cb81 peer=e1d96510
2026-07-23T04:40:33.592194Z  INFO peer connected room=bench-rust-integrated-hosted-server-6p-1784781633586-11-98cb81 peer=d3406ee7
2026-07-23T04:40:33.823143Z  INFO pack received peer=1d0f9f69 incoming=4 accepted=4 errs=0
2026-07-23T04:40:33.823769Z  INFO pack received peer=1d0f9f69 incoming=0 accepted=0 errs=0
2026-07-23T04:40:33.824051Z  INFO pack received peer=1d0f9f69 incoming=0 accepted=0 errs=0
2026-07-23T04:40:33.824222Z  INFO pack received peer=1d0f9f69 incoming=0 accepted=0 errs=0
2026-07-23T04:40:33.860976Z  INFO pack received peer=1d0f9f69 incoming=1 accepted=1 errs=0
2026-07-23T04:40:33.871943Z  INFO pack received peer=90313532 incoming=1 accepted=1 errs=0
2026-07-23T04:40:33.881866Z  INFO pack received peer=3ad095da incoming=1 accepted=1 errs=0
2026-07-23T04:40:33.891769Z  INFO pack received peer=03e0e420 incoming=1 accepted=1 errs=0
2026-07-23T04:40:33.902996Z  INFO pack received peer=d3406ee7 incoming=1 accepted=1 errs=0
2026-07-23T04:40:33.913089Z  INFO pack received peer=e1d96510 incoming=1 accepted=1 errs=0
2026-07-23T04:40:33.923255Z  INFO pack received peer=1d0f9f69 incoming=1 accepted=1 errs=0
2026-07-23T04:40:33.934194Z  INFO pack received peer=90313532 incoming=1 accepted=1 errs=0
2026-07-23T04:40:33.944246Z  INFO pack received peer=3ad095da incoming=1 accepted=1 errs=0
2026-07-23T04:40:33.954551Z  INFO pack received peer=03e0e420 incoming=1 accepted=1 errs=0
2026-07-23T04:40:33.964525Z  INFO pack received peer=d3406ee7 incoming=1 accepted=1 errs=0
2026-07-23T04:40:33.974996Z  INFO pack received peer=e1d96510 incoming=1 accepted=1 errs=0
2026-07-23T04:40:34.018754Z  INFO pack received peer=1d0f9f69 incoming=2 accepted=2 errs=0
2026-07-23T04:40:34.032780Z  INFO pack received peer=90313532 incoming=2 accepted=2 errs=0
2026-07-23T04:40:34.045640Z  INFO pack received peer=3ad095da incoming=2 accepted=2 errs=0
2026-07-23T04:40:34.058887Z  INFO pack received peer=03e0e420 incoming=2 accepted=2 errs=0
2026-07-23T04:40:34.072060Z  INFO pack received peer=d3406ee7 incoming=2 accepted=2 errs=0
2026-07-23T04:40:34.084725Z  INFO pack received peer=e1d96510 incoming=2 accepted=2 errs=0
2026-07-23T04:40:34.097732Z  INFO pack received peer=1d0f9f69 incoming=2 accepted=2 errs=0
2026-07-23T04:40:34.110284Z  INFO pack received peer=90313532 incoming=2 accepted=2 errs=0
2026-07-23T04:40:34.123858Z  INFO pack received peer=3ad095da incoming=2 accepted=2 errs=0
2026-07-23T04:40:34.136908Z  INFO pack received peer=03e0e420 incoming=2 accepted=2 errs=0
2026-07-23T04:40:34.149890Z  INFO pack received peer=d3406ee7 incoming=2 accepted=2 errs=0
2026-07-23T04:40:34.162773Z  INFO pack received peer=e1d96510 incoming=2 accepted=2 errs=0
2026-07-23T04:40:34.231142Z  INFO pack received peer=1d0f9f69 incoming=1 accepted=1 errs=0
2026-07-23T04:40:34.242879Z  INFO pack received peer=90313532 incoming=1 accepted=1 errs=0
2026-07-23T04:40:34.252979Z  INFO pack received peer=3ad095da incoming=1 accepted=1 errs=0
2026-07-23T04:40:34.263676Z  INFO pack received peer=03e0e420 incoming=1 accepted=1 errs=0
2026-07-23T04:40:34.274334Z  INFO pack received peer=d3406ee7 incoming=1 accepted=1 errs=0
2026-07-23T04:40:34.284930Z  INFO pack received peer=e1d96510 incoming=1 accepted=1 errs=0
2026-07-23T04:40:34.295625Z  INFO pack received peer=1d0f9f69 incoming=1 accepted=1 errs=0
2026-07-23T04:40:34.305859Z  INFO pack received peer=90313532 incoming=1 accepted=1 errs=0
2026-07-23T04:40:34.316307Z  INFO pack received peer=3ad095da incoming=1 accepted=1 errs=0
2026-07-23T04:40:34.326384Z  INFO pack received peer=03e0e420 incoming=1 accepted=1 errs=0
2026-07-23T04:40:34.336567Z  INFO pack received peer=d3406ee7 incoming=1 accepted=1 errs=0
2026-07-23T04:40:34.346819Z  INFO pack received peer=e1d96510 incoming=1 accepted=1 errs=0
2026-07-23T04:40:34.409273Z  INFO peer connected room=bench-rust-integrated-hosted-server-6p-1784781634404-12-7b1cbd peer=07759832
2026-07-23T04:40:34.410571Z  INFO peer connected room=bench-rust-integrated-hosted-server-6p-1784781634404-12-7b1cbd peer=46730593
2026-07-23T04:40:34.410594Z  INFO peer connected room=bench-rust-integrated-hosted-server-6p-1784781634404-12-7b1cbd peer=36172a8a
2026-07-23T04:40:34.410616Z  INFO peer connected room=bench-rust-integrated-hosted-server-6p-1784781634404-12-7b1cbd peer=bdb365b6
2026-07-23T04:40:34.410649Z  INFO peer connected room=bench-rust-integrated-hosted-server-6p-1784781634404-12-7b1cbd peer=0e5bf58a
2026-07-23T04:40:34.410653Z  INFO peer connected room=bench-rust-integrated-hosted-server-6p-1784781634404-12-7b1cbd peer=21e9bd6d
2026-07-23T04:40:34.641790Z  INFO pack received peer=07759832 incoming=4 accepted=4 errs=0
2026-07-23T04:40:34.642476Z  INFO pack received peer=07759832 incoming=0 accepted=0 errs=0
2026-07-23T04:40:34.642661Z  INFO pack received peer=07759832 incoming=0 accepted=0 errs=0
2026-07-23T04:40:34.642812Z  INFO pack received peer=07759832 incoming=0 accepted=0 errs=0
2026-07-23T04:40:34.678421Z  INFO pack received peer=07759832 incoming=1 accepted=1 errs=0
2026-07-23T04:40:34.689446Z  INFO pack received peer=0e5bf58a incoming=1 accepted=1 errs=0
2026-07-23T04:40:34.699921Z  INFO pack received peer=21e9bd6d incoming=1 accepted=1 errs=0
2026-07-23T04:40:34.710350Z  INFO pack received peer=36172a8a incoming=1 accepted=1 errs=0
2026-07-23T04:40:34.720359Z  INFO pack received peer=bdb365b6 incoming=1 accepted=1 errs=0
2026-07-23T04:40:34.730438Z  INFO pack received peer=46730593 incoming=1 accepted=1 errs=0
2026-07-23T04:40:34.740424Z  INFO pack received peer=07759832 incoming=1 accepted=1 errs=0
2026-07-23T04:40:34.750648Z  INFO pack received peer=0e5bf58a incoming=1 accepted=1 errs=0
2026-07-23T04:40:34.760654Z  INFO pack received peer=21e9bd6d incoming=1 accepted=1 errs=0
2026-07-23T04:40:34.770640Z  INFO pack received peer=36172a8a incoming=1 accepted=1 errs=0
2026-07-23T04:40:34.780624Z  INFO pack received peer=bdb365b6 incoming=1 accepted=1 errs=0
2026-07-23T04:40:34.790686Z  INFO pack received peer=46730593 incoming=1 accepted=1 errs=0
2026-07-23T04:40:34.835840Z  INFO pack received peer=07759832 incoming=2 accepted=2 errs=0
2026-07-23T04:40:34.850330Z  INFO pack received peer=0e5bf58a incoming=2 accepted=2 errs=0
2026-07-23T04:40:34.864174Z  INFO pack received peer=21e9bd6d incoming=2 accepted=2 errs=0
2026-07-23T04:40:34.879451Z  INFO pack received peer=36172a8a incoming=2 accepted=2 errs=0
2026-07-23T04:40:34.892310Z  INFO pack received peer=bdb365b6 incoming=2 accepted=2 errs=0
2026-07-23T04:40:34.905499Z  INFO pack received peer=46730593 incoming=2 accepted=2 errs=0
2026-07-23T04:40:34.918847Z  INFO pack received peer=07759832 incoming=2 accepted=2 errs=0
2026-07-23T04:40:34.931749Z  INFO pack received peer=0e5bf58a incoming=2 accepted=2 errs=0
2026-07-23T04:40:34.944907Z  INFO pack received peer=21e9bd6d incoming=2 accepted=2 errs=0
2026-07-23T04:40:34.957745Z  INFO pack received peer=36172a8a incoming=2 accepted=2 errs=0
2026-07-23T04:40:34.970718Z  INFO pack received peer=bdb365b6 incoming=2 accepted=2 errs=0
2026-07-23T04:40:34.983497Z  INFO pack received peer=46730593 incoming=2 accepted=2 errs=0
2026-07-23T04:40:35.047478Z  INFO pack received peer=07759832 incoming=1 accepted=1 errs=0
2026-07-23T04:40:35.058956Z  INFO pack received peer=0e5bf58a incoming=1 accepted=1 errs=0
2026-07-23T04:40:35.068928Z  INFO pack received peer=21e9bd6d incoming=1 accepted=1 errs=0
2026-07-23T04:40:35.079595Z  INFO pack received peer=36172a8a incoming=1 accepted=1 errs=0
2026-07-23T04:40:35.089721Z  INFO pack received peer=bdb365b6 incoming=1 accepted=1 errs=0
2026-07-23T04:40:35.099910Z  INFO pack received peer=46730593 incoming=1 accepted=1 errs=0
2026-07-23T04:40:35.109927Z  INFO pack received peer=07759832 incoming=1 accepted=1 errs=0
2026-07-23T04:40:35.119917Z  INFO pack received peer=0e5bf58a incoming=1 accepted=1 errs=0
2026-07-23T04:40:35.129834Z  INFO pack received peer=21e9bd6d incoming=1 accepted=1 errs=0
2026-07-23T04:40:35.139716Z  INFO pack received peer=36172a8a incoming=1 accepted=1 errs=0
2026-07-23T04:40:35.149928Z  INFO pack received peer=bdb365b6 incoming=1 accepted=1 errs=0
2026-07-23T04:40:35.160436Z  INFO pack received peer=46730593 incoming=1 accepted=1 errs=0
2026-07-23T04:40:35.178585Z  INFO peer connected room=bench-rust-integrated-hosted-server-6p-1784781635173-13-c01b26 peer=66c0a62a
2026-07-23T04:40:35.179406Z  INFO peer connected room=bench-rust-integrated-hosted-server-6p-1784781635173-13-c01b26 peer=938948c9
2026-07-23T04:40:35.179436Z  INFO peer connected room=bench-rust-integrated-hosted-server-6p-1784781635173-13-c01b26 peer=e797b426
2026-07-23T04:40:35.179452Z  INFO peer connected room=bench-rust-integrated-hosted-server-6p-1784781635173-13-c01b26 peer=a12e0968
2026-07-23T04:40:35.179478Z  INFO peer connected room=bench-rust-integrated-hosted-server-6p-1784781635173-13-c01b26 peer=f98be289
2026-07-23T04:40:35.179618Z  INFO peer connected room=bench-rust-integrated-hosted-server-6p-1784781635173-13-c01b26 peer=ef6fb3ce
2026-07-23T04:40:35.409688Z  INFO pack received peer=66c0a62a incoming=4 accepted=4 errs=0
2026-07-23T04:40:35.410351Z  INFO pack received peer=66c0a62a incoming=0 accepted=0 errs=0
2026-07-23T04:40:35.410553Z  INFO pack received peer=66c0a62a incoming=0 accepted=0 errs=0
2026-07-23T04:40:35.410703Z  INFO pack received peer=66c0a62a incoming=0 accepted=0 errs=0
2026-07-23T04:40:35.446936Z  INFO pack received peer=66c0a62a incoming=1 accepted=1 errs=0
2026-07-23T04:40:35.458249Z  INFO pack received peer=e797b426 incoming=1 accepted=1 errs=0
2026-07-23T04:40:35.468312Z  INFO pack received peer=a12e0968 incoming=1 accepted=1 errs=0
2026-07-23T04:40:35.478459Z  INFO pack received peer=f98be289 incoming=1 accepted=1 errs=0
2026-07-23T04:40:35.488908Z  INFO pack received peer=938948c9 incoming=1 accepted=1 errs=0
2026-07-23T04:40:35.499137Z  INFO pack received peer=ef6fb3ce incoming=1 accepted=1 errs=0
2026-07-23T04:40:35.509079Z  INFO pack received peer=66c0a62a incoming=1 accepted=1 errs=0
2026-07-23T04:40:35.519113Z  INFO pack received peer=e797b426 incoming=1 accepted=1 errs=0
2026-07-23T04:40:35.529169Z  INFO pack received peer=a12e0968 incoming=1 accepted=1 errs=0
2026-07-23T04:40:35.539395Z  INFO pack received peer=f98be289 incoming=1 accepted=1 errs=0
2026-07-23T04:40:35.549471Z  INFO pack received peer=938948c9 incoming=1 accepted=1 errs=0
2026-07-23T04:40:35.559637Z  INFO pack received peer=ef6fb3ce incoming=1 accepted=1 errs=0
2026-07-23T04:40:35.603503Z  INFO pack received peer=66c0a62a incoming=2 accepted=2 errs=0
2026-07-23T04:40:35.617627Z  INFO pack received peer=e797b426 incoming=2 accepted=2 errs=0
2026-07-23T04:40:35.631483Z  INFO pack received peer=a12e0968 incoming=2 accepted=2 errs=0
2026-07-23T04:40:35.644220Z  INFO pack received peer=f98be289 incoming=2 accepted=2 errs=0
2026-07-23T04:40:35.657382Z  INFO pack received peer=938948c9 incoming=2 accepted=2 errs=0
2026-07-23T04:40:35.670613Z  INFO pack received peer=ef6fb3ce incoming=2 accepted=2 errs=0
2026-07-23T04:40:35.683447Z  INFO pack received peer=66c0a62a incoming=2 accepted=2 errs=0
2026-07-23T04:40:35.696774Z  INFO pack received peer=e797b426 incoming=2 accepted=2 errs=0
2026-07-23T04:40:35.709945Z  INFO pack received peer=a12e0968 incoming=2 accepted=2 errs=0
2026-07-23T04:40:35.723008Z  INFO pack received peer=f98be289 incoming=2 accepted=2 errs=0
2026-07-23T04:40:35.736048Z  INFO pack received peer=938948c9 incoming=2 accepted=2 errs=0
2026-07-23T04:40:35.748937Z  INFO pack received peer=ef6fb3ce incoming=2 accepted=2 errs=0
2026-07-23T04:40:35.815694Z  INFO pack received peer=66c0a62a incoming=1 accepted=1 errs=0
2026-07-23T04:40:35.827081Z  INFO pack received peer=e797b426 incoming=1 accepted=1 errs=0
2026-07-23T04:40:35.837007Z  INFO pack received peer=a12e0968 incoming=1 accepted=1 errs=0
2026-07-23T04:40:35.847178Z  INFO pack received peer=f98be289 incoming=1 accepted=1 errs=0
2026-07-23T04:40:35.857370Z  INFO pack received peer=938948c9 incoming=1 accepted=1 errs=0
2026-07-23T04:40:35.867714Z  INFO pack received peer=ef6fb3ce incoming=1 accepted=1 errs=0
2026-07-23T04:40:35.878239Z  INFO pack received peer=66c0a62a incoming=1 accepted=1 errs=0
2026-07-23T04:40:35.888319Z  INFO pack received peer=e797b426 incoming=1 accepted=1 errs=0
2026-07-23T04:40:35.898424Z  INFO pack received peer=a12e0968 incoming=1 accepted=1 errs=0
2026-07-23T04:40:35.908803Z  INFO pack received peer=f98be289 incoming=1 accepted=1 errs=0
2026-07-23T04:40:35.919234Z  INFO pack received peer=938948c9 incoming=1 accepted=1 errs=0
2026-07-23T04:40:35.929345Z  INFO pack received peer=ef6fb3ce incoming=1 accepted=1 errs=0
2026-07-23T04:40:35.948202Z  INFO peer connected room=bench-rust-integrated-hosted-server-6p-1784781635943-14-b1619e peer=0adf75fb
2026-07-23T04:40:35.948994Z  INFO peer connected room=bench-rust-integrated-hosted-server-6p-1784781635943-14-b1619e peer=80730b30
2026-07-23T04:40:35.949035Z  INFO peer connected room=bench-rust-integrated-hosted-server-6p-1784781635943-14-b1619e peer=69efa00a
2026-07-23T04:40:35.949039Z  INFO peer connected room=bench-rust-integrated-hosted-server-6p-1784781635943-14-b1619e peer=444c34c9
2026-07-23T04:40:35.949066Z  INFO peer connected room=bench-rust-integrated-hosted-server-6p-1784781635943-14-b1619e peer=8478dd63
2026-07-23T04:40:35.949683Z  INFO peer connected room=bench-rust-integrated-hosted-server-6p-1784781635943-14-b1619e peer=2b429382
2026-07-23T04:40:36.179599Z  INFO pack received peer=0adf75fb incoming=4 accepted=4 errs=0
2026-07-23T04:40:36.180347Z  INFO pack received peer=0adf75fb incoming=0 accepted=0 errs=0
2026-07-23T04:40:36.180526Z  INFO pack received peer=0adf75fb incoming=0 accepted=0 errs=0
2026-07-23T04:40:36.180674Z  INFO pack received peer=0adf75fb incoming=0 accepted=0 errs=0
2026-07-23T04:40:36.216548Z  INFO pack received peer=0adf75fb incoming=1 accepted=1 errs=0
2026-07-23T04:40:36.227700Z  INFO pack received peer=69efa00a incoming=1 accepted=1 errs=0
2026-07-23T04:40:36.237821Z  INFO pack received peer=444c34c9 incoming=1 accepted=1 errs=0
2026-07-23T04:40:36.247801Z  INFO pack received peer=80730b30 incoming=1 accepted=1 errs=0
2026-07-23T04:40:36.258251Z  INFO pack received peer=8478dd63 incoming=1 accepted=1 errs=0
2026-07-23T04:40:36.268656Z  INFO pack received peer=2b429382 incoming=1 accepted=1 errs=0
2026-07-23T04:40:36.279000Z  INFO pack received peer=0adf75fb incoming=1 accepted=1 errs=0
2026-07-23T04:40:36.289124Z  INFO pack received peer=69efa00a incoming=1 accepted=1 errs=0
2026-07-23T04:40:36.299062Z  INFO pack received peer=444c34c9 incoming=1 accepted=1 errs=0
2026-07-23T04:40:36.309255Z  INFO pack received peer=80730b30 incoming=1 accepted=1 errs=0
2026-07-23T04:40:36.319376Z  INFO pack received peer=8478dd63 incoming=1 accepted=1 errs=0
2026-07-23T04:40:36.329574Z  INFO pack received peer=2b429382 incoming=1 accepted=1 errs=0
2026-07-23T04:40:36.359706Z  INFO pack received peer=0adf75fb incoming=2 accepted=2 errs=0
2026-07-23T04:40:36.374156Z  INFO pack received peer=69efa00a incoming=2 accepted=2 errs=0
2026-07-23T04:40:36.388163Z  INFO pack received peer=444c34c9 incoming=2 accepted=2 errs=0
2026-07-23T04:40:36.402963Z  INFO pack received peer=80730b30 incoming=2 accepted=2 errs=0
2026-07-23T04:40:36.415688Z  INFO pack received peer=8478dd63 incoming=2 accepted=2 errs=0
2026-07-23T04:40:36.428502Z  INFO pack received peer=2b429382 incoming=2 accepted=2 errs=0
2026-07-23T04:40:36.441401Z  INFO pack received peer=0adf75fb incoming=2 accepted=2 errs=0
2026-07-23T04:40:36.454234Z  INFO pack received peer=69efa00a incoming=2 accepted=2 errs=0
2026-07-23T04:40:36.466953Z  INFO pack received peer=444c34c9 incoming=2 accepted=2 errs=0
2026-07-23T04:40:36.479871Z  INFO pack received peer=80730b30 incoming=2 accepted=2 errs=0
2026-07-23T04:40:36.492680Z  INFO pack received peer=8478dd63 incoming=2 accepted=2 errs=0
2026-07-23T04:40:36.505367Z  INFO pack received peer=2b429382 incoming=2 accepted=2 errs=0
2026-07-23T04:40:36.570433Z  INFO pack received peer=0adf75fb incoming=1 accepted=1 errs=0
2026-07-23T04:40:36.581844Z  INFO pack received peer=69efa00a incoming=1 accepted=1 errs=0
2026-07-23T04:40:36.591960Z  INFO pack received peer=444c34c9 incoming=1 accepted=1 errs=0
2026-07-23T04:40:36.602025Z  INFO pack received peer=80730b30 incoming=1 accepted=1 errs=0
2026-07-23T04:40:36.612440Z  INFO pack received peer=8478dd63 incoming=1 accepted=1 errs=0
2026-07-23T04:40:36.622819Z  INFO pack received peer=2b429382 incoming=1 accepted=1 errs=0
2026-07-23T04:40:36.633533Z  INFO pack received peer=0adf75fb incoming=1 accepted=1 errs=0
2026-07-23T04:40:36.644393Z  INFO pack received peer=69efa00a incoming=1 accepted=1 errs=0
2026-07-23T04:40:36.655025Z  INFO pack received peer=444c34c9 incoming=1 accepted=1 errs=0
2026-07-23T04:40:36.665461Z  INFO pack received peer=80730b30 incoming=1 accepted=1 errs=0
2026-07-23T04:40:36.676586Z  INFO pack received peer=8478dd63 incoming=1 accepted=1 errs=0
2026-07-23T04:40:36.687497Z  INFO pack received peer=2b429382 incoming=1 accepted=1 errs=0
2026-07-23T04:40:47.784979Z  INFO peer connected room=bench-rust-integrated-hosted-server-6p-1784781647750-0-06885a peer=d1de0579
2026-07-23T04:40:47.785767Z  INFO peer connected room=bench-rust-integrated-hosted-server-6p-1784781647750-0-06885a peer=1427b49f
2026-07-23T04:40:47.786533Z  INFO peer connected room=bench-rust-integrated-hosted-server-6p-1784781647750-0-06885a peer=cb321d33
2026-07-23T04:40:47.786612Z  INFO peer connected room=bench-rust-integrated-hosted-server-6p-1784781647750-0-06885a peer=bd41d528
2026-07-23T04:40:47.787327Z  INFO peer connected room=bench-rust-integrated-hosted-server-6p-1784781647750-0-06885a peer=e084ea4c
2026-07-23T04:40:47.788318Z  INFO peer connected room=bench-rust-integrated-hosted-server-6p-1784781647750-0-06885a peer=e116492b
2026-07-23T04:40:48.016863Z  INFO pack received peer=d1de0579 incoming=4 accepted=4 errs=0
2026-07-23T04:40:48.017795Z  INFO pack received peer=d1de0579 incoming=0 accepted=0 errs=0
2026-07-23T04:40:48.017965Z  INFO pack received peer=d1de0579 incoming=0 accepted=0 errs=0
2026-07-23T04:40:48.018120Z  INFO pack received peer=d1de0579 incoming=0 accepted=0 errs=0
2026-07-23T04:40:48.048982Z  INFO pack received peer=d1de0579 incoming=1 accepted=1 errs=0
2026-07-23T04:40:48.061235Z  INFO pack received peer=1427b49f incoming=1 accepted=1 errs=0
2026-07-23T04:40:48.071539Z  INFO pack received peer=cb321d33 incoming=1 accepted=1 errs=0
2026-07-23T04:40:48.081701Z  INFO pack received peer=bd41d528 incoming=1 accepted=1 errs=0
2026-07-23T04:40:48.092110Z  INFO pack received peer=e116492b incoming=1 accepted=1 errs=0
2026-07-23T04:40:48.102473Z  INFO pack received peer=e084ea4c incoming=1 accepted=1 errs=0
2026-07-23T04:40:48.112458Z  INFO pack received peer=d1de0579 incoming=1 accepted=1 errs=0
2026-07-23T04:40:48.122528Z  INFO pack received peer=1427b49f incoming=1 accepted=1 errs=0
2026-07-23T04:40:48.132726Z  INFO pack received peer=cb321d33 incoming=1 accepted=1 errs=0
2026-07-23T04:40:48.142803Z  INFO pack received peer=bd41d528 incoming=1 accepted=1 errs=0
2026-07-23T04:40:48.153209Z  INFO pack received peer=e116492b incoming=1 accepted=1 errs=0
2026-07-23T04:40:48.163762Z  INFO pack received peer=e084ea4c incoming=1 accepted=1 errs=0
2026-07-23T04:40:48.174145Z  INFO pack received peer=d1de0579 incoming=1 accepted=1 errs=0
2026-07-23T04:40:48.184397Z  INFO pack received peer=1427b49f incoming=1 accepted=1 errs=0
2026-07-23T04:40:48.194563Z  INFO pack received peer=cb321d33 incoming=1 accepted=1 errs=0
2026-07-23T04:40:48.204715Z  INFO pack received peer=bd41d528 incoming=1 accepted=1 errs=0
2026-07-23T04:40:48.214932Z  INFO pack received peer=e116492b incoming=1 accepted=1 errs=0
2026-07-23T04:40:48.225370Z  INFO pack received peer=e084ea4c incoming=1 accepted=1 errs=0
2026-07-23T04:40:48.235412Z  INFO pack received peer=d1de0579 incoming=1 accepted=1 errs=0
2026-07-23T04:40:48.246073Z  INFO pack received peer=1427b49f incoming=1 accepted=1 errs=0
2026-07-23T04:40:48.256379Z  INFO pack received peer=cb321d33 incoming=1 accepted=1 errs=0
2026-07-23T04:40:48.266853Z  INFO pack received peer=bd41d528 incoming=1 accepted=1 errs=0
2026-07-23T04:40:48.276878Z  INFO pack received peer=e116492b incoming=1 accepted=1 errs=0
2026-07-23T04:40:48.286738Z  INFO pack received peer=e084ea4c incoming=1 accepted=1 errs=0
2026-07-23T04:40:48.296758Z  INFO pack received peer=d1de0579 incoming=1 accepted=1 errs=0
2026-07-23T04:40:48.306610Z  INFO pack received peer=1427b49f incoming=1 accepted=1 errs=0
2026-07-23T04:40:48.316961Z  INFO pack received peer=cb321d33 incoming=1 accepted=1 errs=0
2026-07-23T04:40:48.328310Z  INFO pack received peer=bd41d528 incoming=1 accepted=1 errs=0
2026-07-23T04:40:48.338426Z  INFO pack received peer=e084ea4c incoming=1 accepted=1 errs=0
2026-07-23T04:40:48.348491Z  INFO pack received peer=e116492b incoming=1 accepted=1 errs=0
2026-07-23T04:40:48.375324Z  INFO pack received peer=d1de0579 incoming=2 accepted=2 errs=0
2026-07-23T04:40:48.390509Z  INFO pack received peer=1427b49f incoming=2 accepted=2 errs=0
2026-07-23T04:40:48.404554Z  INFO pack received peer=cb321d33 incoming=2 accepted=2 errs=0
2026-07-23T04:40:48.417551Z  INFO pack received peer=bd41d528 incoming=2 accepted=2 errs=0
2026-07-23T04:40:48.430365Z  INFO pack received peer=e116492b incoming=2 accepted=2 errs=0
2026-07-23T04:40:48.443984Z  INFO pack received peer=e084ea4c incoming=2 accepted=2 errs=0
2026-07-23T04:40:48.456589Z  INFO pack received peer=d1de0579 incoming=2 accepted=2 errs=0
2026-07-23T04:40:48.469592Z  INFO pack received peer=1427b49f incoming=2 accepted=2 errs=0
2026-07-23T04:40:48.482506Z  INFO pack received peer=cb321d33 incoming=2 accepted=2 errs=0
2026-07-23T04:40:48.495362Z  INFO pack received peer=bd41d528 incoming=2 accepted=2 errs=0
2026-07-23T04:40:48.508119Z  INFO pack received peer=e116492b incoming=2 accepted=2 errs=0
2026-07-23T04:40:48.521450Z  INFO pack received peer=e084ea4c incoming=2 accepted=2 errs=0
2026-07-23T04:40:48.534152Z  INFO pack received peer=d1de0579 incoming=2 accepted=2 errs=0
2026-07-23T04:40:48.547291Z  INFO pack received peer=cb321d33 incoming=2 accepted=2 errs=0
2026-07-23T04:40:48.560408Z  INFO pack received peer=1427b49f incoming=2 accepted=2 errs=0
2026-07-23T04:40:48.573946Z  INFO pack received peer=bd41d528 incoming=2 accepted=2 errs=0
2026-07-23T04:40:48.587129Z  INFO pack received peer=e116492b incoming=2 accepted=2 errs=0
2026-07-23T04:40:48.600381Z  INFO pack received peer=e084ea4c incoming=2 accepted=2 errs=0
2026-07-23T04:40:48.613497Z  INFO pack received peer=d1de0579 incoming=2 accepted=2 errs=0
2026-07-23T04:40:48.626204Z  INFO pack received peer=cb321d33 incoming=2 accepted=2 errs=0
2026-07-23T04:40:48.639302Z  INFO pack received peer=1427b49f incoming=2 accepted=2 errs=0
2026-07-23T04:40:48.652678Z  INFO pack received peer=bd41d528 incoming=2 accepted=2 errs=0
2026-07-23T04:40:48.665548Z  INFO pack received peer=e116492b incoming=2 accepted=2 errs=0
2026-07-23T04:40:48.679533Z  INFO pack received peer=d1de0579 incoming=2 accepted=2 errs=0
2026-07-23T04:40:48.692437Z  INFO pack received peer=e084ea4c incoming=2 accepted=2 errs=0
2026-07-23T04:40:48.705136Z  INFO pack received peer=cb321d33 incoming=2 accepted=2 errs=0
2026-07-23T04:40:48.718027Z  INFO pack received peer=1427b49f incoming=2 accepted=2 errs=0
2026-07-23T04:40:48.731318Z  INFO pack received peer=bd41d528 incoming=2 accepted=2 errs=0
2026-07-23T04:40:48.744400Z  INFO pack received peer=e116492b incoming=2 accepted=2 errs=0
2026-07-23T04:40:48.757520Z  INFO pack received peer=e084ea4c incoming=2 accepted=2 errs=0
2026-07-23T04:40:48.818532Z  INFO pack received peer=d1de0579 incoming=1 accepted=1 errs=0
2026-07-23T04:40:48.829318Z  INFO pack received peer=1427b49f incoming=1 accepted=1 errs=0
2026-07-23T04:40:48.839851Z  INFO pack received peer=cb321d33 incoming=1 accepted=1 errs=0
2026-07-23T04:40:48.850697Z  INFO pack received peer=bd41d528 incoming=1 accepted=1 errs=0
2026-07-23T04:40:48.861546Z  INFO pack received peer=e116492b incoming=1 accepted=1 errs=0
2026-07-23T04:40:48.872423Z  INFO pack received peer=e084ea4c incoming=1 accepted=1 errs=0
2026-07-23T04:40:48.883228Z  INFO pack received peer=d1de0579 incoming=1 accepted=1 errs=0
2026-07-23T04:40:48.893748Z  INFO pack received peer=1427b49f incoming=1 accepted=1 errs=0
2026-07-23T04:40:48.904108Z  INFO pack received peer=cb321d33 incoming=1 accepted=1 errs=0
2026-07-23T04:40:48.914542Z  INFO pack received peer=bd41d528 incoming=1 accepted=1 errs=0
2026-07-23T04:40:48.924612Z  INFO pack received peer=e116492b incoming=1 accepted=1 errs=0
2026-07-23T04:40:48.935001Z  INFO pack received peer=e084ea4c incoming=1 accepted=1 errs=0
2026-07-23T04:40:48.945194Z  INFO pack received peer=d1de0579 incoming=1 accepted=1 errs=0
2026-07-23T04:40:48.955083Z  INFO pack received peer=1427b49f incoming=1 accepted=1 errs=0
2026-07-23T04:40:48.965095Z  INFO pack received peer=cb321d33 incoming=1 accepted=1 errs=0
2026-07-23T04:40:48.975852Z  INFO pack received peer=bd41d528 incoming=1 accepted=1 errs=0
2026-07-23T04:40:48.985793Z  INFO pack received peer=e116492b incoming=1 accepted=1 errs=0
2026-07-23T04:40:48.996670Z  INFO pack received peer=e084ea4c incoming=1 accepted=1 errs=0
2026-07-23T04:40:49.007357Z  INFO pack received peer=d1de0579 incoming=1 accepted=1 errs=0
2026-07-23T04:40:49.017436Z  INFO pack received peer=1427b49f incoming=1 accepted=1 errs=0
2026-07-23T04:40:49.027572Z  INFO pack received peer=cb321d33 incoming=1 accepted=1 errs=0
2026-07-23T04:40:49.037506Z  INFO pack received peer=e116492b incoming=1 accepted=1 errs=0
2026-07-23T04:40:49.047297Z  INFO pack received peer=bd41d528 incoming=1 accepted=1 errs=0
2026-07-23T04:40:49.057566Z  INFO pack received peer=e084ea4c incoming=1 accepted=1 errs=0
2026-07-23T04:40:49.067739Z  INFO pack received peer=d1de0579 incoming=1 accepted=1 errs=0
2026-07-23T04:40:49.077683Z  INFO pack received peer=1427b49f incoming=1 accepted=1 errs=0
2026-07-23T04:40:49.088003Z  INFO pack received peer=cb321d33 incoming=1 accepted=1 errs=0
2026-07-23T04:40:49.098572Z  INFO pack received peer=bd41d528 incoming=1 accepted=1 errs=0
2026-07-23T04:40:49.108696Z  INFO pack received peer=e116492b incoming=1 accepted=1 errs=0
2026-07-23T04:40:49.119382Z  INFO pack received peer=e084ea4c incoming=1 accepted=1 errs=0
2026-07-23T04:40:49.153759Z  INFO peer connected room=bench-rust-integrated-hosted-server-6p-1784781649145-1-52b98b peer=d2743a5e
2026-07-23T04:40:49.154599Z  INFO peer connected room=bench-rust-integrated-hosted-server-6p-1784781649145-1-52b98b peer=a233da86
2026-07-23T04:40:49.154629Z  INFO peer connected room=bench-rust-integrated-hosted-server-6p-1784781649145-1-52b98b peer=c4b26579
2026-07-23T04:40:49.154914Z  INFO peer connected room=bench-rust-integrated-hosted-server-6p-1784781649145-1-52b98b peer=55f5cb0b
2026-07-23T04:40:49.155346Z  INFO peer connected room=bench-rust-integrated-hosted-server-6p-1784781649145-1-52b98b peer=edb7fe3d
2026-07-23T04:40:49.155582Z  INFO peer connected room=bench-rust-integrated-hosted-server-6p-1784781649145-1-52b98b peer=9b903a3d
2026-07-23T04:40:49.381161Z  INFO pack received peer=d2743a5e incoming=4 accepted=4 errs=0
2026-07-23T04:40:49.381993Z  INFO pack received peer=d2743a5e incoming=0 accepted=0 errs=0
2026-07-23T04:40:49.382182Z  INFO pack received peer=d2743a5e incoming=0 accepted=0 errs=0
2026-07-23T04:40:49.382383Z  INFO pack received peer=d2743a5e incoming=0 accepted=0 errs=0
2026-07-23T04:40:49.417677Z  INFO pack received peer=d2743a5e incoming=1 accepted=1 errs=0
2026-07-23T04:40:49.429008Z  INFO pack received peer=c4b26579 incoming=1 accepted=1 errs=0
2026-07-23T04:40:49.439177Z  INFO pack received peer=a233da86 incoming=1 accepted=1 errs=0
2026-07-23T04:40:49.449414Z  INFO pack received peer=55f5cb0b incoming=1 accepted=1 errs=0
2026-07-23T04:40:49.459767Z  INFO pack received peer=edb7fe3d incoming=1 accepted=1 errs=0
2026-07-23T04:40:49.470069Z  INFO pack received peer=9b903a3d incoming=1 accepted=1 errs=0
2026-07-23T04:40:49.480592Z  INFO pack received peer=d2743a5e incoming=1 accepted=1 errs=0
2026-07-23T04:40:49.491263Z  INFO pack received peer=c4b26579 incoming=1 accepted=1 errs=0
2026-07-23T04:40:49.501254Z  INFO pack received peer=a233da86 incoming=1 accepted=1 errs=0
2026-07-23T04:40:49.512101Z  INFO pack received peer=55f5cb0b incoming=1 accepted=1 errs=0
2026-07-23T04:40:49.522111Z  INFO pack received peer=edb7fe3d incoming=1 accepted=1 errs=0
2026-07-23T04:40:49.532610Z  INFO pack received peer=9b903a3d incoming=1 accepted=1 errs=0
2026-07-23T04:40:49.542974Z  INFO pack received peer=d2743a5e incoming=1 accepted=1 errs=0
2026-07-23T04:40:49.552969Z  INFO pack received peer=c4b26579 incoming=1 accepted=1 errs=0
2026-07-23T04:40:49.562941Z  INFO pack received peer=a233da86 incoming=1 accepted=1 errs=0
2026-07-23T04:40:49.573294Z  INFO pack received peer=55f5cb0b incoming=1 accepted=1 errs=0
2026-07-23T04:40:49.583870Z  INFO pack received peer=edb7fe3d incoming=1 accepted=1 errs=0
2026-07-23T04:40:49.594021Z  INFO pack received peer=9b903a3d incoming=1 accepted=1 errs=0
2026-07-23T04:40:49.603949Z  INFO pack received peer=d2743a5e incoming=1 accepted=1 errs=0
2026-07-23T04:40:49.614337Z  INFO pack received peer=c4b26579 incoming=1 accepted=1 errs=0
2026-07-23T04:40:49.624445Z  INFO pack received peer=a233da86 incoming=1 accepted=1 errs=0
2026-07-23T04:40:49.634644Z  INFO pack received peer=55f5cb0b incoming=1 accepted=1 errs=0
2026-07-23T04:40:49.644940Z  INFO pack received peer=edb7fe3d incoming=1 accepted=1 errs=0
2026-07-23T04:40:49.654894Z  INFO pack received peer=9b903a3d incoming=1 accepted=1 errs=0
2026-07-23T04:40:49.664873Z  INFO pack received peer=d2743a5e incoming=1 accepted=1 errs=0
2026-07-23T04:40:49.675441Z  INFO pack received peer=c4b26579 incoming=1 accepted=1 errs=0
2026-07-23T04:40:49.685778Z  INFO pack received peer=a233da86 incoming=1 accepted=1 errs=0
2026-07-23T04:40:49.696001Z  INFO pack received peer=55f5cb0b incoming=1 accepted=1 errs=0
2026-07-23T04:40:49.706116Z  INFO pack received peer=edb7fe3d incoming=1 accepted=1 errs=0
2026-07-23T04:40:49.716620Z  INFO pack received peer=9b903a3d incoming=1 accepted=1 errs=0
2026-07-23T04:40:49.758167Z  INFO pack received peer=d2743a5e incoming=2 accepted=2 errs=0
2026-07-23T04:40:49.772568Z  INFO pack received peer=c4b26579 incoming=2 accepted=2 errs=0
2026-07-23T04:40:49.787805Z  INFO pack received peer=a233da86 incoming=2 accepted=2 errs=0
2026-07-23T04:40:49.802096Z  INFO pack received peer=55f5cb0b incoming=2 accepted=2 errs=0
2026-07-23T04:40:49.817415Z  INFO pack received peer=edb7fe3d incoming=2 accepted=2 errs=0
2026-07-23T04:40:49.830561Z  INFO pack received peer=9b903a3d incoming=2 accepted=2 errs=0
2026-07-23T04:40:49.844291Z  INFO pack received peer=d2743a5e incoming=2 accepted=2 errs=0
2026-07-23T04:40:49.857548Z  INFO pack received peer=c4b26579 incoming=2 accepted=2 errs=0
2026-07-23T04:40:49.870452Z  INFO pack received peer=a233da86 incoming=2 accepted=2 errs=0
2026-07-23T04:40:49.884001Z  INFO pack received peer=55f5cb0b incoming=2 accepted=2 errs=0
2026-07-23T04:40:49.896883Z  INFO pack received peer=edb7fe3d incoming=2 accepted=2 errs=0
2026-07-23T04:40:49.911139Z  INFO pack received peer=9b903a3d incoming=2 accepted=2 errs=0
2026-07-23T04:40:49.924244Z  INFO pack received peer=d2743a5e incoming=2 accepted=2 errs=0
2026-07-23T04:40:49.937743Z  INFO pack received peer=c4b26579 incoming=2 accepted=2 errs=0
2026-07-23T04:40:49.950475Z  INFO pack received peer=a233da86 incoming=2 accepted=2 errs=0
2026-07-23T04:40:49.963478Z  INFO pack received peer=55f5cb0b incoming=2 accepted=2 errs=0
2026-07-23T04:40:49.976916Z  INFO pack received peer=edb7fe3d incoming=2 accepted=2 errs=0
2026-07-23T04:40:49.989954Z  INFO pack received peer=9b903a3d incoming=2 accepted=2 errs=0
2026-07-23T04:40:50.003350Z  INFO pack received peer=d2743a5e incoming=2 accepted=2 errs=0
2026-07-23T04:40:50.016811Z  INFO pack received peer=c4b26579 incoming=2 accepted=2 errs=0
2026-07-23T04:40:50.030307Z  INFO pack received peer=a233da86 incoming=2 accepted=2 errs=0
2026-07-23T04:40:50.043224Z  INFO pack received peer=55f5cb0b incoming=2 accepted=2 errs=0
2026-07-23T04:40:50.056452Z  INFO pack received peer=edb7fe3d incoming=2 accepted=2 errs=0
2026-07-23T04:40:50.069660Z  INFO pack received peer=9b903a3d incoming=2 accepted=2 errs=0
2026-07-23T04:40:50.082787Z  INFO pack received peer=d2743a5e incoming=2 accepted=2 errs=0
2026-07-23T04:40:50.095947Z  INFO pack received peer=c4b26579 incoming=2 accepted=2 errs=0
2026-07-23T04:40:50.109036Z  INFO pack received peer=a233da86 incoming=2 accepted=2 errs=0
2026-07-23T04:40:50.121706Z  INFO pack received peer=55f5cb0b incoming=2 accepted=2 errs=0
2026-07-23T04:40:50.134921Z  INFO pack received peer=edb7fe3d incoming=2 accepted=2 errs=0
2026-07-23T04:40:50.147756Z  INFO pack received peer=9b903a3d incoming=2 accepted=2 errs=0
2026-07-23T04:40:50.199882Z  INFO pack received peer=d2743a5e incoming=1 accepted=1 errs=0
2026-07-23T04:40:50.211698Z  INFO pack received peer=c4b26579 incoming=1 accepted=1 errs=0
2026-07-23T04:40:50.221762Z  INFO pack received peer=a233da86 incoming=1 accepted=1 errs=0
2026-07-23T04:40:50.231827Z  INFO pack received peer=55f5cb0b incoming=1 accepted=1 errs=0
2026-07-23T04:40:50.241771Z  INFO pack received peer=edb7fe3d incoming=1 accepted=1 errs=0
2026-07-23T04:40:50.252226Z  INFO pack received peer=9b903a3d incoming=1 accepted=1 errs=0
2026-07-23T04:40:50.262512Z  INFO pack received peer=d2743a5e incoming=1 accepted=1 errs=0
2026-07-23T04:40:50.272500Z  INFO pack received peer=c4b26579 incoming=1 accepted=1 errs=0
2026-07-23T04:40:50.282680Z  INFO pack received peer=a233da86 incoming=1 accepted=1 errs=0
2026-07-23T04:40:50.292771Z  INFO pack received peer=55f5cb0b incoming=1 accepted=1 errs=0
2026-07-23T04:40:50.303092Z  INFO pack received peer=edb7fe3d incoming=1 accepted=1 errs=0
2026-07-23T04:40:50.313754Z  INFO pack received peer=9b903a3d incoming=1 accepted=1 errs=0
2026-07-23T04:40:50.324145Z  INFO pack received peer=d2743a5e incoming=1 accepted=1 errs=0
2026-07-23T04:40:50.334291Z  INFO pack received peer=c4b26579 incoming=1 accepted=1 errs=0
2026-07-23T04:40:50.344337Z  INFO pack received peer=a233da86 incoming=1 accepted=1 errs=0
2026-07-23T04:40:50.354260Z  INFO pack received peer=55f5cb0b incoming=1 accepted=1 errs=0
2026-07-23T04:40:50.364378Z  INFO pack received peer=edb7fe3d incoming=1 accepted=1 errs=0
2026-07-23T04:40:50.374786Z  INFO pack received peer=9b903a3d incoming=1 accepted=1 errs=0
2026-07-23T04:40:50.385090Z  INFO pack received peer=d2743a5e incoming=1 accepted=1 errs=0
2026-07-23T04:40:50.395317Z  INFO pack received peer=c4b26579 incoming=1 accepted=1 errs=0
2026-07-23T04:40:50.405166Z  INFO pack received peer=a233da86 incoming=1 accepted=1 errs=0
2026-07-23T04:40:50.415463Z  INFO pack received peer=55f5cb0b incoming=1 accepted=1 errs=0
2026-07-23T04:40:50.425914Z  INFO pack received peer=edb7fe3d incoming=1 accepted=1 errs=0
2026-07-23T04:40:50.436376Z  INFO pack received peer=9b903a3d incoming=1 accepted=1 errs=0
2026-07-23T04:40:50.446601Z  INFO pack received peer=d2743a5e incoming=1 accepted=1 errs=0
2026-07-23T04:40:50.456644Z  INFO pack received peer=a233da86 incoming=1 accepted=1 errs=0
2026-07-23T04:40:50.467006Z  INFO pack received peer=c4b26579 incoming=1 accepted=1 errs=0
2026-07-23T04:40:50.477213Z  INFO pack received peer=55f5cb0b incoming=1 accepted=1 errs=0
2026-07-23T04:40:50.487395Z  INFO pack received peer=edb7fe3d incoming=1 accepted=1 errs=0
2026-07-23T04:40:50.498500Z  INFO pack received peer=9b903a3d incoming=1 accepted=1 errs=0
2026-07-23T04:40:50.547943Z  INFO peer connected room=bench-rust-integrated-hosted-server-6p-1784781650543-2-216ffa peer=dcdc7c7f
2026-07-23T04:40:50.548784Z  INFO peer connected room=bench-rust-integrated-hosted-server-6p-1784781650543-2-216ffa peer=963a34c5
2026-07-23T04:40:50.548801Z  INFO peer connected room=bench-rust-integrated-hosted-server-6p-1784781650543-2-216ffa peer=d2a28dbf
2026-07-23T04:40:50.548810Z  INFO peer connected room=bench-rust-integrated-hosted-server-6p-1784781650543-2-216ffa peer=2db1e1a3
2026-07-23T04:40:50.548851Z  INFO peer connected room=bench-rust-integrated-hosted-server-6p-1784781650543-2-216ffa peer=2df44f37
2026-07-23T04:40:50.549491Z  INFO peer connected room=bench-rust-integrated-hosted-server-6p-1784781650543-2-216ffa peer=f6d3a9b6
2026-07-23T04:40:50.782025Z  INFO pack received peer=dcdc7c7f incoming=4 accepted=4 errs=0
2026-07-23T04:40:50.782344Z  INFO pack received peer=dcdc7c7f incoming=0 accepted=0 errs=0
2026-07-23T04:40:50.782572Z  INFO pack received peer=dcdc7c7f incoming=0 accepted=0 errs=0
2026-07-23T04:40:50.782751Z  INFO pack received peer=dcdc7c7f incoming=0 accepted=0 errs=0
2026-07-23T04:40:50.819177Z  INFO pack received peer=dcdc7c7f incoming=1 accepted=1 errs=0
2026-07-23T04:40:50.830365Z  INFO pack received peer=d2a28dbf incoming=1 accepted=1 errs=0
2026-07-23T04:40:50.840260Z  INFO pack received peer=2db1e1a3 incoming=1 accepted=1 errs=0
2026-07-23T04:40:50.850512Z  INFO pack received peer=963a34c5 incoming=1 accepted=1 errs=0
2026-07-23T04:40:50.861079Z  INFO pack received peer=2df44f37 incoming=1 accepted=1 errs=0
2026-07-23T04:40:50.870946Z  INFO pack received peer=f6d3a9b6 incoming=1 accepted=1 errs=0
2026-07-23T04:40:50.881137Z  INFO pack received peer=dcdc7c7f incoming=1 accepted=1 errs=0
2026-07-23T04:40:50.891237Z  INFO pack received peer=d2a28dbf incoming=1 accepted=1 errs=0
2026-07-23T04:40:50.901152Z  INFO pack received peer=2db1e1a3 incoming=1 accepted=1 errs=0
2026-07-23T04:40:50.911267Z  INFO pack received peer=963a34c5 incoming=1 accepted=1 errs=0
2026-07-23T04:40:50.921330Z  INFO pack received peer=2df44f37 incoming=1 accepted=1 errs=0
2026-07-23T04:40:50.931353Z  INFO pack received peer=f6d3a9b6 incoming=1 accepted=1 errs=0
2026-07-23T04:40:50.941493Z  INFO pack received peer=dcdc7c7f incoming=1 accepted=1 errs=0
2026-07-23T04:40:50.951286Z  INFO pack received peer=d2a28dbf incoming=1 accepted=1 errs=0
2026-07-23T04:40:50.961297Z  INFO pack received peer=2db1e1a3 incoming=1 accepted=1 errs=0
2026-07-23T04:40:50.971169Z  INFO pack received peer=963a34c5 incoming=1 accepted=1 errs=0
2026-07-23T04:40:50.981079Z  INFO pack received peer=2df44f37 incoming=1 accepted=1 errs=0
2026-07-23T04:40:50.991184Z  INFO pack received peer=f6d3a9b6 incoming=1 accepted=1 errs=0
2026-07-23T04:40:51.001451Z  INFO pack received peer=dcdc7c7f incoming=1 accepted=1 errs=0
2026-07-23T04:40:51.011815Z  INFO pack received peer=d2a28dbf incoming=1 accepted=1 errs=0
2026-07-23T04:40:51.021854Z  INFO pack received peer=2db1e1a3 incoming=1 accepted=1 errs=0
2026-07-23T04:40:51.032252Z  INFO pack received peer=963a34c5 incoming=1 accepted=1 errs=0
2026-07-23T04:40:51.042473Z  INFO pack received peer=2df44f37 incoming=1 accepted=1 errs=0
2026-07-23T04:40:51.052606Z  INFO pack received peer=f6d3a9b6 incoming=1 accepted=1 errs=0
2026-07-23T04:40:51.062589Z  INFO pack received peer=dcdc7c7f incoming=1 accepted=1 errs=0
2026-07-23T04:40:51.072825Z  INFO pack received peer=d2a28dbf incoming=1 accepted=1 errs=0
2026-07-23T04:40:51.082901Z  INFO pack received peer=2db1e1a3 incoming=1 accepted=1 errs=0
2026-07-23T04:40:51.092675Z  INFO pack received peer=963a34c5 incoming=1 accepted=1 errs=0
2026-07-23T04:40:51.102853Z  INFO pack received peer=2df44f37 incoming=1 accepted=1 errs=0
2026-07-23T04:40:51.112820Z  INFO pack received peer=f6d3a9b6 incoming=1 accepted=1 errs=0
2026-07-23T04:40:51.162149Z  INFO pack received peer=dcdc7c7f incoming=2 accepted=2 errs=0
2026-07-23T04:40:51.176022Z  INFO pack received peer=d2a28dbf incoming=2 accepted=2 errs=0
2026-07-23T04:40:51.190172Z  INFO pack received peer=2db1e1a3 incoming=2 accepted=2 errs=0
2026-07-23T04:40:51.204580Z  INFO pack received peer=963a34c5 incoming=2 accepted=2 errs=0
2026-07-23T04:40:51.217615Z  INFO pack received peer=2df44f37 incoming=2 accepted=2 errs=0
2026-07-23T04:40:51.231403Z  INFO pack received peer=f6d3a9b6 incoming=2 accepted=2 errs=0
2026-07-23T04:40:51.245239Z  INFO pack received peer=dcdc7c7f incoming=2 accepted=2 errs=0
2026-07-23T04:40:51.259338Z  INFO pack received peer=d2a28dbf incoming=2 accepted=2 errs=0
2026-07-23T04:40:51.273252Z  INFO pack received peer=2db1e1a3 incoming=2 accepted=2 errs=0
2026-07-23T04:40:51.287266Z  INFO pack received peer=963a34c5 incoming=2 accepted=2 errs=0
2026-07-23T04:40:51.301482Z  INFO pack received peer=2df44f37 incoming=2 accepted=2 errs=0
2026-07-23T04:40:51.315533Z  INFO pack received peer=f6d3a9b6 incoming=2 accepted=2 errs=0
2026-07-23T04:40:51.329472Z  INFO pack received peer=dcdc7c7f incoming=2 accepted=2 errs=0
2026-07-23T04:40:51.342738Z  INFO pack received peer=d2a28dbf incoming=2 accepted=2 errs=0
2026-07-23T04:40:51.355799Z  INFO pack received peer=2db1e1a3 incoming=2 accepted=2 errs=0
2026-07-23T04:40:51.369340Z  INFO pack received peer=963a34c5 incoming=2 accepted=2 errs=0
2026-07-23T04:40:51.382909Z  INFO pack received peer=2df44f37 incoming=2 accepted=2 errs=0
2026-07-23T04:40:51.395972Z  INFO pack received peer=f6d3a9b6 incoming=2 accepted=2 errs=0
2026-07-23T04:40:51.409339Z  INFO pack received peer=dcdc7c7f incoming=2 accepted=2 errs=0
2026-07-23T04:40:51.422251Z  INFO pack received peer=d2a28dbf incoming=2 accepted=2 errs=0
2026-07-23T04:40:51.435639Z  INFO pack received peer=2db1e1a3 incoming=2 accepted=2 errs=0
2026-07-23T04:40:51.448782Z  INFO pack received peer=963a34c5 incoming=2 accepted=2 errs=0
2026-07-23T04:40:51.462006Z  INFO pack received peer=f6d3a9b6 incoming=2 accepted=2 errs=0
2026-07-23T04:40:51.474664Z  INFO pack received peer=2df44f37 incoming=2 accepted=2 errs=0
2026-07-23T04:40:51.487472Z  INFO pack received peer=dcdc7c7f incoming=2 accepted=2 errs=0
2026-07-23T04:40:51.500631Z  INFO pack received peer=d2a28dbf incoming=2 accepted=2 errs=0
2026-07-23T04:40:51.513542Z  INFO pack received peer=2db1e1a3 incoming=2 accepted=2 errs=0
2026-07-23T04:40:51.526632Z  INFO pack received peer=963a34c5 incoming=2 accepted=2 errs=0
2026-07-23T04:40:51.540070Z  INFO pack received peer=f6d3a9b6 incoming=2 accepted=2 errs=0
2026-07-23T04:40:51.552866Z  INFO pack received peer=2df44f37 incoming=2 accepted=2 errs=0
2026-07-23T04:40:51.629312Z  INFO pack received peer=dcdc7c7f incoming=1 accepted=1 errs=0
2026-07-23T04:40:51.640747Z  INFO pack received peer=d2a28dbf incoming=1 accepted=1 errs=0
2026-07-23T04:40:51.651112Z  INFO pack received peer=2db1e1a3 incoming=1 accepted=1 errs=0
2026-07-23T04:40:51.661055Z  INFO pack received peer=963a34c5 incoming=1 accepted=1 errs=0
2026-07-23T04:40:51.671190Z  INFO pack received peer=2df44f37 incoming=1 accepted=1 errs=0
2026-07-23T04:40:51.681639Z  INFO pack received peer=f6d3a9b6 incoming=1 accepted=1 errs=0
2026-07-23T04:40:51.692149Z  INFO pack received peer=dcdc7c7f incoming=1 accepted=1 errs=0
2026-07-23T04:40:51.703458Z  INFO pack received peer=d2a28dbf incoming=1 accepted=1 errs=0
2026-07-23T04:40:51.713668Z  INFO pack received peer=2db1e1a3 incoming=1 accepted=1 errs=0
2026-07-23T04:40:51.724198Z  INFO pack received peer=963a34c5 incoming=1 accepted=1 errs=0
2026-07-23T04:40:51.735249Z  INFO pack received peer=2df44f37 incoming=1 accepted=1 errs=0
2026-07-23T04:40:51.745830Z  INFO pack received peer=f6d3a9b6 incoming=1 accepted=1 errs=0
2026-07-23T04:40:51.756028Z  INFO pack received peer=dcdc7c7f incoming=1 accepted=1 errs=0
2026-07-23T04:40:51.766661Z  INFO pack received peer=d2a28dbf incoming=1 accepted=1 errs=0
2026-07-23T04:40:51.776977Z  INFO pack received peer=2db1e1a3 incoming=1 accepted=1 errs=0
2026-07-23T04:40:51.787385Z  INFO pack received peer=963a34c5 incoming=1 accepted=1 errs=0
2026-07-23T04:40:51.798058Z  INFO pack received peer=2df44f37 incoming=1 accepted=1 errs=0
2026-07-23T04:40:51.808643Z  INFO pack received peer=f6d3a9b6 incoming=1 accepted=1 errs=0
2026-07-23T04:40:51.819156Z  INFO pack received peer=dcdc7c7f incoming=1 accepted=1 errs=0
2026-07-23T04:40:51.829735Z  INFO pack received peer=d2a28dbf incoming=1 accepted=1 errs=0
2026-07-23T04:40:51.839693Z  INFO pack received peer=2db1e1a3 incoming=1 accepted=1 errs=0
2026-07-23T04:40:51.849932Z  INFO pack received peer=963a34c5 incoming=1 accepted=1 errs=0
2026-07-23T04:40:51.860175Z  INFO pack received peer=2df44f37 incoming=1 accepted=1 errs=0
2026-07-23T04:40:51.870613Z  INFO pack received peer=f6d3a9b6 incoming=1 accepted=1 errs=0
2026-07-23T04:40:51.881006Z  INFO pack received peer=dcdc7c7f incoming=1 accepted=1 errs=0
2026-07-23T04:40:51.891158Z  INFO pack received peer=d2a28dbf incoming=1 accepted=1 errs=0
2026-07-23T04:40:51.901021Z  INFO pack received peer=2db1e1a3 incoming=1 accepted=1 errs=0
2026-07-23T04:40:51.911028Z  INFO pack received peer=963a34c5 incoming=1 accepted=1 errs=0
2026-07-23T04:40:51.921130Z  INFO pack received peer=2df44f37 incoming=1 accepted=1 errs=0
2026-07-23T04:40:51.931514Z  INFO pack received peer=f6d3a9b6 incoming=1 accepted=1 errs=0
2026-07-23T04:40:51.991886Z  INFO peer connected room=bench-rust-integrated-hosted-server-6p-1784781651987-3-a4c5c3 peer=257b3c04
2026-07-23T04:40:51.992818Z  INFO peer connected room=bench-rust-integrated-hosted-server-6p-1784781651987-3-a4c5c3 peer=4ab34fab
2026-07-23T04:40:51.992865Z  INFO peer connected room=bench-rust-integrated-hosted-server-6p-1784781651987-3-a4c5c3 peer=7299ce70
2026-07-23T04:40:51.992882Z  INFO peer connected room=bench-rust-integrated-hosted-server-6p-1784781651987-3-a4c5c3 peer=fef729ec
2026-07-23T04:40:51.992887Z  INFO peer connected room=bench-rust-integrated-hosted-server-6p-1784781651987-3-a4c5c3 peer=f3f4beb6
2026-07-23T04:40:51.993191Z  INFO peer connected room=bench-rust-integrated-hosted-server-6p-1784781651987-3-a4c5c3 peer=9e0d0ca8
2026-07-23T04:40:52.222927Z  INFO pack received peer=257b3c04 incoming=4 accepted=4 errs=0
2026-07-23T04:40:52.223761Z  INFO pack received peer=257b3c04 incoming=0 accepted=0 errs=0
2026-07-23T04:40:52.223942Z  INFO pack received peer=257b3c04 incoming=0 accepted=0 errs=0
2026-07-23T04:40:52.224100Z  INFO pack received peer=257b3c04 incoming=0 accepted=0 errs=0
2026-07-23T04:40:52.259779Z  INFO pack received peer=257b3c04 incoming=1 accepted=1 errs=0
2026-07-23T04:40:52.270853Z  INFO pack received peer=7299ce70 incoming=1 accepted=1 errs=0
2026-07-23T04:40:52.280784Z  INFO pack received peer=fef729ec incoming=1 accepted=1 errs=0
2026-07-23T04:40:52.290976Z  INFO pack received peer=f3f4beb6 incoming=1 accepted=1 errs=0
2026-07-23T04:40:52.301780Z  INFO pack received peer=4ab34fab incoming=1 accepted=1 errs=0
2026-07-23T04:40:52.311819Z  INFO pack received peer=9e0d0ca8 incoming=1 accepted=1 errs=0
2026-07-23T04:40:52.322549Z  INFO pack received peer=257b3c04 incoming=1 accepted=1 errs=0
2026-07-23T04:40:52.334282Z  INFO pack received peer=7299ce70 incoming=1 accepted=1 errs=0
2026-07-23T04:40:52.344508Z  INFO pack received peer=fef729ec incoming=1 accepted=1 errs=0
2026-07-23T04:40:52.354691Z  INFO pack received peer=f3f4beb6 incoming=1 accepted=1 errs=0
2026-07-23T04:40:52.365400Z  INFO pack received peer=4ab34fab incoming=1 accepted=1 errs=0
2026-07-23T04:40:52.375720Z  INFO pack received peer=9e0d0ca8 incoming=1 accepted=1 errs=0
2026-07-23T04:40:52.385738Z  INFO pack received peer=257b3c04 incoming=1 accepted=1 errs=0
2026-07-23T04:40:52.395667Z  INFO pack received peer=7299ce70 incoming=1 accepted=1 errs=0
2026-07-23T04:40:52.405673Z  INFO pack received peer=fef729ec incoming=1 accepted=1 errs=0
2026-07-23T04:40:52.415641Z  INFO pack received peer=f3f4beb6 incoming=1 accepted=1 errs=0
2026-07-23T04:40:52.425898Z  INFO pack received peer=4ab34fab incoming=1 accepted=1 errs=0
2026-07-23T04:40:52.435860Z  INFO pack received peer=9e0d0ca8 incoming=1 accepted=1 errs=0
2026-07-23T04:40:52.445913Z  INFO pack received peer=257b3c04 incoming=1 accepted=1 errs=0
2026-07-23T04:40:52.455826Z  INFO pack received peer=7299ce70 incoming=1 accepted=1 errs=0
2026-07-23T04:40:52.466190Z  INFO pack received peer=fef729ec incoming=1 accepted=1 errs=0
2026-07-23T04:40:52.476260Z  INFO pack received peer=f3f4beb6 incoming=1 accepted=1 errs=0
2026-07-23T04:40:52.486603Z  INFO pack received peer=4ab34fab incoming=1 accepted=1 errs=0
2026-07-23T04:40:52.496585Z  INFO pack received peer=9e0d0ca8 incoming=1 accepted=1 errs=0
2026-07-23T04:40:52.506545Z  INFO pack received peer=257b3c04 incoming=1 accepted=1 errs=0
2026-07-23T04:40:52.516716Z  INFO pack received peer=7299ce70 incoming=1 accepted=1 errs=0
2026-07-23T04:40:52.527049Z  INFO pack received peer=fef729ec incoming=1 accepted=1 errs=0
2026-07-23T04:40:52.537346Z  INFO pack received peer=f3f4beb6 incoming=1 accepted=1 errs=0
2026-07-23T04:40:52.548027Z  INFO pack received peer=4ab34fab incoming=1 accepted=1 errs=0
2026-07-23T04:40:52.558131Z  INFO pack received peer=9e0d0ca8 incoming=1 accepted=1 errs=0
2026-07-23T04:40:52.578448Z  INFO pack received peer=257b3c04 incoming=2 accepted=2 errs=0
2026-07-23T04:40:52.591438Z  INFO pack received peer=7299ce70 incoming=2 accepted=2 errs=0
2026-07-23T04:40:52.604877Z  INFO pack received peer=fef729ec incoming=2 accepted=2 errs=0
2026-07-23T04:40:52.618218Z  INFO pack received peer=f3f4beb6 incoming=2 accepted=2 errs=0
2026-07-23T04:40:52.631752Z  INFO pack received peer=4ab34fab incoming=2 accepted=2 errs=0
2026-07-23T04:40:52.644877Z  INFO pack received peer=9e0d0ca8 incoming=2 accepted=2 errs=0
2026-07-23T04:40:52.657703Z  INFO pack received peer=257b3c04 incoming=2 accepted=2 errs=0
2026-07-23T04:40:52.671112Z  INFO pack received peer=7299ce70 incoming=2 accepted=2 errs=0
2026-07-23T04:40:52.684785Z  INFO pack received peer=fef729ec incoming=2 accepted=2 errs=0
2026-07-23T04:40:52.698443Z  INFO pack received peer=f3f4beb6 incoming=2 accepted=2 errs=0
2026-07-23T04:40:52.711867Z  INFO pack received peer=4ab34fab incoming=2 accepted=2 errs=0
2026-07-23T04:40:52.724981Z  INFO pack received peer=9e0d0ca8 incoming=2 accepted=2 errs=0
2026-07-23T04:40:52.738791Z  INFO pack received peer=257b3c04 incoming=2 accepted=2 errs=0
2026-07-23T04:40:52.751683Z  INFO pack received peer=7299ce70 incoming=2 accepted=2 errs=0
2026-07-23T04:40:52.764714Z  INFO pack received peer=fef729ec incoming=2 accepted=2 errs=0
2026-07-23T04:40:52.777516Z  INFO pack received peer=f3f4beb6 incoming=2 accepted=2 errs=0
2026-07-23T04:40:52.790740Z  INFO pack received peer=4ab34fab incoming=2 accepted=2 errs=0
2026-07-23T04:40:52.803460Z  INFO pack received peer=9e0d0ca8 incoming=2 accepted=2 errs=0
2026-07-23T04:40:52.816723Z  INFO pack received peer=257b3c04 incoming=2 accepted=2 errs=0
2026-07-23T04:40:52.829819Z  INFO pack received peer=7299ce70 incoming=2 accepted=2 errs=0
2026-07-23T04:40:52.843180Z  INFO pack received peer=fef729ec incoming=2 accepted=2 errs=0
2026-07-23T04:40:52.856039Z  INFO pack received peer=f3f4beb6 incoming=2 accepted=2 errs=0
2026-07-23T04:40:52.869284Z  INFO pack received peer=4ab34fab incoming=2 accepted=2 errs=0
2026-07-23T04:40:52.882664Z  INFO pack received peer=9e0d0ca8 incoming=2 accepted=2 errs=0
2026-07-23T04:40:52.895701Z  INFO pack received peer=257b3c04 incoming=2 accepted=2 errs=0
2026-07-23T04:40:52.908713Z  INFO pack received peer=7299ce70 incoming=2 accepted=2 errs=0
2026-07-23T04:40:52.921901Z  INFO pack received peer=fef729ec incoming=2 accepted=2 errs=0
2026-07-23T04:40:52.935332Z  INFO pack received peer=f3f4beb6 incoming=2 accepted=2 errs=0
2026-07-23T04:40:52.948440Z  INFO pack received peer=9e0d0ca8 incoming=2 accepted=2 errs=0
2026-07-23T04:40:52.961645Z  INFO pack received peer=4ab34fab incoming=2 accepted=2 errs=0
2026-07-23T04:40:53.009476Z  INFO pack received peer=257b3c04 incoming=1 accepted=1 errs=0
2026-07-23T04:40:53.021104Z  INFO pack received peer=7299ce70 incoming=1 accepted=1 errs=0
2026-07-23T04:40:53.031242Z  INFO pack received peer=f3f4beb6 incoming=1 accepted=1 errs=0
2026-07-23T04:40:53.041203Z  INFO pack received peer=fef729ec incoming=1 accepted=1 errs=0
2026-07-23T04:40:53.051094Z  INFO pack received peer=4ab34fab incoming=1 accepted=1 errs=0
2026-07-23T04:40:53.061416Z  INFO pack received peer=9e0d0ca8 incoming=1 accepted=1 errs=0
2026-07-23T04:40:53.071795Z  INFO pack received peer=257b3c04 incoming=1 accepted=1 errs=0
2026-07-23T04:40:53.083706Z  INFO pack received peer=7299ce70 incoming=1 accepted=1 errs=0
2026-07-23T04:40:53.094022Z  INFO pack received peer=fef729ec incoming=1 accepted=1 errs=0
2026-07-23T04:40:53.103974Z  INFO pack received peer=f3f4beb6 incoming=1 accepted=1 errs=0
2026-07-23T04:40:53.115454Z  INFO pack received peer=4ab34fab incoming=1 accepted=1 errs=0
2026-07-23T04:40:53.125783Z  INFO pack received peer=9e0d0ca8 incoming=1 accepted=1 errs=0
2026-07-23T04:40:53.136155Z  INFO pack received peer=257b3c04 incoming=1 accepted=1 errs=0
2026-07-23T04:40:53.146646Z  INFO pack received peer=7299ce70 incoming=1 accepted=1 errs=0
2026-07-23T04:40:53.156822Z  INFO pack received peer=f3f4beb6 incoming=1 accepted=1 errs=0
2026-07-23T04:40:53.167018Z  INFO pack received peer=fef729ec incoming=1 accepted=1 errs=0
2026-07-23T04:40:53.177061Z  INFO pack received peer=4ab34fab incoming=1 accepted=1 errs=0
2026-07-23T04:40:53.187505Z  INFO pack received peer=9e0d0ca8 incoming=1 accepted=1 errs=0
2026-07-23T04:40:53.197987Z  INFO pack received peer=257b3c04 incoming=1 accepted=1 errs=0
2026-07-23T04:40:53.208081Z  INFO pack received peer=7299ce70 incoming=1 accepted=1 errs=0
2026-07-23T04:40:53.218402Z  INFO pack received peer=fef729ec incoming=1 accepted=1 errs=0
2026-07-23T04:40:53.228665Z  INFO pack received peer=f3f4beb6 incoming=1 accepted=1 errs=0
2026-07-23T04:40:53.238806Z  INFO pack received peer=4ab34fab incoming=1 accepted=1 errs=0
2026-07-23T04:40:53.249106Z  INFO pack received peer=9e0d0ca8 incoming=1 accepted=1 errs=0
2026-07-23T04:40:53.259396Z  INFO pack received peer=257b3c04 incoming=1 accepted=1 errs=0
2026-07-23T04:40:53.269596Z  INFO pack received peer=7299ce70 incoming=1 accepted=1 errs=0
2026-07-23T04:40:53.279814Z  INFO pack received peer=fef729ec incoming=1 accepted=1 errs=0
2026-07-23T04:40:53.289786Z  INFO pack received peer=f3f4beb6 incoming=1 accepted=1 errs=0
2026-07-23T04:40:53.299943Z  INFO pack received peer=4ab34fab incoming=1 accepted=1 errs=0
2026-07-23T04:40:53.310260Z  INFO pack received peer=9e0d0ca8 incoming=1 accepted=1 errs=0
2026-07-23T04:40:53.338353Z  INFO peer connected room=bench-rust-integrated-hosted-server-6p-1784781653334-4-6184e7 peer=aeaebaef
2026-07-23T04:40:53.339186Z  INFO peer connected room=bench-rust-integrated-hosted-server-6p-1784781653334-4-6184e7 peer=61069eda
2026-07-23T04:40:53.339210Z  INFO peer connected room=bench-rust-integrated-hosted-server-6p-1784781653334-4-6184e7 peer=49fb2304
2026-07-23T04:40:53.339227Z  INFO peer connected room=bench-rust-integrated-hosted-server-6p-1784781653334-4-6184e7 peer=7a11d3ac
2026-07-23T04:40:53.339391Z  INFO peer connected room=bench-rust-integrated-hosted-server-6p-1784781653334-4-6184e7 peer=eae3c059
2026-07-23T04:40:53.339886Z  INFO peer connected room=bench-rust-integrated-hosted-server-6p-1784781653334-4-6184e7 peer=52392305
2026-07-23T04:40:53.571614Z  INFO pack received peer=aeaebaef incoming=4 accepted=4 errs=0
2026-07-23T04:40:53.572793Z  INFO pack received peer=aeaebaef incoming=0 accepted=0 errs=0
2026-07-23T04:40:53.572993Z  INFO pack received peer=aeaebaef incoming=0 accepted=0 errs=0
2026-07-23T04:40:53.573149Z  INFO pack received peer=aeaebaef incoming=0 accepted=0 errs=0
2026-07-23T04:40:53.607876Z  INFO pack received peer=aeaebaef incoming=1 accepted=1 errs=0
2026-07-23T04:40:53.619209Z  INFO pack received peer=61069eda incoming=1 accepted=1 errs=0
2026-07-23T04:40:53.629691Z  INFO pack received peer=7a11d3ac incoming=1 accepted=1 errs=0
2026-07-23T04:40:53.640293Z  INFO pack received peer=49fb2304 incoming=1 accepted=1 errs=0
2026-07-23T04:40:53.650938Z  INFO pack received peer=eae3c059 incoming=1 accepted=1 errs=0
2026-07-23T04:40:53.661503Z  INFO pack received peer=52392305 incoming=1 accepted=1 errs=0
2026-07-23T04:40:53.671687Z  INFO pack received peer=aeaebaef incoming=1 accepted=1 errs=0
2026-07-23T04:40:53.682062Z  INFO pack received peer=61069eda incoming=1 accepted=1 errs=0
2026-07-23T04:40:53.692253Z  INFO pack received peer=7a11d3ac incoming=1 accepted=1 errs=0
2026-07-23T04:40:53.702385Z  INFO pack received peer=49fb2304 incoming=1 accepted=1 errs=0
2026-07-23T04:40:53.712700Z  INFO pack received peer=eae3c059 incoming=1 accepted=1 errs=0
2026-07-23T04:40:53.723362Z  INFO pack received peer=52392305 incoming=1 accepted=1 errs=0
2026-07-23T04:40:53.733102Z  INFO pack received peer=aeaebaef incoming=1 accepted=1 errs=0
2026-07-23T04:40:53.743049Z  INFO pack received peer=61069eda incoming=1 accepted=1 errs=0
2026-07-23T04:40:53.752974Z  INFO pack received peer=7a11d3ac incoming=1 accepted=1 errs=0
2026-07-23T04:40:53.763304Z  INFO pack received peer=49fb2304 incoming=1 accepted=1 errs=0
2026-07-23T04:40:53.773158Z  INFO pack received peer=eae3c059 incoming=1 accepted=1 errs=0
2026-07-23T04:40:53.783287Z  INFO pack received peer=aeaebaef incoming=1 accepted=1 errs=0
2026-07-23T04:40:53.793249Z  INFO pack received peer=52392305 incoming=1 accepted=1 errs=0
2026-07-23T04:40:53.803810Z  INFO pack received peer=61069eda incoming=1 accepted=1 errs=0
2026-07-23T04:40:53.813902Z  INFO pack received peer=7a11d3ac incoming=1 accepted=1 errs=0
2026-07-23T04:40:53.823865Z  INFO pack received peer=49fb2304 incoming=1 accepted=1 errs=0
2026-07-23T04:40:53.833970Z  INFO pack received peer=eae3c059 incoming=1 accepted=1 errs=0
2026-07-23T04:40:53.843916Z  INFO pack received peer=52392305 incoming=1 accepted=1 errs=0
2026-07-23T04:40:53.854197Z  INFO pack received peer=aeaebaef incoming=1 accepted=1 errs=0
2026-07-23T04:40:53.864498Z  INFO pack received peer=61069eda incoming=1 accepted=1 errs=0
2026-07-23T04:40:53.874580Z  INFO pack received peer=7a11d3ac incoming=1 accepted=1 errs=0
2026-07-23T04:40:53.884988Z  INFO pack received peer=49fb2304 incoming=1 accepted=1 errs=0
2026-07-23T04:40:53.895737Z  INFO pack received peer=eae3c059 incoming=1 accepted=1 errs=0
2026-07-23T04:40:53.905704Z  INFO pack received peer=52392305 incoming=1 accepted=1 errs=0
2026-07-23T04:40:53.936888Z  INFO pack received peer=aeaebaef incoming=2 accepted=2 errs=0
2026-07-23T04:40:53.951313Z  INFO pack received peer=61069eda incoming=2 accepted=2 errs=0
2026-07-23T04:40:53.965722Z  INFO pack received peer=7a11d3ac incoming=2 accepted=2 errs=0
2026-07-23T04:40:53.979705Z  INFO pack received peer=49fb2304 incoming=2 accepted=2 errs=0
2026-07-23T04:40:53.992626Z  INFO pack received peer=eae3c059 incoming=2 accepted=2 errs=0
2026-07-23T04:40:54.005733Z  INFO pack received peer=52392305 incoming=2 accepted=2 errs=0
2026-07-23T04:40:54.018732Z  INFO pack received peer=aeaebaef incoming=2 accepted=2 errs=0
2026-07-23T04:40:54.031494Z  INFO pack received peer=61069eda incoming=2 accepted=2 errs=0
2026-07-23T04:40:54.044651Z  INFO pack received peer=7a11d3ac incoming=2 accepted=2 errs=0
2026-07-23T04:40:54.057571Z  INFO pack received peer=49fb2304 incoming=2 accepted=2 errs=0
2026-07-23T04:40:54.070862Z  INFO pack received peer=eae3c059 incoming=2 accepted=2 errs=0
2026-07-23T04:40:54.084113Z  INFO pack received peer=52392305 incoming=2 accepted=2 errs=0
2026-07-23T04:40:54.097239Z  INFO pack received peer=aeaebaef incoming=2 accepted=2 errs=0
2026-07-23T04:40:54.110349Z  INFO pack received peer=61069eda incoming=2 accepted=2 errs=0
2026-07-23T04:40:54.123596Z  INFO pack received peer=49fb2304 incoming=2 accepted=2 errs=0
2026-07-23T04:40:54.137237Z  INFO pack received peer=7a11d3ac incoming=2 accepted=2 errs=0
2026-07-23T04:40:54.151276Z  INFO pack received peer=eae3c059 incoming=2 accepted=2 errs=0
2026-07-23T04:40:54.165155Z  INFO pack received peer=52392305 incoming=2 accepted=2 errs=0
2026-07-23T04:40:54.178192Z  INFO pack received peer=aeaebaef incoming=2 accepted=2 errs=0
2026-07-23T04:40:54.191813Z  INFO pack received peer=61069eda incoming=2 accepted=2 errs=0
2026-07-23T04:40:54.204749Z  INFO pack received peer=7a11d3ac incoming=2 accepted=2 errs=0
2026-07-23T04:40:54.218039Z  INFO pack received peer=49fb2304 incoming=2 accepted=2 errs=0
2026-07-23T04:40:54.231668Z  INFO pack received peer=eae3c059 incoming=2 accepted=2 errs=0
2026-07-23T04:40:54.244533Z  INFO pack received peer=52392305 incoming=2 accepted=2 errs=0
2026-07-23T04:40:54.257486Z  INFO pack received peer=aeaebaef incoming=2 accepted=2 errs=0
2026-07-23T04:40:54.270597Z  INFO pack received peer=61069eda incoming=2 accepted=2 errs=0
2026-07-23T04:40:54.283816Z  INFO pack received peer=7a11d3ac incoming=2 accepted=2 errs=0
2026-07-23T04:40:54.297328Z  INFO pack received peer=49fb2304 incoming=2 accepted=2 errs=0
2026-07-23T04:40:54.311187Z  INFO pack received peer=eae3c059 incoming=2 accepted=2 errs=0
2026-07-23T04:40:54.324325Z  INFO pack received peer=52392305 incoming=2 accepted=2 errs=0
2026-07-23T04:40:54.390639Z  INFO pack received peer=aeaebaef incoming=1 accepted=1 errs=0
2026-07-23T04:40:54.402500Z  INFO pack received peer=61069eda incoming=1 accepted=1 errs=0
2026-07-23T04:40:54.412844Z  INFO pack received peer=7a11d3ac incoming=1 accepted=1 errs=0
2026-07-23T04:40:54.423088Z  INFO pack received peer=49fb2304 incoming=1 accepted=1 errs=0
2026-07-23T04:40:54.433864Z  INFO pack received peer=eae3c059 incoming=1 accepted=1 errs=0
2026-07-23T04:40:54.444616Z  INFO pack received peer=52392305 incoming=1 accepted=1 errs=0
2026-07-23T04:40:54.454980Z  INFO pack received peer=aeaebaef incoming=1 accepted=1 errs=0
2026-07-23T04:40:54.465578Z  INFO pack received peer=61069eda incoming=1 accepted=1 errs=0
2026-07-23T04:40:54.476205Z  INFO pack received peer=7a11d3ac incoming=1 accepted=1 errs=0
2026-07-23T04:40:54.486701Z  INFO pack received peer=49fb2304 incoming=1 accepted=1 errs=0
2026-07-23T04:40:54.497518Z  INFO pack received peer=eae3c059 incoming=1 accepted=1 errs=0
2026-07-23T04:40:54.508417Z  INFO pack received peer=52392305 incoming=1 accepted=1 errs=0
2026-07-23T04:40:54.519268Z  INFO pack received peer=aeaebaef incoming=1 accepted=1 errs=0
2026-07-23T04:40:54.529891Z  INFO pack received peer=61069eda incoming=1 accepted=1 errs=0
2026-07-23T04:40:54.540687Z  INFO pack received peer=7a11d3ac incoming=1 accepted=1 errs=0
2026-07-23T04:40:54.551217Z  INFO pack received peer=49fb2304 incoming=1 accepted=1 errs=0
2026-07-23T04:40:54.561499Z  INFO pack received peer=eae3c059 incoming=1 accepted=1 errs=0
2026-07-23T04:40:54.571835Z  INFO pack received peer=52392305 incoming=1 accepted=1 errs=0
2026-07-23T04:40:54.582831Z  INFO pack received peer=aeaebaef incoming=1 accepted=1 errs=0
2026-07-23T04:40:54.593319Z  INFO pack received peer=61069eda incoming=1 accepted=1 errs=0
2026-07-23T04:40:54.603700Z  INFO pack received peer=7a11d3ac incoming=1 accepted=1 errs=0
2026-07-23T04:40:54.614332Z  INFO pack received peer=49fb2304 incoming=1 accepted=1 errs=0
2026-07-23T04:40:54.624983Z  INFO pack received peer=eae3c059 incoming=1 accepted=1 errs=0
2026-07-23T04:40:54.635459Z  INFO pack received peer=52392305 incoming=1 accepted=1 errs=0
2026-07-23T04:40:54.646049Z  INFO pack received peer=aeaebaef incoming=1 accepted=1 errs=0
2026-07-23T04:40:54.656340Z  INFO pack received peer=61069eda incoming=1 accepted=1 errs=0
2026-07-23T04:40:54.666534Z  INFO pack received peer=7a11d3ac incoming=1 accepted=1 errs=0
2026-07-23T04:40:54.676976Z  INFO pack received peer=49fb2304 incoming=1 accepted=1 errs=0
2026-07-23T04:40:54.687193Z  INFO pack received peer=eae3c059 incoming=1 accepted=1 errs=0
2026-07-23T04:40:54.697961Z  INFO pack received peer=52392305 incoming=1 accepted=1 errs=0
2026-07-23T04:40:54.739023Z  INFO peer connected room=bench-rust-integrated-hosted-server-6p-1784781654735-5-9f89ba peer=d257ec5b
2026-07-23T04:40:54.739816Z  INFO peer connected room=bench-rust-integrated-hosted-server-6p-1784781654735-5-9f89ba peer=51c42275
2026-07-23T04:40:54.739845Z  INFO peer connected room=bench-rust-integrated-hosted-server-6p-1784781654735-5-9f89ba peer=486dc886
2026-07-23T04:40:54.739855Z  INFO peer connected room=bench-rust-integrated-hosted-server-6p-1784781654735-5-9f89ba peer=7e4639f5
2026-07-23T04:40:54.739893Z  INFO peer connected room=bench-rust-integrated-hosted-server-6p-1784781654735-5-9f89ba peer=7145a101
2026-07-23T04:40:54.740550Z  INFO peer connected room=bench-rust-integrated-hosted-server-6p-1784781654735-5-9f89ba peer=e72672ad
2026-07-23T04:40:54.970916Z  INFO pack received peer=d257ec5b incoming=4 accepted=4 errs=0
2026-07-23T04:40:54.971584Z  INFO pack received peer=d257ec5b incoming=0 accepted=0 errs=0
2026-07-23T04:40:54.971821Z  INFO pack received peer=d257ec5b incoming=0 accepted=0 errs=0
2026-07-23T04:40:54.971994Z  INFO pack received peer=d257ec5b incoming=0 accepted=0 errs=0
2026-07-23T04:40:55.007888Z  INFO pack received peer=d257ec5b incoming=1 accepted=1 errs=0
2026-07-23T04:40:55.018941Z  INFO pack received peer=7e4639f5 incoming=1 accepted=1 errs=0
2026-07-23T04:40:55.029176Z  INFO pack received peer=486dc886 incoming=1 accepted=1 errs=0
2026-07-23T04:40:55.039463Z  INFO pack received peer=7145a101 incoming=1 accepted=1 errs=0
2026-07-23T04:40:55.049768Z  INFO pack received peer=51c42275 incoming=1 accepted=1 errs=0
2026-07-23T04:40:55.059811Z  INFO pack received peer=e72672ad incoming=1 accepted=1 errs=0
2026-07-23T04:40:55.070251Z  INFO pack received peer=d257ec5b incoming=1 accepted=1 errs=0
2026-07-23T04:40:55.080479Z  INFO pack received peer=7e4639f5 incoming=1 accepted=1 errs=0
2026-07-23T04:40:55.090707Z  INFO pack received peer=486dc886 incoming=1 accepted=1 errs=0
2026-07-23T04:40:55.100598Z  INFO pack received peer=7145a101 incoming=1 accepted=1 errs=0
2026-07-23T04:40:55.110872Z  INFO pack received peer=51c42275 incoming=1 accepted=1 errs=0
2026-07-23T04:40:55.121407Z  INFO pack received peer=e72672ad incoming=1 accepted=1 errs=0
2026-07-23T04:40:55.131856Z  INFO pack received peer=d257ec5b incoming=1 accepted=1 errs=0
2026-07-23T04:40:55.141938Z  INFO pack received peer=7e4639f5 incoming=1 accepted=1 errs=0
2026-07-23T04:40:55.152077Z  INFO pack received peer=486dc886 incoming=1 accepted=1 errs=0
2026-07-23T04:40:55.162584Z  INFO pack received peer=7145a101 incoming=1 accepted=1 errs=0
2026-07-23T04:40:55.172679Z  INFO pack received peer=51c42275 incoming=1 accepted=1 errs=0
2026-07-23T04:40:55.183207Z  INFO pack received peer=e72672ad incoming=1 accepted=1 errs=0
2026-07-23T04:40:55.193275Z  INFO pack received peer=d257ec5b incoming=1 accepted=1 errs=0
2026-07-23T04:40:55.203720Z  INFO pack received peer=7e4639f5 incoming=1 accepted=1 errs=0
2026-07-23T04:40:55.214041Z  INFO pack received peer=486dc886 incoming=1 accepted=1 errs=0
2026-07-23T04:40:55.224408Z  INFO pack received peer=7145a101 incoming=1 accepted=1 errs=0
2026-07-23T04:40:55.235031Z  INFO pack received peer=51c42275 incoming=1 accepted=1 errs=0
2026-07-23T04:40:55.245817Z  INFO pack received peer=e72672ad incoming=1 accepted=1 errs=0
2026-07-23T04:40:55.256105Z  INFO pack received peer=d257ec5b incoming=1 accepted=1 errs=0
2026-07-23T04:40:55.266379Z  INFO pack received peer=7e4639f5 incoming=1 accepted=1 errs=0
2026-07-23T04:40:55.276644Z  INFO pack received peer=486dc886 incoming=1 accepted=1 errs=0
2026-07-23T04:40:55.286759Z  INFO pack received peer=7145a101 incoming=1 accepted=1 errs=0
2026-07-23T04:40:55.296807Z  INFO pack received peer=51c42275 incoming=1 accepted=1 errs=0
2026-07-23T04:40:55.306962Z  INFO pack received peer=e72672ad incoming=1 accepted=1 errs=0
2026-07-23T04:40:55.349952Z  INFO pack received peer=d257ec5b incoming=2 accepted=2 errs=0
2026-07-23T04:40:55.364571Z  INFO pack received peer=7e4639f5 incoming=2 accepted=2 errs=0
2026-07-23T04:40:55.378374Z  INFO pack received peer=486dc886 incoming=2 accepted=2 errs=0
2026-07-23T04:40:55.392419Z  INFO pack received peer=7145a101 incoming=2 accepted=2 errs=0
2026-07-23T04:40:55.405243Z  INFO pack received peer=51c42275 incoming=2 accepted=2 errs=0
2026-07-23T04:40:55.418333Z  INFO pack received peer=e72672ad incoming=2 accepted=2 errs=0
2026-07-23T04:40:55.431468Z  INFO pack received peer=d257ec5b incoming=2 accepted=2 errs=0
2026-07-23T04:40:55.444655Z  INFO pack received peer=7e4639f5 incoming=2 accepted=2 errs=0
2026-07-23T04:40:55.457611Z  INFO pack received peer=486dc886 incoming=2 accepted=2 errs=0
2026-07-23T04:40:55.470840Z  INFO pack received peer=7145a101 incoming=2 accepted=2 errs=0
2026-07-23T04:40:55.484515Z  INFO pack received peer=51c42275 incoming=2 accepted=2 errs=0
2026-07-23T04:40:55.498379Z  INFO pack received peer=e72672ad incoming=2 accepted=2 errs=0
2026-07-23T04:40:55.512105Z  INFO pack received peer=d257ec5b incoming=2 accepted=2 errs=0
2026-07-23T04:40:55.525009Z  INFO pack received peer=7e4639f5 incoming=2 accepted=2 errs=0
2026-07-23T04:40:55.538072Z  INFO pack received peer=7145a101 incoming=2 accepted=2 errs=0
2026-07-23T04:40:55.550967Z  INFO pack received peer=486dc886 incoming=2 accepted=2 errs=0
2026-07-23T04:40:55.563832Z  INFO pack received peer=51c42275 incoming=2 accepted=2 errs=0
2026-07-23T04:40:55.576889Z  INFO pack received peer=e72672ad incoming=2 accepted=2 errs=0
2026-07-23T04:40:55.589997Z  INFO pack received peer=d257ec5b incoming=2 accepted=2 errs=0
2026-07-23T04:40:55.604188Z  INFO pack received peer=7145a101 incoming=2 accepted=2 errs=0
2026-07-23T04:40:55.617993Z  INFO pack received peer=7e4639f5 incoming=2 accepted=2 errs=0
2026-07-23T04:40:55.632493Z  INFO pack received peer=486dc886 incoming=2 accepted=2 errs=0
2026-07-23T04:40:55.645894Z  INFO pack received peer=51c42275 incoming=2 accepted=2 errs=0
2026-07-23T04:40:55.659920Z  INFO pack received peer=e72672ad incoming=2 accepted=2 errs=0
2026-07-23T04:40:55.673409Z  INFO pack received peer=d257ec5b incoming=2 accepted=2 errs=0
2026-07-23T04:40:55.687037Z  INFO pack received peer=7145a101 incoming=2 accepted=2 errs=0
2026-07-23T04:40:55.700285Z  INFO pack received peer=7e4639f5 incoming=2 accepted=2 errs=0
2026-07-23T04:40:55.713580Z  INFO pack received peer=486dc886 incoming=2 accepted=2 errs=0
2026-07-23T04:40:55.726669Z  INFO pack received peer=51c42275 incoming=2 accepted=2 errs=0
2026-07-23T04:40:55.740043Z  INFO pack received peer=e72672ad incoming=2 accepted=2 errs=0
2026-07-23T04:40:55.805511Z  INFO pack received peer=d257ec5b incoming=1 accepted=1 errs=0
2026-07-23T04:40:55.817050Z  INFO pack received peer=7e4639f5 incoming=1 accepted=1 errs=0
2026-07-23T04:40:55.827824Z  INFO pack received peer=486dc886 incoming=1 accepted=1 errs=0
2026-07-23T04:40:55.837816Z  INFO pack received peer=7145a101 incoming=1 accepted=1 errs=0
2026-07-23T04:40:55.848464Z  INFO pack received peer=51c42275 incoming=1 accepted=1 errs=0
2026-07-23T04:40:55.859422Z  INFO pack received peer=e72672ad incoming=1 accepted=1 errs=0
2026-07-23T04:40:55.869308Z  INFO pack received peer=d257ec5b incoming=1 accepted=1 errs=0
2026-07-23T04:40:55.879769Z  INFO pack received peer=7e4639f5 incoming=1 accepted=1 errs=0
2026-07-23T04:40:55.890197Z  INFO pack received peer=486dc886 incoming=1 accepted=1 errs=0
2026-07-23T04:40:55.900190Z  INFO pack received peer=7145a101 incoming=1 accepted=1 errs=0
2026-07-23T04:40:55.911190Z  INFO pack received peer=51c42275 incoming=1 accepted=1 errs=0
2026-07-23T04:40:55.922190Z  INFO pack received peer=e72672ad incoming=1 accepted=1 errs=0
2026-07-23T04:40:55.932682Z  INFO pack received peer=d257ec5b incoming=1 accepted=1 errs=0
2026-07-23T04:40:55.943091Z  INFO pack received peer=7e4639f5 incoming=1 accepted=1 errs=0
2026-07-23T04:40:55.953501Z  INFO pack received peer=486dc886 incoming=1 accepted=1 errs=0
2026-07-23T04:40:55.964013Z  INFO pack received peer=7145a101 incoming=1 accepted=1 errs=0
2026-07-23T04:40:55.974226Z  INFO pack received peer=51c42275 incoming=1 accepted=1 errs=0
2026-07-23T04:40:55.984647Z  INFO pack received peer=e72672ad incoming=1 accepted=1 errs=0
2026-07-23T04:40:55.995848Z  INFO pack received peer=d257ec5b incoming=1 accepted=1 errs=0
2026-07-23T04:40:56.006045Z  INFO pack received peer=486dc886 incoming=1 accepted=1 errs=0
2026-07-23T04:40:56.016581Z  INFO pack received peer=7e4639f5 incoming=1 accepted=1 errs=0
2026-07-23T04:40:56.027053Z  INFO pack received peer=7145a101 incoming=1 accepted=1 errs=0
2026-07-23T04:40:56.037386Z  INFO pack received peer=51c42275 incoming=1 accepted=1 errs=0
2026-07-23T04:40:56.047713Z  INFO pack received peer=e72672ad incoming=1 accepted=1 errs=0
2026-07-23T04:40:56.057855Z  INFO pack received peer=d257ec5b incoming=1 accepted=1 errs=0
2026-07-23T04:40:56.067756Z  INFO pack received peer=486dc886 incoming=1 accepted=1 errs=0
2026-07-23T04:40:56.078114Z  INFO pack received peer=7e4639f5 incoming=1 accepted=1 errs=0
2026-07-23T04:40:56.088034Z  INFO pack received peer=7145a101 incoming=1 accepted=1 errs=0
2026-07-23T04:40:56.098341Z  INFO pack received peer=51c42275 incoming=1 accepted=1 errs=0
2026-07-23T04:40:56.108715Z  INFO pack received peer=e72672ad incoming=1 accepted=1 errs=0
2026-07-23T04:40:56.135246Z  INFO peer connected room=bench-rust-integrated-hosted-server-6p-1784781656131-6-e10a62 peer=d07c718c
2026-07-23T04:40:56.136072Z  INFO peer connected room=bench-rust-integrated-hosted-server-6p-1784781656131-6-e10a62 peer=cd8a5633
2026-07-23T04:40:56.136101Z  INFO peer connected room=bench-rust-integrated-hosted-server-6p-1784781656131-6-e10a62 peer=af4f5ad4
2026-07-23T04:40:56.136114Z  INFO peer connected room=bench-rust-integrated-hosted-server-6p-1784781656131-6-e10a62 peer=8cbc1d31
2026-07-23T04:40:56.136122Z  INFO peer connected room=bench-rust-integrated-hosted-server-6p-1784781656131-6-e10a62 peer=569a00c9
2026-07-23T04:40:56.136313Z  INFO peer connected room=bench-rust-integrated-hosted-server-6p-1784781656131-6-e10a62 peer=3e4c1667
2026-07-23T04:40:56.368508Z  INFO pack received peer=d07c718c incoming=4 accepted=4 errs=0
2026-07-23T04:40:56.369165Z  INFO pack received peer=d07c718c incoming=0 accepted=0 errs=0
2026-07-23T04:40:56.369383Z  INFO pack received peer=d07c718c incoming=0 accepted=0 errs=0
2026-07-23T04:40:56.369547Z  INFO pack received peer=d07c718c incoming=0 accepted=0 errs=0
2026-07-23T04:40:56.406454Z  INFO pack received peer=d07c718c incoming=1 accepted=1 errs=0
2026-07-23T04:40:56.417424Z  INFO pack received peer=af4f5ad4 incoming=1 accepted=1 errs=0
2026-07-23T04:40:56.427814Z  INFO pack received peer=8cbc1d31 incoming=1 accepted=1 errs=0
2026-07-23T04:40:56.437843Z  INFO pack received peer=569a00c9 incoming=1 accepted=1 errs=0
2026-07-23T04:40:56.448429Z  INFO pack received peer=3e4c1667 incoming=1 accepted=1 errs=0
2026-07-23T04:40:56.458807Z  INFO pack received peer=cd8a5633 incoming=1 accepted=1 errs=0
2026-07-23T04:40:56.468411Z  INFO pack received peer=d07c718c incoming=1 accepted=1 errs=0
2026-07-23T04:40:56.478859Z  INFO pack received peer=af4f5ad4 incoming=1 accepted=1 errs=0
2026-07-23T04:40:56.488841Z  INFO pack received peer=8cbc1d31 incoming=1 accepted=1 errs=0
2026-07-23T04:40:56.498883Z  INFO pack received peer=569a00c9 incoming=1 accepted=1 errs=0
2026-07-23T04:40:56.508990Z  INFO pack received peer=3e4c1667 incoming=1 accepted=1 errs=0
2026-07-23T04:40:56.519270Z  INFO pack received peer=cd8a5633 incoming=1 accepted=1 errs=0
2026-07-23T04:40:56.529128Z  INFO pack received peer=d07c718c incoming=1 accepted=1 errs=0
2026-07-23T04:40:56.539475Z  INFO pack received peer=af4f5ad4 incoming=1 accepted=1 errs=0
2026-07-23T04:40:56.549497Z  INFO pack received peer=8cbc1d31 incoming=1 accepted=1 errs=0
2026-07-23T04:40:56.559938Z  INFO pack received peer=569a00c9 incoming=1 accepted=1 errs=0
2026-07-23T04:40:56.569959Z  INFO pack received peer=3e4c1667 incoming=1 accepted=1 errs=0
2026-07-23T04:40:56.580425Z  INFO pack received peer=d07c718c incoming=1 accepted=1 errs=0
2026-07-23T04:40:56.590353Z  INFO pack received peer=cd8a5633 incoming=1 accepted=1 errs=0
2026-07-23T04:40:56.600829Z  INFO pack received peer=8cbc1d31 incoming=1 accepted=1 errs=0
2026-07-23T04:40:56.610880Z  INFO pack received peer=af4f5ad4 incoming=1 accepted=1 errs=0
2026-07-23T04:40:56.620922Z  INFO pack received peer=3e4c1667 incoming=1 accepted=1 errs=0
2026-07-23T04:40:56.631318Z  INFO pack received peer=569a00c9 incoming=1 accepted=1 errs=0
2026-07-23T04:40:56.641705Z  INFO pack received peer=cd8a5633 incoming=1 accepted=1 errs=0
2026-07-23T04:40:56.651720Z  INFO pack received peer=d07c718c incoming=1 accepted=1 errs=0
2026-07-23T04:40:56.661956Z  INFO pack received peer=8cbc1d31 incoming=1 accepted=1 errs=0
2026-07-23T04:40:56.672385Z  INFO pack received peer=af4f5ad4 incoming=1 accepted=1 errs=0
2026-07-23T04:40:56.682885Z  INFO pack received peer=3e4c1667 incoming=1 accepted=1 errs=0
2026-07-23T04:40:56.692887Z  INFO pack received peer=569a00c9 incoming=1 accepted=1 errs=0
2026-07-23T04:40:56.703322Z  INFO pack received peer=cd8a5633 incoming=1 accepted=1 errs=0
2026-07-23T04:40:56.762286Z  INFO pack received peer=d07c718c incoming=2 accepted=2 errs=0
2026-07-23T04:40:56.775460Z  INFO pack received peer=af4f5ad4 incoming=2 accepted=2 errs=0
2026-07-23T04:40:56.788209Z  INFO pack received peer=8cbc1d31 incoming=2 accepted=2 errs=0
2026-07-23T04:40:56.801982Z  INFO pack received peer=569a00c9 incoming=2 accepted=2 errs=0
2026-07-23T04:40:56.815242Z  INFO pack received peer=3e4c1667 incoming=2 accepted=2 errs=0
2026-07-23T04:40:56.828215Z  INFO pack received peer=cd8a5633 incoming=2 accepted=2 errs=0
2026-07-23T04:40:56.841309Z  INFO pack received peer=d07c718c incoming=2 accepted=2 errs=0
2026-07-23T04:40:56.853875Z  INFO pack received peer=af4f5ad4 incoming=2 accepted=2 errs=0
2026-07-23T04:40:56.866964Z  INFO pack received peer=8cbc1d31 incoming=2 accepted=2 errs=0
2026-07-23T04:40:56.880067Z  INFO pack received peer=569a00c9 incoming=2 accepted=2 errs=0
2026-07-23T04:40:56.893237Z  INFO pack received peer=3e4c1667 incoming=2 accepted=2 errs=0
2026-07-23T04:40:56.906792Z  INFO pack received peer=cd8a5633 incoming=2 accepted=2 errs=0
2026-07-23T04:40:56.920382Z  INFO pack received peer=d07c718c incoming=2 accepted=2 errs=0
2026-07-23T04:40:56.933381Z  INFO pack received peer=af4f5ad4 incoming=2 accepted=2 errs=0
2026-07-23T04:40:56.946389Z  INFO pack received peer=8cbc1d31 incoming=2 accepted=2 errs=0
2026-07-23T04:40:56.959393Z  INFO pack received peer=569a00c9 incoming=2 accepted=2 errs=0
2026-07-23T04:40:56.973100Z  INFO pack received peer=3e4c1667 incoming=2 accepted=2 errs=0
2026-07-23T04:40:56.985853Z  INFO pack received peer=cd8a5633 incoming=2 accepted=2 errs=0
2026-07-23T04:40:56.998802Z  INFO pack received peer=d07c718c incoming=2 accepted=2 errs=0
2026-07-23T04:40:57.011568Z  INFO pack received peer=af4f5ad4 incoming=2 accepted=2 errs=0
2026-07-23T04:40:57.024567Z  INFO pack received peer=8cbc1d31 incoming=2 accepted=2 errs=0
2026-07-23T04:40:57.037579Z  INFO pack received peer=569a00c9 incoming=2 accepted=2 errs=0
2026-07-23T04:40:57.050885Z  INFO pack received peer=3e4c1667 incoming=2 accepted=2 errs=0
2026-07-23T04:40:57.063594Z  INFO pack received peer=cd8a5633 incoming=2 accepted=2 errs=0
2026-07-23T04:40:57.077118Z  INFO pack received peer=d07c718c incoming=2 accepted=2 errs=0
2026-07-23T04:40:57.089977Z  INFO pack received peer=af4f5ad4 incoming=2 accepted=2 errs=0
2026-07-23T04:40:57.103244Z  INFO pack received peer=8cbc1d31 incoming=2 accepted=2 errs=0
2026-07-23T04:40:57.116358Z  INFO pack received peer=569a00c9 incoming=2 accepted=2 errs=0
2026-07-23T04:40:57.130358Z  INFO pack received peer=3e4c1667 incoming=2 accepted=2 errs=0
2026-07-23T04:40:57.143576Z  INFO pack received peer=cd8a5633 incoming=2 accepted=2 errs=0
2026-07-23T04:40:57.187599Z  INFO pack received peer=d07c718c incoming=1 accepted=1 errs=0
2026-07-23T04:40:57.199552Z  INFO pack received peer=af4f5ad4 incoming=1 accepted=1 errs=0
2026-07-23T04:40:57.209647Z  INFO pack received peer=8cbc1d31 incoming=1 accepted=1 errs=0
2026-07-23T04:40:57.219993Z  INFO pack received peer=569a00c9 incoming=1 accepted=1 errs=0
2026-07-23T04:40:57.230974Z  INFO pack received peer=3e4c1667 incoming=1 accepted=1 errs=0
2026-07-23T04:40:57.241527Z  INFO pack received peer=cd8a5633 incoming=1 accepted=1 errs=0
2026-07-23T04:40:57.251868Z  INFO pack received peer=d07c718c incoming=1 accepted=1 errs=0
2026-07-23T04:40:57.262968Z  INFO pack received peer=af4f5ad4 incoming=1 accepted=1 errs=0
2026-07-23T04:40:57.273170Z  INFO pack received peer=8cbc1d31 incoming=1 accepted=1 errs=0
2026-07-23T04:40:57.283620Z  INFO pack received peer=569a00c9 incoming=1 accepted=1 errs=0
2026-07-23T04:40:57.294282Z  INFO pack received peer=3e4c1667 incoming=1 accepted=1 errs=0
2026-07-23T04:40:57.304517Z  INFO pack received peer=cd8a5633 incoming=1 accepted=1 errs=0
2026-07-23T04:40:57.314697Z  INFO pack received peer=d07c718c incoming=1 accepted=1 errs=0
2026-07-23T04:40:57.325030Z  INFO pack received peer=af4f5ad4 incoming=1 accepted=1 errs=0
2026-07-23T04:40:57.335068Z  INFO pack received peer=8cbc1d31 incoming=1 accepted=1 errs=0
2026-07-23T04:40:57.345671Z  INFO pack received peer=569a00c9 incoming=1 accepted=1 errs=0
2026-07-23T04:40:57.356527Z  INFO pack received peer=3e4c1667 incoming=1 accepted=1 errs=0
2026-07-23T04:40:57.366964Z  INFO pack received peer=d07c718c incoming=1 accepted=1 errs=0
2026-07-23T04:40:57.377831Z  INFO pack received peer=cd8a5633 incoming=1 accepted=1 errs=0
2026-07-23T04:40:57.388416Z  INFO pack received peer=af4f5ad4 incoming=1 accepted=1 errs=0
2026-07-23T04:40:57.399228Z  INFO pack received peer=8cbc1d31 incoming=1 accepted=1 errs=0
2026-07-23T04:40:57.409974Z  INFO pack received peer=569a00c9 incoming=1 accepted=1 errs=0
2026-07-23T04:40:57.420325Z  INFO pack received peer=3e4c1667 incoming=1 accepted=1 errs=0
2026-07-23T04:40:57.430359Z  INFO pack received peer=d07c718c incoming=1 accepted=1 errs=0
2026-07-23T04:40:57.440899Z  INFO pack received peer=cd8a5633 incoming=1 accepted=1 errs=0
2026-07-23T04:40:57.451108Z  INFO pack received peer=af4f5ad4 incoming=1 accepted=1 errs=0
2026-07-23T04:40:57.461860Z  INFO pack received peer=8cbc1d31 incoming=1 accepted=1 errs=0
2026-07-23T04:40:57.472312Z  INFO pack received peer=569a00c9 incoming=1 accepted=1 errs=0
2026-07-23T04:40:57.482816Z  INFO pack received peer=3e4c1667 incoming=1 accepted=1 errs=0
2026-07-23T04:40:57.492996Z  INFO pack received peer=cd8a5633 incoming=1 accepted=1 errs=0
2026-07-23T04:40:57.550279Z  INFO peer connected room=bench-rust-integrated-hosted-server-6p-1784781657546-7-e57b6b peer=7fedf1ce
2026-07-23T04:40:57.551122Z  INFO peer connected room=bench-rust-integrated-hosted-server-6p-1784781657546-7-e57b6b peer=6ad3d4b9
2026-07-23T04:40:57.551149Z  INFO peer connected room=bench-rust-integrated-hosted-server-6p-1784781657546-7-e57b6b peer=04c76ac7
2026-07-23T04:40:57.551162Z  INFO peer connected room=bench-rust-integrated-hosted-server-6p-1784781657546-7-e57b6b peer=96775ca1
2026-07-23T04:40:57.551182Z  INFO peer connected room=bench-rust-integrated-hosted-server-6p-1784781657546-7-e57b6b peer=7e8b0fbe
2026-07-23T04:40:57.551342Z  INFO peer connected room=bench-rust-integrated-hosted-server-6p-1784781657546-7-e57b6b peer=64201f68
2026-07-23T04:40:57.781253Z  INFO pack received peer=7fedf1ce incoming=4 accepted=4 errs=0
2026-07-23T04:40:57.781964Z  INFO pack received peer=7fedf1ce incoming=0 accepted=0 errs=0
2026-07-23T04:40:57.782196Z  INFO pack received peer=7fedf1ce incoming=0 accepted=0 errs=0
2026-07-23T04:40:57.782405Z  INFO pack received peer=7fedf1ce incoming=0 accepted=0 errs=0
2026-07-23T04:40:57.818175Z  INFO pack received peer=7fedf1ce incoming=1 accepted=1 errs=0
2026-07-23T04:40:57.829601Z  INFO pack received peer=04c76ac7 incoming=1 accepted=1 errs=0
2026-07-23T04:40:57.839639Z  INFO pack received peer=7e8b0fbe incoming=1 accepted=1 errs=0
2026-07-23T04:40:57.850220Z  INFO pack received peer=6ad3d4b9 incoming=1 accepted=1 errs=0
2026-07-23T04:40:57.860808Z  INFO pack received peer=96775ca1 incoming=1 accepted=1 errs=0
2026-07-23T04:40:57.871390Z  INFO pack received peer=64201f68 incoming=1 accepted=1 errs=0
2026-07-23T04:40:57.881642Z  INFO pack received peer=7fedf1ce incoming=1 accepted=1 errs=0
2026-07-23T04:40:57.891576Z  INFO pack received peer=04c76ac7 incoming=1 accepted=1 errs=0
2026-07-23T04:40:57.901633Z  INFO pack received peer=7e8b0fbe incoming=1 accepted=1 errs=0
2026-07-23T04:40:57.911695Z  INFO pack received peer=6ad3d4b9 incoming=1 accepted=1 errs=0
2026-07-23T04:40:57.921821Z  INFO pack received peer=96775ca1 incoming=1 accepted=1 errs=0
2026-07-23T04:40:57.931982Z  INFO pack received peer=64201f68 incoming=1 accepted=1 errs=0
2026-07-23T04:40:57.942360Z  INFO pack received peer=7fedf1ce incoming=1 accepted=1 errs=0
2026-07-23T04:40:57.952561Z  INFO pack received peer=04c76ac7 incoming=1 accepted=1 errs=0
2026-07-23T04:40:57.962533Z  INFO pack received peer=7e8b0fbe incoming=1 accepted=1 errs=0
2026-07-23T04:40:57.972480Z  INFO pack received peer=6ad3d4b9 incoming=1 accepted=1 errs=0
2026-07-23T04:40:57.982971Z  INFO pack received peer=96775ca1 incoming=1 accepted=1 errs=0
2026-07-23T04:40:57.993572Z  INFO pack received peer=64201f68 incoming=1 accepted=1 errs=0
2026-07-23T04:40:58.003880Z  INFO pack received peer=7fedf1ce incoming=1 accepted=1 errs=0
2026-07-23T04:40:58.013887Z  INFO pack received peer=04c76ac7 incoming=1 accepted=1 errs=0
2026-07-23T04:40:58.023957Z  INFO pack received peer=7e8b0fbe incoming=1 accepted=1 errs=0
2026-07-23T04:40:58.033954Z  INFO pack received peer=6ad3d4b9 incoming=1 accepted=1 errs=0
2026-07-23T04:40:58.044081Z  INFO pack received peer=96775ca1 incoming=1 accepted=1 errs=0
2026-07-23T04:40:58.054083Z  INFO pack received peer=64201f68 incoming=1 accepted=1 errs=0
2026-07-23T04:40:58.064237Z  INFO pack received peer=7fedf1ce incoming=1 accepted=1 errs=0
2026-07-23T04:40:58.074234Z  INFO pack received peer=7e8b0fbe incoming=1 accepted=1 errs=0
2026-07-23T04:40:58.084145Z  INFO pack received peer=04c76ac7 incoming=1 accepted=1 errs=0
2026-07-23T04:40:58.094008Z  INFO pack received peer=6ad3d4b9 incoming=1 accepted=1 errs=0
2026-07-23T04:40:58.104219Z  INFO pack received peer=96775ca1 incoming=1 accepted=1 errs=0
2026-07-23T04:40:58.114312Z  INFO pack received peer=64201f68 incoming=1 accepted=1 errs=0
2026-07-23T04:40:58.175953Z  INFO pack received peer=7fedf1ce incoming=2 accepted=2 errs=0
2026-07-23T04:40:58.189940Z  INFO pack received peer=04c76ac7 incoming=2 accepted=2 errs=0
2026-07-23T04:40:58.203610Z  INFO pack received peer=7e8b0fbe incoming=2 accepted=2 errs=0
2026-07-23T04:40:58.216785Z  INFO pack received peer=6ad3d4b9 incoming=2 accepted=2 errs=0
2026-07-23T04:40:58.230323Z  INFO pack received peer=96775ca1 incoming=2 accepted=2 errs=0
2026-07-23T04:40:58.244411Z  INFO pack received peer=64201f68 incoming=2 accepted=2 errs=0
2026-07-23T04:40:58.257553Z  INFO pack received peer=7fedf1ce incoming=2 accepted=2 errs=0
2026-07-23T04:40:58.270766Z  INFO pack received peer=04c76ac7 incoming=2 accepted=2 errs=0
2026-07-23T04:40:58.284405Z  INFO pack received peer=7e8b0fbe incoming=2 accepted=2 errs=0
2026-07-23T04:40:58.297006Z  INFO pack received peer=6ad3d4b9 incoming=2 accepted=2 errs=0
2026-07-23T04:40:58.310220Z  INFO pack received peer=96775ca1 incoming=2 accepted=2 errs=0
2026-07-23T04:40:58.323300Z  INFO pack received peer=64201f68 incoming=2 accepted=2 errs=0
2026-07-23T04:40:58.336251Z  INFO pack received peer=7fedf1ce incoming=2 accepted=2 errs=0
2026-07-23T04:40:58.349371Z  INFO pack received peer=04c76ac7 incoming=2 accepted=2 errs=0
2026-07-23T04:40:58.362788Z  INFO pack received peer=7e8b0fbe incoming=2 accepted=2 errs=0
2026-07-23T04:40:58.376336Z  INFO pack received peer=6ad3d4b9 incoming=2 accepted=2 errs=0
2026-07-23T04:40:58.389933Z  INFO pack received peer=96775ca1 incoming=2 accepted=2 errs=0
2026-07-23T04:40:58.402858Z  INFO pack received peer=64201f68 incoming=2 accepted=2 errs=0
2026-07-23T04:40:58.415630Z  INFO pack received peer=7fedf1ce incoming=2 accepted=2 errs=0
2026-07-23T04:40:58.428343Z  INFO pack received peer=04c76ac7 incoming=2 accepted=2 errs=0
2026-07-23T04:40:58.441683Z  INFO pack received peer=7e8b0fbe incoming=2 accepted=2 errs=0
2026-07-23T04:40:58.454399Z  INFO pack received peer=6ad3d4b9 incoming=2 accepted=2 errs=0
2026-07-23T04:40:58.467741Z  INFO pack received peer=96775ca1 incoming=2 accepted=2 errs=0
2026-07-23T04:40:58.481042Z  INFO pack received peer=64201f68 incoming=2 accepted=2 errs=0
2026-07-23T04:40:58.494339Z  INFO pack received peer=7fedf1ce incoming=2 accepted=2 errs=0
2026-07-23T04:40:58.507239Z  INFO pack received peer=04c76ac7 incoming=2 accepted=2 errs=0
2026-07-23T04:40:58.520127Z  INFO pack received peer=7e8b0fbe incoming=2 accepted=2 errs=0
2026-07-23T04:40:58.532966Z  INFO pack received peer=6ad3d4b9 incoming=2 accepted=2 errs=0
2026-07-23T04:40:58.546290Z  INFO pack received peer=96775ca1 incoming=2 accepted=2 errs=0
2026-07-23T04:40:58.559301Z  INFO pack received peer=64201f68 incoming=2 accepted=2 errs=0
2026-07-23T04:40:58.613701Z  INFO pack received peer=7fedf1ce incoming=1 accepted=1 errs=0
2026-07-23T04:40:58.624657Z  INFO pack received peer=7e8b0fbe incoming=1 accepted=1 errs=0
2026-07-23T04:40:58.635067Z  INFO pack received peer=04c76ac7 incoming=1 accepted=1 errs=0
2026-07-23T04:40:58.645074Z  INFO pack received peer=6ad3d4b9 incoming=1 accepted=1 errs=0
2026-07-23T04:40:58.655853Z  INFO pack received peer=96775ca1 incoming=1 accepted=1 errs=0
2026-07-23T04:40:58.666566Z  INFO pack received peer=64201f68 incoming=1 accepted=1 errs=0
2026-07-23T04:40:58.677121Z  INFO pack received peer=7fedf1ce incoming=1 accepted=1 errs=0
2026-07-23T04:40:58.687908Z  INFO pack received peer=7e8b0fbe incoming=1 accepted=1 errs=0
2026-07-23T04:40:58.698919Z  INFO pack received peer=04c76ac7 incoming=1 accepted=1 errs=0
2026-07-23T04:40:58.709179Z  INFO pack received peer=6ad3d4b9 incoming=1 accepted=1 errs=0
2026-07-23T04:40:58.719580Z  INFO pack received peer=96775ca1 incoming=1 accepted=1 errs=0
2026-07-23T04:40:58.730300Z  INFO pack received peer=64201f68 incoming=1 accepted=1 errs=0
2026-07-23T04:40:58.740635Z  INFO pack received peer=7fedf1ce incoming=1 accepted=1 errs=0
2026-07-23T04:40:58.750913Z  INFO pack received peer=7e8b0fbe incoming=1 accepted=1 errs=0
2026-07-23T04:40:58.761283Z  INFO pack received peer=6ad3d4b9 incoming=1 accepted=1 errs=0
2026-07-23T04:40:58.771420Z  INFO pack received peer=04c76ac7 incoming=1 accepted=1 errs=0
2026-07-23T04:40:58.781798Z  INFO pack received peer=96775ca1 incoming=1 accepted=1 errs=0
2026-07-23T04:40:58.792612Z  INFO pack received peer=64201f68 incoming=1 accepted=1 errs=0
2026-07-23T04:40:58.803397Z  INFO pack received peer=7fedf1ce incoming=1 accepted=1 errs=0
2026-07-23T04:40:58.813533Z  INFO pack received peer=7e8b0fbe incoming=1 accepted=1 errs=0
2026-07-23T04:40:58.824026Z  INFO pack received peer=6ad3d4b9 incoming=1 accepted=1 errs=0
2026-07-23T04:40:58.834549Z  INFO pack received peer=04c76ac7 incoming=1 accepted=1 errs=0
2026-07-23T04:40:58.845225Z  INFO pack received peer=96775ca1 incoming=1 accepted=1 errs=0
2026-07-23T04:40:58.855494Z  INFO pack received peer=64201f68 incoming=1 accepted=1 errs=0
2026-07-23T04:40:58.865815Z  INFO pack received peer=7fedf1ce incoming=1 accepted=1 errs=0
2026-07-23T04:40:58.875849Z  INFO pack received peer=7e8b0fbe incoming=1 accepted=1 errs=0
2026-07-23T04:40:58.885889Z  INFO pack received peer=04c76ac7 incoming=1 accepted=1 errs=0
2026-07-23T04:40:58.896065Z  INFO pack received peer=6ad3d4b9 incoming=1 accepted=1 errs=0
2026-07-23T04:40:58.906371Z  INFO pack received peer=96775ca1 incoming=1 accepted=1 errs=0
2026-07-23T04:40:58.916506Z  INFO pack received peer=64201f68 incoming=1 accepted=1 errs=0
2026-07-23T04:40:58.962628Z  INFO peer connected room=bench-rust-integrated-hosted-server-6p-1784781658958-8-6433a8 peer=3a942df3
2026-07-23T04:40:58.963454Z  INFO peer connected room=bench-rust-integrated-hosted-server-6p-1784781658958-8-6433a8 peer=2614cabd
2026-07-23T04:40:58.963477Z  INFO peer connected room=bench-rust-integrated-hosted-server-6p-1784781658958-8-6433a8 peer=f3689a06
2026-07-23T04:40:58.963495Z  INFO peer connected room=bench-rust-integrated-hosted-server-6p-1784781658958-8-6433a8 peer=59022480
2026-07-23T04:40:58.963531Z  INFO peer connected room=bench-rust-integrated-hosted-server-6p-1784781658958-8-6433a8 peer=fa1a8f6d
2026-07-23T04:40:58.964123Z  INFO peer connected room=bench-rust-integrated-hosted-server-6p-1784781658958-8-6433a8 peer=d16e68f8
2026-07-23T04:40:59.194426Z  INFO pack received peer=3a942df3 incoming=4 accepted=4 errs=0
2026-07-23T04:40:59.195168Z  INFO pack received peer=3a942df3 incoming=0 accepted=0 errs=0
2026-07-23T04:40:59.195347Z  INFO pack received peer=3a942df3 incoming=0 accepted=0 errs=0
2026-07-23T04:40:59.195531Z  INFO pack received peer=3a942df3 incoming=0 accepted=0 errs=0
2026-07-23T04:40:59.231590Z  INFO pack received peer=3a942df3 incoming=1 accepted=1 errs=0
2026-07-23T04:40:59.241812Z  INFO pack received peer=f3689a06 incoming=1 accepted=1 errs=0
2026-07-23T04:40:59.251771Z  INFO pack received peer=59022480 incoming=1 accepted=1 errs=0
2026-07-23T04:40:59.261969Z  INFO pack received peer=2614cabd incoming=1 accepted=1 errs=0
2026-07-23T04:40:59.271948Z  INFO pack received peer=fa1a8f6d incoming=1 accepted=1 errs=0
2026-07-23T04:40:59.282215Z  INFO pack received peer=d16e68f8 incoming=1 accepted=1 errs=0
2026-07-23T04:40:59.292090Z  INFO pack received peer=3a942df3 incoming=1 accepted=1 errs=0
2026-07-23T04:40:59.302088Z  INFO pack received peer=59022480 incoming=1 accepted=1 errs=0
2026-07-23T04:40:59.311909Z  INFO pack received peer=f3689a06 incoming=1 accepted=1 errs=0
2026-07-23T04:40:59.322102Z  INFO pack received peer=2614cabd incoming=1 accepted=1 errs=0
2026-07-23T04:40:59.332559Z  INFO pack received peer=fa1a8f6d incoming=1 accepted=1 errs=0
2026-07-23T04:40:59.342999Z  INFO pack received peer=d16e68f8 incoming=1 accepted=1 errs=0
2026-07-23T04:40:59.353166Z  INFO pack received peer=3a942df3 incoming=1 accepted=1 errs=0
2026-07-23T04:40:59.363130Z  INFO pack received peer=59022480 incoming=1 accepted=1 errs=0
2026-07-23T04:40:59.373115Z  INFO pack received peer=f3689a06 incoming=1 accepted=1 errs=0
2026-07-23T04:40:59.383099Z  INFO pack received peer=2614cabd incoming=1 accepted=1 errs=0
2026-07-23T04:40:59.393561Z  INFO pack received peer=fa1a8f6d incoming=1 accepted=1 errs=0
2026-07-23T04:40:59.403528Z  INFO pack received peer=d16e68f8 incoming=1 accepted=1 errs=0
2026-07-23T04:40:59.413718Z  INFO pack received peer=3a942df3 incoming=1 accepted=1 errs=0
2026-07-23T04:40:59.423803Z  INFO pack received peer=59022480 incoming=1 accepted=1 errs=0
2026-07-23T04:40:59.433954Z  INFO pack received peer=f3689a06 incoming=1 accepted=1 errs=0
2026-07-23T04:40:59.444405Z  INFO pack received peer=2614cabd incoming=1 accepted=1 errs=0
2026-07-23T04:40:59.454515Z  INFO pack received peer=fa1a8f6d incoming=1 accepted=1 errs=0
2026-07-23T04:40:59.464500Z  INFO pack received peer=d16e68f8 incoming=1 accepted=1 errs=0
2026-07-23T04:40:59.475132Z  INFO pack received peer=3a942df3 incoming=1 accepted=1 errs=0
2026-07-23T04:40:59.485397Z  INFO pack received peer=59022480 incoming=1 accepted=1 errs=0
2026-07-23T04:40:59.495839Z  INFO pack received peer=f3689a06 incoming=1 accepted=1 errs=0
2026-07-23T04:40:59.505989Z  INFO pack received peer=2614cabd incoming=1 accepted=1 errs=0
2026-07-23T04:40:59.516539Z  INFO pack received peer=fa1a8f6d incoming=1 accepted=1 errs=0
2026-07-23T04:40:59.526877Z  INFO pack received peer=d16e68f8 incoming=1 accepted=1 errs=0
2026-07-23T04:40:59.556627Z  INFO pack received peer=3a942df3 incoming=2 accepted=2 errs=0
2026-07-23T04:40:59.570421Z  INFO pack received peer=59022480 incoming=2 accepted=2 errs=0
2026-07-23T04:40:59.585000Z  INFO pack received peer=f3689a06 incoming=2 accepted=2 errs=0
2026-07-23T04:40:59.600151Z  INFO pack received peer=2614cabd incoming=2 accepted=2 errs=0
2026-07-23T04:40:59.614607Z  INFO pack received peer=fa1a8f6d incoming=2 accepted=2 errs=0
2026-07-23T04:40:59.627697Z  INFO pack received peer=d16e68f8 incoming=2 accepted=2 errs=0
2026-07-23T04:40:59.641434Z  INFO pack received peer=3a942df3 incoming=2 accepted=2 errs=0
2026-07-23T04:40:59.655120Z  INFO pack received peer=59022480 incoming=2 accepted=2 errs=0
2026-07-23T04:40:59.668637Z  INFO pack received peer=f3689a06 incoming=2 accepted=2 errs=0
2026-07-23T04:40:59.682728Z  INFO pack received peer=2614cabd incoming=2 accepted=2 errs=0
2026-07-23T04:40:59.696754Z  INFO pack received peer=fa1a8f6d incoming=2 accepted=2 errs=0
2026-07-23T04:40:59.710520Z  INFO pack received peer=d16e68f8 incoming=2 accepted=2 errs=0
2026-07-23T04:40:59.724420Z  INFO pack received peer=3a942df3 incoming=2 accepted=2 errs=0
2026-07-23T04:40:59.737843Z  INFO pack received peer=59022480 incoming=2 accepted=2 errs=0
2026-07-23T04:40:59.751336Z  INFO pack received peer=f3689a06 incoming=2 accepted=2 errs=0
2026-07-23T04:40:59.765146Z  INFO pack received peer=2614cabd incoming=2 accepted=2 errs=0
2026-07-23T04:40:59.778619Z  INFO pack received peer=fa1a8f6d incoming=2 accepted=2 errs=0
2026-07-23T04:40:59.792576Z  INFO pack received peer=d16e68f8 incoming=2 accepted=2 errs=0
2026-07-23T04:40:59.805341Z  INFO pack received peer=3a942df3 incoming=2 accepted=2 errs=0
2026-07-23T04:40:59.818282Z  INFO pack received peer=59022480 incoming=2 accepted=2 errs=0
2026-07-23T04:40:59.831007Z  INFO pack received peer=f3689a06 incoming=2 accepted=2 errs=0
2026-07-23T04:40:59.844823Z  INFO pack received peer=2614cabd incoming=2 accepted=2 errs=0
2026-07-23T04:40:59.858133Z  INFO pack received peer=fa1a8f6d incoming=2 accepted=2 errs=0
2026-07-23T04:40:59.871489Z  INFO pack received peer=d16e68f8 incoming=2 accepted=2 errs=0
2026-07-23T04:40:59.884365Z  INFO pack received peer=3a942df3 incoming=2 accepted=2 errs=0
2026-07-23T04:40:59.898362Z  INFO pack received peer=59022480 incoming=2 accepted=2 errs=0
2026-07-23T04:40:59.912008Z  INFO pack received peer=f3689a06 incoming=2 accepted=2 errs=0
2026-07-23T04:40:59.925302Z  INFO pack received peer=2614cabd incoming=2 accepted=2 errs=0
2026-07-23T04:40:59.939538Z  INFO pack received peer=fa1a8f6d incoming=2 accepted=2 errs=0
2026-07-23T04:40:59.952830Z  INFO pack received peer=d16e68f8 incoming=2 accepted=2 errs=0
2026-07-23T04:40:59.997388Z  INFO pack received peer=3a942df3 incoming=1 accepted=1 errs=0
2026-07-23T04:41:00.009939Z  INFO pack received peer=59022480 incoming=1 accepted=1 errs=0
2026-07-23T04:41:00.021128Z  INFO pack received peer=f3689a06 incoming=1 accepted=1 errs=0
2026-07-23T04:41:00.031811Z  INFO pack received peer=2614cabd incoming=1 accepted=1 errs=0
2026-07-23T04:41:00.043081Z  INFO pack received peer=fa1a8f6d incoming=1 accepted=1 errs=0
2026-07-23T04:41:00.054230Z  INFO pack received peer=d16e68f8 incoming=1 accepted=1 errs=0
2026-07-23T04:41:00.065068Z  INFO pack received peer=3a942df3 incoming=1 accepted=1 errs=0
2026-07-23T04:41:00.076376Z  INFO pack received peer=59022480 incoming=1 accepted=1 errs=0
2026-07-23T04:41:00.088102Z  INFO pack received peer=f3689a06 incoming=1 accepted=1 errs=0
2026-07-23T04:41:00.099015Z  INFO pack received peer=2614cabd incoming=1 accepted=1 errs=0
2026-07-23T04:41:00.109968Z  INFO pack received peer=fa1a8f6d incoming=1 accepted=1 errs=0
2026-07-23T04:41:00.120072Z  INFO pack received peer=d16e68f8 incoming=1 accepted=1 errs=0
2026-07-23T04:41:00.130797Z  INFO pack received peer=3a942df3 incoming=1 accepted=1 errs=0
2026-07-23T04:41:00.141242Z  INFO pack received peer=59022480 incoming=1 accepted=1 errs=0
2026-07-23T04:41:00.151911Z  INFO pack received peer=f3689a06 incoming=1 accepted=1 errs=0
2026-07-23T04:41:00.162599Z  INFO pack received peer=2614cabd incoming=1 accepted=1 errs=0
2026-07-23T04:41:00.172875Z  INFO pack received peer=fa1a8f6d incoming=1 accepted=1 errs=0
2026-07-23T04:41:00.183733Z  INFO pack received peer=d16e68f8 incoming=1 accepted=1 errs=0
2026-07-23T04:41:00.195110Z  INFO pack received peer=3a942df3 incoming=1 accepted=1 errs=0
2026-07-23T04:41:00.205546Z  INFO pack received peer=59022480 incoming=1 accepted=1 errs=0
2026-07-23T04:41:00.215851Z  INFO pack received peer=f3689a06 incoming=1 accepted=1 errs=0
2026-07-23T04:41:00.225802Z  INFO pack received peer=2614cabd incoming=1 accepted=1 errs=0
2026-07-23T04:41:00.236328Z  INFO pack received peer=fa1a8f6d incoming=1 accepted=1 errs=0
2026-07-23T04:41:00.246340Z  INFO pack received peer=d16e68f8 incoming=1 accepted=1 errs=0
2026-07-23T04:41:00.256479Z  INFO pack received peer=3a942df3 incoming=1 accepted=1 errs=0
2026-07-23T04:41:00.266676Z  INFO pack received peer=59022480 incoming=1 accepted=1 errs=0
2026-07-23T04:41:00.276975Z  INFO pack received peer=f3689a06 incoming=1 accepted=1 errs=0
2026-07-23T04:41:00.286852Z  INFO pack received peer=2614cabd incoming=1 accepted=1 errs=0
2026-07-23T04:41:00.297374Z  INFO pack received peer=fa1a8f6d incoming=1 accepted=1 errs=0
2026-07-23T04:41:00.307309Z  INFO pack received peer=d16e68f8 incoming=1 accepted=1 errs=0
2026-07-23T04:41:00.362347Z  INFO peer connected room=bench-rust-integrated-hosted-server-6p-1784781660357-9-69c10b peer=f56881a7
2026-07-23T04:41:00.363124Z  INFO peer connected room=bench-rust-integrated-hosted-server-6p-1784781660357-9-69c10b peer=05132deb
2026-07-23T04:41:00.363148Z  INFO peer connected room=bench-rust-integrated-hosted-server-6p-1784781660357-9-69c10b peer=b79b9184
2026-07-23T04:41:00.363162Z  INFO peer connected room=bench-rust-integrated-hosted-server-6p-1784781660357-9-69c10b peer=e89c4be5
2026-07-23T04:41:00.363202Z  INFO peer connected room=bench-rust-integrated-hosted-server-6p-1784781660357-9-69c10b peer=7feba7f4
2026-07-23T04:41:00.363769Z  INFO peer connected room=bench-rust-integrated-hosted-server-6p-1784781660357-9-69c10b peer=138232e0
2026-07-23T04:41:00.589654Z  INFO pack received peer=f56881a7 incoming=4 accepted=4 errs=0
2026-07-23T04:41:00.590358Z  INFO pack received peer=f56881a7 incoming=0 accepted=0 errs=0
2026-07-23T04:41:00.590589Z  INFO pack received peer=f56881a7 incoming=0 accepted=0 errs=0
2026-07-23T04:41:00.590759Z  INFO pack received peer=f56881a7 incoming=0 accepted=0 errs=0
2026-07-23T04:41:00.625915Z  INFO pack received peer=f56881a7 incoming=1 accepted=1 errs=0
2026-07-23T04:41:00.636952Z  INFO pack received peer=e89c4be5 incoming=1 accepted=1 errs=0
2026-07-23T04:41:00.647033Z  INFO pack received peer=b79b9184 incoming=1 accepted=1 errs=0
2026-07-23T04:41:00.657100Z  INFO pack received peer=7feba7f4 incoming=1 accepted=1 errs=0
2026-07-23T04:41:00.668670Z  INFO pack received peer=05132deb incoming=1 accepted=1 errs=0
2026-07-23T04:41:00.678635Z  INFO pack received peer=138232e0 incoming=1 accepted=1 errs=0
2026-07-23T04:41:00.688854Z  INFO pack received peer=f56881a7 incoming=1 accepted=1 errs=0
2026-07-23T04:41:00.699460Z  INFO pack received peer=e89c4be5 incoming=1 accepted=1 errs=0
2026-07-23T04:41:00.709646Z  INFO pack received peer=b79b9184 incoming=1 accepted=1 errs=0
2026-07-23T04:41:00.719497Z  INFO pack received peer=7feba7f4 incoming=1 accepted=1 errs=0
2026-07-23T04:41:00.729580Z  INFO pack received peer=05132deb incoming=1 accepted=1 errs=0
2026-07-23T04:41:00.739729Z  INFO pack received peer=138232e0 incoming=1 accepted=1 errs=0
2026-07-23T04:41:00.749784Z  INFO pack received peer=f56881a7 incoming=1 accepted=1 errs=0
2026-07-23T04:41:00.760147Z  INFO pack received peer=e89c4be5 incoming=1 accepted=1 errs=0
2026-07-23T04:41:00.770549Z  INFO pack received peer=b79b9184 incoming=1 accepted=1 errs=0
2026-07-23T04:41:00.780533Z  INFO pack received peer=7feba7f4 incoming=1 accepted=1 errs=0
2026-07-23T04:41:00.790708Z  INFO pack received peer=05132deb incoming=1 accepted=1 errs=0
2026-07-23T04:41:00.800978Z  INFO pack received peer=138232e0 incoming=1 accepted=1 errs=0
2026-07-23T04:41:00.811199Z  INFO pack received peer=f56881a7 incoming=1 accepted=1 errs=0
2026-07-23T04:41:00.821196Z  INFO pack received peer=e89c4be5 incoming=1 accepted=1 errs=0
2026-07-23T04:41:00.831371Z  INFO pack received peer=b79b9184 incoming=1 accepted=1 errs=0
2026-07-23T04:41:00.841491Z  INFO pack received peer=7feba7f4 incoming=1 accepted=1 errs=0
2026-07-23T04:41:00.851456Z  INFO pack received peer=05132deb incoming=1 accepted=1 errs=0
2026-07-23T04:41:00.861373Z  INFO pack received peer=138232e0 incoming=1 accepted=1 errs=0
2026-07-23T04:41:00.871622Z  INFO pack received peer=f56881a7 incoming=1 accepted=1 errs=0
2026-07-23T04:41:00.881715Z  INFO pack received peer=e89c4be5 incoming=1 accepted=1 errs=0
2026-07-23T04:41:00.891624Z  INFO pack received peer=b79b9184 incoming=1 accepted=1 errs=0
2026-07-23T04:41:00.901622Z  INFO pack received peer=7feba7f4 incoming=1 accepted=1 errs=0
2026-07-23T04:41:00.912381Z  INFO pack received peer=138232e0 incoming=1 accepted=1 errs=0
2026-07-23T04:41:00.922434Z  INFO pack received peer=05132deb incoming=1 accepted=1 errs=0
2026-07-23T04:41:00.951624Z  INFO pack received peer=f56881a7 incoming=2 accepted=2 errs=0
2026-07-23T04:41:00.964441Z  INFO pack received peer=b79b9184 incoming=2 accepted=2 errs=0
2026-07-23T04:41:00.977037Z  INFO pack received peer=e89c4be5 incoming=2 accepted=2 errs=0
2026-07-23T04:41:00.990030Z  INFO pack received peer=7feba7f4 incoming=2 accepted=2 errs=0
2026-07-23T04:41:01.003429Z  INFO pack received peer=05132deb incoming=2 accepted=2 errs=0
2026-07-23T04:41:01.016753Z  INFO pack received peer=138232e0 incoming=2 accepted=2 errs=0
2026-07-23T04:41:01.029892Z  INFO pack received peer=f56881a7 incoming=2 accepted=2 errs=0
2026-07-23T04:41:01.042775Z  INFO pack received peer=b79b9184 incoming=2 accepted=2 errs=0
2026-07-23T04:41:01.055708Z  INFO pack received peer=e89c4be5 incoming=2 accepted=2 errs=0
2026-07-23T04:41:01.068852Z  INFO pack received peer=7feba7f4 incoming=2 accepted=2 errs=0
2026-07-23T04:41:01.082520Z  INFO pack received peer=05132deb incoming=2 accepted=2 errs=0
2026-07-23T04:41:01.095620Z  INFO pack received peer=138232e0 incoming=2 accepted=2 errs=0
2026-07-23T04:41:01.108864Z  INFO pack received peer=f56881a7 incoming=2 accepted=2 errs=0
2026-07-23T04:41:01.122160Z  INFO pack received peer=b79b9184 incoming=2 accepted=2 errs=0
2026-07-23T04:41:01.135124Z  INFO pack received peer=e89c4be5 incoming=2 accepted=2 errs=0
2026-07-23T04:41:01.148625Z  INFO pack received peer=7feba7f4 incoming=2 accepted=2 errs=0
2026-07-23T04:41:01.161807Z  INFO pack received peer=05132deb incoming=2 accepted=2 errs=0
2026-07-23T04:41:01.174932Z  INFO pack received peer=f56881a7 incoming=2 accepted=2 errs=0
2026-07-23T04:41:01.187991Z  INFO pack received peer=138232e0 incoming=2 accepted=2 errs=0
2026-07-23T04:41:01.200995Z  INFO pack received peer=b79b9184 incoming=2 accepted=2 errs=0
2026-07-23T04:41:01.214134Z  INFO pack received peer=e89c4be5 incoming=2 accepted=2 errs=0
2026-07-23T04:41:01.227812Z  INFO pack received peer=7feba7f4 incoming=2 accepted=2 errs=0
2026-07-23T04:41:01.241676Z  INFO pack received peer=f56881a7 incoming=2 accepted=2 errs=0
2026-07-23T04:41:01.254466Z  INFO pack received peer=05132deb incoming=2 accepted=2 errs=0
2026-07-23T04:41:01.267192Z  INFO pack received peer=138232e0 incoming=2 accepted=2 errs=0
2026-07-23T04:41:01.280407Z  INFO pack received peer=b79b9184 incoming=2 accepted=2 errs=0
2026-07-23T04:41:01.293456Z  INFO pack received peer=e89c4be5 incoming=2 accepted=2 errs=0
2026-07-23T04:41:01.306108Z  INFO pack received peer=7feba7f4 incoming=2 accepted=2 errs=0
2026-07-23T04:41:01.319092Z  INFO pack received peer=05132deb incoming=2 accepted=2 errs=0
2026-07-23T04:41:01.331624Z  INFO pack received peer=138232e0 incoming=2 accepted=2 errs=0
2026-07-23T04:41:01.376391Z  INFO pack received peer=f56881a7 incoming=1 accepted=1 errs=0
2026-07-23T04:41:01.388434Z  INFO pack received peer=e89c4be5 incoming=1 accepted=1 errs=0
2026-07-23T04:41:01.399550Z  INFO pack received peer=b79b9184 incoming=1 accepted=1 errs=0
2026-07-23T04:41:01.409981Z  INFO pack received peer=7feba7f4 incoming=1 accepted=1 errs=0
2026-07-23T04:41:01.420350Z  INFO pack received peer=05132deb incoming=1 accepted=1 errs=0
2026-07-23T04:41:01.431016Z  INFO pack received peer=138232e0 incoming=1 accepted=1 errs=0
2026-07-23T04:41:01.441399Z  INFO pack received peer=f56881a7 incoming=1 accepted=1 errs=0
2026-07-23T04:41:01.451966Z  INFO pack received peer=e89c4be5 incoming=1 accepted=1 errs=0
2026-07-23T04:41:01.462223Z  INFO pack received peer=b79b9184 incoming=1 accepted=1 errs=0
2026-07-23T04:41:01.472785Z  INFO pack received peer=7feba7f4 incoming=1 accepted=1 errs=0
2026-07-23T04:41:01.483449Z  INFO pack received peer=05132deb incoming=1 accepted=1 errs=0
2026-07-23T04:41:01.494455Z  INFO pack received peer=138232e0 incoming=1 accepted=1 errs=0
2026-07-23T04:41:01.504972Z  INFO pack received peer=f56881a7 incoming=1 accepted=1 errs=0
2026-07-23T04:41:01.515414Z  INFO pack received peer=e89c4be5 incoming=1 accepted=1 errs=0
2026-07-23T04:41:01.525459Z  INFO pack received peer=b79b9184 incoming=1 accepted=1 errs=0
2026-07-23T04:41:01.535737Z  INFO pack received peer=7feba7f4 incoming=1 accepted=1 errs=0
2026-07-23T04:41:01.545701Z  INFO pack received peer=05132deb incoming=1 accepted=1 errs=0
2026-07-23T04:41:01.556608Z  INFO pack received peer=138232e0 incoming=1 accepted=1 errs=0
2026-07-23T04:41:01.567131Z  INFO pack received peer=f56881a7 incoming=1 accepted=1 errs=0
2026-07-23T04:41:01.577444Z  INFO pack received peer=e89c4be5 incoming=1 accepted=1 errs=0
2026-07-23T04:41:01.587811Z  INFO pack received peer=b79b9184 incoming=1 accepted=1 errs=0
2026-07-23T04:41:01.598269Z  INFO pack received peer=7feba7f4 incoming=1 accepted=1 errs=0
2026-07-23T04:41:01.608762Z  INFO pack received peer=05132deb incoming=1 accepted=1 errs=0
2026-07-23T04:41:01.618836Z  INFO pack received peer=138232e0 incoming=1 accepted=1 errs=0
2026-07-23T04:41:01.628907Z  INFO pack received peer=f56881a7 incoming=1 accepted=1 errs=0
2026-07-23T04:41:01.639054Z  INFO pack received peer=e89c4be5 incoming=1 accepted=1 errs=0
2026-07-23T04:41:01.648991Z  INFO pack received peer=b79b9184 incoming=1 accepted=1 errs=0
2026-07-23T04:41:01.659288Z  INFO pack received peer=7feba7f4 incoming=1 accepted=1 errs=0
2026-07-23T04:41:01.669446Z  INFO pack received peer=05132deb incoming=1 accepted=1 errs=0
2026-07-23T04:41:01.680131Z  INFO pack received peer=138232e0 incoming=1 accepted=1 errs=0
2026-07-23T04:41:01.739366Z  INFO peer connected room=bench-rust-integrated-hosted-server-6p-1784781661735-10-b6e193 peer=374ca3e2
2026-07-23T04:41:01.740219Z  INFO peer connected room=bench-rust-integrated-hosted-server-6p-1784781661735-10-b6e193 peer=02073a93
2026-07-23T04:41:01.740253Z  INFO peer connected room=bench-rust-integrated-hosted-server-6p-1784781661735-10-b6e193 peer=18ae0d06
2026-07-23T04:41:01.740322Z  INFO peer connected room=bench-rust-integrated-hosted-server-6p-1784781661735-10-b6e193 peer=e4aa1ced
2026-07-23T04:41:01.740320Z  INFO peer connected room=bench-rust-integrated-hosted-server-6p-1784781661735-10-b6e193 peer=2ffdc49d
2026-07-23T04:41:01.740470Z  INFO peer connected room=bench-rust-integrated-hosted-server-6p-1784781661735-10-b6e193 peer=38f9e61d
2026-07-23T04:41:01.968321Z  INFO pack received peer=374ca3e2 incoming=4 accepted=4 errs=0
2026-07-23T04:41:01.968980Z  INFO pack received peer=374ca3e2 incoming=0 accepted=0 errs=0
2026-07-23T04:41:01.969182Z  INFO pack received peer=374ca3e2 incoming=0 accepted=0 errs=0
2026-07-23T04:41:01.969335Z  INFO pack received peer=374ca3e2 incoming=0 accepted=0 errs=0
2026-07-23T04:41:02.006064Z  INFO pack received peer=374ca3e2 incoming=1 accepted=1 errs=0
2026-07-23T04:41:02.017123Z  INFO pack received peer=e4aa1ced incoming=1 accepted=1 errs=0
2026-07-23T04:41:02.027361Z  INFO pack received peer=18ae0d06 incoming=1 accepted=1 errs=0
2026-07-23T04:41:02.037715Z  INFO pack received peer=02073a93 incoming=1 accepted=1 errs=0
2026-07-23T04:41:02.048611Z  INFO pack received peer=2ffdc49d incoming=1 accepted=1 errs=0
2026-07-23T04:41:02.058820Z  INFO pack received peer=38f9e61d incoming=1 accepted=1 errs=0
2026-07-23T04:41:02.069030Z  INFO pack received peer=374ca3e2 incoming=1 accepted=1 errs=0
2026-07-23T04:41:02.079624Z  INFO pack received peer=e4aa1ced incoming=1 accepted=1 errs=0
2026-07-23T04:41:02.090128Z  INFO pack received peer=18ae0d06 incoming=1 accepted=1 errs=0
2026-07-23T04:41:02.100280Z  INFO pack received peer=02073a93 incoming=1 accepted=1 errs=0
2026-07-23T04:41:02.110539Z  INFO pack received peer=2ffdc49d incoming=1 accepted=1 errs=0
2026-07-23T04:41:02.120549Z  INFO pack received peer=38f9e61d incoming=1 accepted=1 errs=0
2026-07-23T04:41:02.130727Z  INFO pack received peer=374ca3e2 incoming=1 accepted=1 errs=0
2026-07-23T04:41:02.140632Z  INFO pack received peer=e4aa1ced incoming=1 accepted=1 errs=0
2026-07-23T04:41:02.150955Z  INFO pack received peer=18ae0d06 incoming=1 accepted=1 errs=0
2026-07-23T04:41:02.161365Z  INFO pack received peer=02073a93 incoming=1 accepted=1 errs=0
2026-07-23T04:41:02.171499Z  INFO pack received peer=2ffdc49d incoming=1 accepted=1 errs=0
2026-07-23T04:41:02.181883Z  INFO pack received peer=38f9e61d incoming=1 accepted=1 errs=0
2026-07-23T04:41:02.192467Z  INFO pack received peer=374ca3e2 incoming=1 accepted=1 errs=0
2026-07-23T04:41:02.203631Z  INFO pack received peer=e4aa1ced incoming=1 accepted=1 errs=0
2026-07-23T04:41:02.213842Z  INFO pack received peer=18ae0d06 incoming=1 accepted=1 errs=0
2026-07-23T04:41:02.224045Z  INFO pack received peer=02073a93 incoming=1 accepted=1 errs=0
2026-07-23T04:41:02.234204Z  INFO pack received peer=2ffdc49d incoming=1 accepted=1 errs=0
2026-07-23T04:41:02.244403Z  INFO pack received peer=38f9e61d incoming=1 accepted=1 errs=0
2026-07-23T04:41:02.254492Z  INFO pack received peer=374ca3e2 incoming=1 accepted=1 errs=0
2026-07-23T04:41:02.264680Z  INFO pack received peer=e4aa1ced incoming=1 accepted=1 errs=0
2026-07-23T04:41:02.275327Z  INFO pack received peer=18ae0d06 incoming=1 accepted=1 errs=0
2026-07-23T04:41:02.285343Z  INFO pack received peer=02073a93 incoming=1 accepted=1 errs=0
2026-07-23T04:41:02.295552Z  INFO pack received peer=2ffdc49d incoming=1 accepted=1 errs=0
2026-07-23T04:41:02.305545Z  INFO pack received peer=38f9e61d incoming=1 accepted=1 errs=0
2026-07-23T04:41:02.327137Z  INFO pack received peer=374ca3e2 incoming=2 accepted=2 errs=0
2026-07-23T04:41:02.340714Z  INFO pack received peer=e4aa1ced incoming=2 accepted=2 errs=0
2026-07-23T04:41:02.353927Z  INFO pack received peer=18ae0d06 incoming=2 accepted=2 errs=0
2026-07-23T04:41:02.367294Z  INFO pack received peer=02073a93 incoming=2 accepted=2 errs=0
2026-07-23T04:41:02.380195Z  INFO pack received peer=2ffdc49d incoming=2 accepted=2 errs=0
2026-07-23T04:41:02.393380Z  INFO pack received peer=38f9e61d incoming=2 accepted=2 errs=0
2026-07-23T04:41:02.406464Z  INFO pack received peer=374ca3e2 incoming=2 accepted=2 errs=0
2026-07-23T04:41:02.419578Z  INFO pack received peer=e4aa1ced incoming=2 accepted=2 errs=0
2026-07-23T04:41:02.432977Z  INFO pack received peer=18ae0d06 incoming=2 accepted=2 errs=0
2026-07-23T04:41:02.445799Z  INFO pack received peer=02073a93 incoming=2 accepted=2 errs=0
2026-07-23T04:41:02.458582Z  INFO pack received peer=2ffdc49d incoming=2 accepted=2 errs=0
2026-07-23T04:41:02.471719Z  INFO pack received peer=38f9e61d incoming=2 accepted=2 errs=0
2026-07-23T04:41:02.485941Z  INFO pack received peer=374ca3e2 incoming=2 accepted=2 errs=0
2026-07-23T04:41:02.500023Z  INFO pack received peer=e4aa1ced incoming=2 accepted=2 errs=0
2026-07-23T04:41:02.513559Z  INFO pack received peer=18ae0d06 incoming=2 accepted=2 errs=0
2026-07-23T04:41:02.526802Z  INFO pack received peer=02073a93 incoming=2 accepted=2 errs=0
2026-07-23T04:41:02.540404Z  INFO pack received peer=2ffdc49d incoming=2 accepted=2 errs=0
2026-07-23T04:41:02.553844Z  INFO pack received peer=38f9e61d incoming=2 accepted=2 errs=0
2026-07-23T04:41:02.567363Z  INFO pack received peer=374ca3e2 incoming=2 accepted=2 errs=0
2026-07-23T04:41:02.580855Z  INFO pack received peer=e4aa1ced incoming=2 accepted=2 errs=0
2026-07-23T04:41:02.593942Z  INFO pack received peer=18ae0d06 incoming=2 accepted=2 errs=0
2026-07-23T04:41:02.607568Z  INFO pack received peer=02073a93 incoming=2 accepted=2 errs=0
2026-07-23T04:41:02.620869Z  INFO pack received peer=2ffdc49d incoming=2 accepted=2 errs=0
2026-07-23T04:41:02.634521Z  INFO pack received peer=38f9e61d incoming=2 accepted=2 errs=0
2026-07-23T04:41:02.648314Z  INFO pack received peer=374ca3e2 incoming=2 accepted=2 errs=0
2026-07-23T04:41:02.661555Z  INFO pack received peer=e4aa1ced incoming=2 accepted=2 errs=0
2026-07-23T04:41:02.674975Z  INFO pack received peer=18ae0d06 incoming=2 accepted=2 errs=0
2026-07-23T04:41:02.687999Z  INFO pack received peer=02073a93 incoming=2 accepted=2 errs=0
2026-07-23T04:41:02.701197Z  INFO pack received peer=2ffdc49d incoming=2 accepted=2 errs=0
2026-07-23T04:41:02.714647Z  INFO pack received peer=38f9e61d incoming=2 accepted=2 errs=0
2026-07-23T04:41:02.757830Z  INFO pack received peer=374ca3e2 incoming=1 accepted=1 errs=0
2026-07-23T04:41:02.769571Z  INFO pack received peer=e4aa1ced incoming=1 accepted=1 errs=0
2026-07-23T04:41:02.779771Z  INFO pack received peer=18ae0d06 incoming=1 accepted=1 errs=0
2026-07-23T04:41:02.789892Z  INFO pack received peer=02073a93 incoming=1 accepted=1 errs=0
2026-07-23T04:41:02.800522Z  INFO pack received peer=2ffdc49d incoming=1 accepted=1 errs=0
2026-07-23T04:41:02.811103Z  INFO pack received peer=38f9e61d incoming=1 accepted=1 errs=0
2026-07-23T04:41:02.821012Z  INFO pack received peer=374ca3e2 incoming=1 accepted=1 errs=0
2026-07-23T04:41:02.831494Z  INFO pack received peer=e4aa1ced incoming=1 accepted=1 errs=0
2026-07-23T04:41:02.841719Z  INFO pack received peer=18ae0d06 incoming=1 accepted=1 errs=0
2026-07-23T04:41:02.851700Z  INFO pack received peer=02073a93 incoming=1 accepted=1 errs=0
2026-07-23T04:41:02.862058Z  INFO pack received peer=2ffdc49d incoming=1 accepted=1 errs=0
2026-07-23T04:41:02.872577Z  INFO pack received peer=374ca3e2 incoming=1 accepted=1 errs=0
2026-07-23T04:41:02.882506Z  INFO pack received peer=38f9e61d incoming=1 accepted=1 errs=0
2026-07-23T04:41:02.892845Z  INFO pack received peer=18ae0d06 incoming=1 accepted=1 errs=0
2026-07-23T04:41:02.902826Z  INFO pack received peer=e4aa1ced incoming=1 accepted=1 errs=0
2026-07-23T04:41:02.912873Z  INFO pack received peer=02073a93 incoming=1 accepted=1 errs=0
2026-07-23T04:41:02.923179Z  INFO pack received peer=2ffdc49d incoming=1 accepted=1 errs=0
2026-07-23T04:41:02.933861Z  INFO pack received peer=374ca3e2 incoming=1 accepted=1 errs=0
2026-07-23T04:41:02.944134Z  INFO pack received peer=38f9e61d incoming=1 accepted=1 errs=0
2026-07-23T04:41:02.954389Z  INFO pack received peer=18ae0d06 incoming=1 accepted=1 errs=0
2026-07-23T04:41:02.964289Z  INFO pack received peer=e4aa1ced incoming=1 accepted=1 errs=0
2026-07-23T04:41:02.974092Z  INFO pack received peer=02073a93 incoming=1 accepted=1 errs=0
2026-07-23T04:41:02.984426Z  INFO pack received peer=2ffdc49d incoming=1 accepted=1 errs=0
2026-07-23T04:41:02.994760Z  INFO pack received peer=374ca3e2 incoming=1 accepted=1 errs=0
2026-07-23T04:41:03.004766Z  INFO pack received peer=38f9e61d incoming=1 accepted=1 errs=0
2026-07-23T04:41:03.014747Z  INFO pack received peer=e4aa1ced incoming=1 accepted=1 errs=0
2026-07-23T04:41:03.024694Z  INFO pack received peer=18ae0d06 incoming=1 accepted=1 errs=0
2026-07-23T04:41:03.034782Z  INFO pack received peer=02073a93 incoming=1 accepted=1 errs=0
2026-07-23T04:41:03.045394Z  INFO pack received peer=2ffdc49d incoming=1 accepted=1 errs=0
2026-07-23T04:41:03.055941Z  INFO pack received peer=38f9e61d incoming=1 accepted=1 errs=0
2026-07-23T04:41:03.090450Z  INFO peer connected room=bench-rust-integrated-hosted-server-6p-1784781663086-11-34373d peer=490a1f9a
2026-07-23T04:41:03.091280Z  INFO peer connected room=bench-rust-integrated-hosted-server-6p-1784781663086-11-34373d peer=5066b52d
2026-07-23T04:41:03.091307Z  INFO peer connected room=bench-rust-integrated-hosted-server-6p-1784781663086-11-34373d peer=3737848d
2026-07-23T04:41:03.091316Z  INFO peer connected room=bench-rust-integrated-hosted-server-6p-1784781663086-11-34373d peer=b19cdd9c
2026-07-23T04:41:03.091325Z  INFO peer connected room=bench-rust-integrated-hosted-server-6p-1784781663086-11-34373d peer=e0ab2ab8
2026-07-23T04:41:03.091523Z  INFO peer connected room=bench-rust-integrated-hosted-server-6p-1784781663086-11-34373d peer=de51ce9b
2026-07-23T04:41:03.320770Z  INFO pack received peer=490a1f9a incoming=4 accepted=4 errs=0
2026-07-23T04:41:03.321463Z  INFO pack received peer=490a1f9a incoming=0 accepted=0 errs=0
2026-07-23T04:41:03.321642Z  INFO pack received peer=490a1f9a incoming=0 accepted=0 errs=0
2026-07-23T04:41:03.321830Z  INFO pack received peer=490a1f9a incoming=0 accepted=0 errs=0
2026-07-23T04:41:03.358461Z  INFO pack received peer=490a1f9a incoming=1 accepted=1 errs=0
2026-07-23T04:41:03.369742Z  INFO pack received peer=5066b52d incoming=1 accepted=1 errs=0
2026-07-23T04:41:03.380038Z  INFO pack received peer=3737848d incoming=1 accepted=1 errs=0
2026-07-23T04:41:03.390662Z  INFO pack received peer=e0ab2ab8 incoming=1 accepted=1 errs=0
2026-07-23T04:41:03.401416Z  INFO pack received peer=b19cdd9c incoming=1 accepted=1 errs=0
2026-07-23T04:41:03.411404Z  INFO pack received peer=de51ce9b incoming=1 accepted=1 errs=0
2026-07-23T04:41:03.421821Z  INFO pack received peer=490a1f9a incoming=1 accepted=1 errs=0
2026-07-23T04:41:03.432084Z  INFO pack received peer=5066b52d incoming=1 accepted=1 errs=0
2026-07-23T04:41:03.442121Z  INFO pack received peer=3737848d incoming=1 accepted=1 errs=0
2026-07-23T04:41:03.452011Z  INFO pack received peer=e0ab2ab8 incoming=1 accepted=1 errs=0
2026-07-23T04:41:03.462152Z  INFO pack received peer=b19cdd9c incoming=1 accepted=1 errs=0
2026-07-23T04:41:03.472243Z  INFO pack received peer=de51ce9b incoming=1 accepted=1 errs=0
2026-07-23T04:41:03.482274Z  INFO pack received peer=490a1f9a incoming=1 accepted=1 errs=0
2026-07-23T04:41:03.492083Z  INFO pack received peer=5066b52d incoming=1 accepted=1 errs=0
2026-07-23T04:41:03.502109Z  INFO pack received peer=3737848d incoming=1 accepted=1 errs=0
2026-07-23T04:41:03.511999Z  INFO pack received peer=e0ab2ab8 incoming=1 accepted=1 errs=0
2026-07-23T04:41:03.522702Z  INFO pack received peer=b19cdd9c incoming=1 accepted=1 errs=0
2026-07-23T04:41:03.532762Z  INFO pack received peer=de51ce9b incoming=1 accepted=1 errs=0
2026-07-23T04:41:03.543114Z  INFO pack received peer=490a1f9a incoming=1 accepted=1 errs=0
2026-07-23T04:41:03.553128Z  INFO pack received peer=5066b52d incoming=1 accepted=1 errs=0
2026-07-23T04:41:03.563174Z  INFO pack received peer=e0ab2ab8 incoming=1 accepted=1 errs=0
2026-07-23T04:41:03.573374Z  INFO pack received peer=3737848d incoming=1 accepted=1 errs=0
2026-07-23T04:41:03.583478Z  INFO pack received peer=b19cdd9c incoming=1 accepted=1 errs=0
2026-07-23T04:41:03.593773Z  INFO pack received peer=de51ce9b incoming=1 accepted=1 errs=0
2026-07-23T04:41:03.603886Z  INFO pack received peer=490a1f9a incoming=1 accepted=1 errs=0
2026-07-23T04:41:03.614220Z  INFO pack received peer=5066b52d incoming=1 accepted=1 errs=0
2026-07-23T04:41:03.624776Z  INFO pack received peer=3737848d incoming=1 accepted=1 errs=0
2026-07-23T04:41:03.634801Z  INFO pack received peer=e0ab2ab8 incoming=1 accepted=1 errs=0
2026-07-23T04:41:03.645466Z  INFO pack received peer=b19cdd9c incoming=1 accepted=1 errs=0
2026-07-23T04:41:03.655644Z  INFO pack received peer=de51ce9b incoming=1 accepted=1 errs=0
2026-07-23T04:41:03.677507Z  INFO pack received peer=490a1f9a incoming=2 accepted=2 errs=0
2026-07-23T04:41:03.690682Z  INFO pack received peer=5066b52d incoming=2 accepted=2 errs=0
2026-07-23T04:41:03.703825Z  INFO pack received peer=3737848d incoming=2 accepted=2 errs=0
2026-07-23T04:41:03.717282Z  INFO pack received peer=e0ab2ab8 incoming=2 accepted=2 errs=0
2026-07-23T04:41:03.730992Z  INFO pack received peer=b19cdd9c incoming=2 accepted=2 errs=0
2026-07-23T04:41:03.745259Z  INFO pack received peer=de51ce9b incoming=2 accepted=2 errs=0
2026-07-23T04:41:03.758720Z  INFO pack received peer=490a1f9a incoming=2 accepted=2 errs=0
2026-07-23T04:41:03.771873Z  INFO pack received peer=5066b52d incoming=2 accepted=2 errs=0
2026-07-23T04:41:03.784961Z  INFO pack received peer=3737848d incoming=2 accepted=2 errs=0
2026-07-23T04:41:03.798498Z  INFO pack received peer=e0ab2ab8 incoming=2 accepted=2 errs=0
2026-07-23T04:41:03.812153Z  INFO pack received peer=b19cdd9c incoming=2 accepted=2 errs=0
2026-07-23T04:41:03.825862Z  INFO pack received peer=de51ce9b incoming=2 accepted=2 errs=0
2026-07-23T04:41:03.839781Z  INFO pack received peer=490a1f9a incoming=2 accepted=2 errs=0
2026-07-23T04:41:03.853567Z  INFO pack received peer=5066b52d incoming=2 accepted=2 errs=0
2026-07-23T04:41:03.867017Z  INFO pack received peer=3737848d incoming=2 accepted=2 errs=0
2026-07-23T04:41:03.880455Z  INFO pack received peer=e0ab2ab8 incoming=2 accepted=2 errs=0
2026-07-23T04:41:03.893651Z  INFO pack received peer=de51ce9b incoming=2 accepted=2 errs=0
2026-07-23T04:41:03.906623Z  INFO pack received peer=b19cdd9c incoming=2 accepted=2 errs=0
2026-07-23T04:41:03.919606Z  INFO pack received peer=490a1f9a incoming=2 accepted=2 errs=0
2026-07-23T04:41:03.932315Z  INFO pack received peer=5066b52d incoming=2 accepted=2 errs=0
2026-07-23T04:41:03.945536Z  INFO pack received peer=3737848d incoming=2 accepted=2 errs=0
2026-07-23T04:41:03.958685Z  INFO pack received peer=e0ab2ab8 incoming=2 accepted=2 errs=0
2026-07-23T04:41:03.971892Z  INFO pack received peer=b19cdd9c incoming=2 accepted=2 errs=0
2026-07-23T04:41:03.984592Z  INFO pack received peer=490a1f9a incoming=2 accepted=2 errs=0
2026-07-23T04:41:03.997670Z  INFO pack received peer=de51ce9b incoming=2 accepted=2 errs=0
2026-07-23T04:41:04.010784Z  INFO pack received peer=5066b52d incoming=2 accepted=2 errs=0
2026-07-23T04:41:04.023907Z  INFO pack received peer=3737848d incoming=2 accepted=2 errs=0
2026-07-23T04:41:04.037011Z  INFO pack received peer=b19cdd9c incoming=2 accepted=2 errs=0
2026-07-23T04:41:04.050215Z  INFO pack received peer=e0ab2ab8 incoming=2 accepted=2 errs=0
2026-07-23T04:41:04.063214Z  INFO pack received peer=de51ce9b incoming=2 accepted=2 errs=0
2026-07-23T04:41:04.107831Z  INFO pack received peer=490a1f9a incoming=1 accepted=1 errs=0
2026-07-23T04:41:04.119953Z  INFO pack received peer=5066b52d incoming=1 accepted=1 errs=0
2026-07-23T04:41:04.129895Z  INFO pack received peer=3737848d incoming=1 accepted=1 errs=0
2026-07-23T04:41:04.139903Z  INFO pack received peer=e0ab2ab8 incoming=1 accepted=1 errs=0
2026-07-23T04:41:04.150326Z  INFO pack received peer=b19cdd9c incoming=1 accepted=1 errs=0
2026-07-23T04:41:04.160788Z  INFO pack received peer=de51ce9b incoming=1 accepted=1 errs=0
2026-07-23T04:41:04.170806Z  INFO pack received peer=490a1f9a incoming=1 accepted=1 errs=0
2026-07-23T04:41:04.180785Z  INFO pack received peer=5066b52d incoming=1 accepted=1 errs=0
2026-07-23T04:41:04.190821Z  INFO pack received peer=3737848d incoming=1 accepted=1 errs=0
2026-07-23T04:41:04.200750Z  INFO pack received peer=e0ab2ab8 incoming=1 accepted=1 errs=0
2026-07-23T04:41:04.210779Z  INFO pack received peer=b19cdd9c incoming=1 accepted=1 errs=0
2026-07-23T04:41:04.221029Z  INFO pack received peer=de51ce9b incoming=1 accepted=1 errs=0
2026-07-23T04:41:04.230831Z  INFO pack received peer=490a1f9a incoming=1 accepted=1 errs=0
2026-07-23T04:41:04.241271Z  INFO pack received peer=3737848d incoming=1 accepted=1 errs=0
2026-07-23T04:41:04.251342Z  INFO pack received peer=5066b52d incoming=1 accepted=1 errs=0
2026-07-23T04:41:04.261472Z  INFO pack received peer=e0ab2ab8 incoming=1 accepted=1 errs=0
2026-07-23T04:41:04.271839Z  INFO pack received peer=b19cdd9c incoming=1 accepted=1 errs=0
2026-07-23T04:41:04.282190Z  INFO pack received peer=de51ce9b incoming=1 accepted=1 errs=0
2026-07-23T04:41:04.292709Z  INFO pack received peer=490a1f9a incoming=1 accepted=1 errs=0
2026-07-23T04:41:04.302763Z  INFO pack received peer=e0ab2ab8 incoming=1 accepted=1 errs=0
2026-07-23T04:41:04.312739Z  INFO pack received peer=3737848d incoming=1 accepted=1 errs=0
2026-07-23T04:41:04.322658Z  INFO pack received peer=5066b52d incoming=1 accepted=1 errs=0
2026-07-23T04:41:04.332961Z  INFO pack received peer=b19cdd9c incoming=1 accepted=1 errs=0
2026-07-23T04:41:04.343604Z  INFO pack received peer=de51ce9b incoming=1 accepted=1 errs=0
2026-07-23T04:41:04.353918Z  INFO pack received peer=490a1f9a incoming=1 accepted=1 errs=0
2026-07-23T04:41:04.364626Z  INFO pack received peer=5066b52d incoming=1 accepted=1 errs=0
2026-07-23T04:41:04.374609Z  INFO pack received peer=e0ab2ab8 incoming=1 accepted=1 errs=0
2026-07-23T04:41:04.384785Z  INFO pack received peer=3737848d incoming=1 accepted=1 errs=0
2026-07-23T04:41:04.395826Z  INFO pack received peer=b19cdd9c incoming=1 accepted=1 errs=0
2026-07-23T04:41:04.406752Z  INFO pack received peer=de51ce9b incoming=1 accepted=1 errs=0
2026-07-23T04:41:04.427195Z  INFO peer connected room=bench-rust-integrated-hosted-server-6p-1784781664422-12-56d285 peer=ed0e45c4
2026-07-23T04:41:04.428019Z  INFO peer connected room=bench-rust-integrated-hosted-server-6p-1784781664422-12-56d285 peer=7173aef9
2026-07-23T04:41:04.428045Z  INFO peer connected room=bench-rust-integrated-hosted-server-6p-1784781664422-12-56d285 peer=52d1b447
2026-07-23T04:41:04.428058Z  INFO peer connected room=bench-rust-integrated-hosted-server-6p-1784781664422-12-56d285 peer=b4a43d91
2026-07-23T04:41:04.428101Z  INFO peer connected room=bench-rust-integrated-hosted-server-6p-1784781664422-12-56d285 peer=4bddbd8f
2026-07-23T04:41:04.428764Z  INFO peer connected room=bench-rust-integrated-hosted-server-6p-1784781664422-12-56d285 peer=2c784c3e
2026-07-23T04:41:04.657414Z  INFO pack received peer=ed0e45c4 incoming=4 accepted=4 errs=0
2026-07-23T04:41:04.658158Z  INFO pack received peer=ed0e45c4 incoming=0 accepted=0 errs=0
2026-07-23T04:41:04.658416Z  INFO pack received peer=ed0e45c4 incoming=0 accepted=0 errs=0
2026-07-23T04:41:04.658633Z  INFO pack received peer=ed0e45c4 incoming=0 accepted=0 errs=0
2026-07-23T04:41:04.693812Z  INFO pack received peer=ed0e45c4 incoming=1 accepted=1 errs=0
2026-07-23T04:41:04.705635Z  INFO pack received peer=b4a43d91 incoming=1 accepted=1 errs=0
2026-07-23T04:41:04.715832Z  INFO pack received peer=52d1b447 incoming=1 accepted=1 errs=0
2026-07-23T04:41:04.726278Z  INFO pack received peer=7173aef9 incoming=1 accepted=1 errs=0
2026-07-23T04:41:04.736521Z  INFO pack received peer=2c784c3e incoming=1 accepted=1 errs=0
2026-07-23T04:41:04.746980Z  INFO pack received peer=4bddbd8f incoming=1 accepted=1 errs=0
2026-07-23T04:41:04.757383Z  INFO pack received peer=ed0e45c4 incoming=1 accepted=1 errs=0
2026-07-23T04:41:04.767467Z  INFO pack received peer=b4a43d91 incoming=1 accepted=1 errs=0
2026-07-23T04:41:04.777508Z  INFO pack received peer=52d1b447 incoming=1 accepted=1 errs=0
2026-07-23T04:41:04.787616Z  INFO pack received peer=7173aef9 incoming=1 accepted=1 errs=0
2026-07-23T04:41:04.798843Z  INFO pack received peer=2c784c3e incoming=1 accepted=1 errs=0
2026-07-23T04:41:04.809575Z  INFO pack received peer=4bddbd8f incoming=1 accepted=1 errs=0
2026-07-23T04:41:04.820031Z  INFO pack received peer=ed0e45c4 incoming=1 accepted=1 errs=0
2026-07-23T04:41:04.830558Z  INFO pack received peer=b4a43d91 incoming=1 accepted=1 errs=0
2026-07-23T04:41:04.840810Z  INFO pack received peer=52d1b447 incoming=1 accepted=1 errs=0
2026-07-23T04:41:04.851484Z  INFO pack received peer=7173aef9 incoming=1 accepted=1 errs=0
2026-07-23T04:41:04.861585Z  INFO pack received peer=2c784c3e incoming=1 accepted=1 errs=0
2026-07-23T04:41:04.872007Z  INFO pack received peer=4bddbd8f incoming=1 accepted=1 errs=0
2026-07-23T04:41:04.882625Z  INFO pack received peer=ed0e45c4 incoming=1 accepted=1 errs=0
2026-07-23T04:41:04.893431Z  INFO pack received peer=b4a43d91 incoming=1 accepted=1 errs=0
2026-07-23T04:41:04.903510Z  INFO pack received peer=52d1b447 incoming=1 accepted=1 errs=0
2026-07-23T04:41:04.913612Z  INFO pack received peer=7173aef9 incoming=1 accepted=1 errs=0
2026-07-23T04:41:04.923827Z  INFO pack received peer=2c784c3e incoming=1 accepted=1 errs=0
2026-07-23T04:41:04.933999Z  INFO pack received peer=4bddbd8f incoming=1 accepted=1 errs=0
2026-07-23T04:41:04.944779Z  INFO pack received peer=ed0e45c4 incoming=1 accepted=1 errs=0
2026-07-23T04:41:04.955623Z  INFO pack received peer=b4a43d91 incoming=1 accepted=1 errs=0
2026-07-23T04:41:04.966275Z  INFO pack received peer=52d1b447 incoming=1 accepted=1 errs=0
2026-07-23T04:41:04.976474Z  INFO pack received peer=7173aef9 incoming=1 accepted=1 errs=0
2026-07-23T04:41:04.986795Z  INFO pack received peer=2c784c3e incoming=1 accepted=1 errs=0
2026-07-23T04:41:04.997059Z  INFO pack received peer=4bddbd8f incoming=1 accepted=1 errs=0
2026-07-23T04:41:05.034743Z  INFO pack received peer=ed0e45c4 incoming=2 accepted=2 errs=0
2026-07-23T04:41:05.049196Z  INFO pack received peer=b4a43d91 incoming=2 accepted=2 errs=0
2026-07-23T04:41:05.062738Z  INFO pack received peer=52d1b447 incoming=2 accepted=2 errs=0
2026-07-23T04:41:05.077150Z  INFO pack received peer=7173aef9 incoming=2 accepted=2 errs=0
2026-07-23T04:41:05.091982Z  INFO pack received peer=2c784c3e incoming=2 accepted=2 errs=0
2026-07-23T04:41:05.106554Z  INFO pack received peer=4bddbd8f incoming=2 accepted=2 errs=0
2026-07-23T04:41:05.119288Z  INFO pack received peer=ed0e45c4 incoming=2 accepted=2 errs=0
2026-07-23T04:41:05.132172Z  INFO pack received peer=b4a43d91 incoming=2 accepted=2 errs=0
2026-07-23T04:41:05.145450Z  INFO pack received peer=52d1b447 incoming=2 accepted=2 errs=0
2026-07-23T04:41:05.158521Z  INFO pack received peer=7173aef9 incoming=2 accepted=2 errs=0
2026-07-23T04:41:05.171584Z  INFO pack received peer=2c784c3e incoming=2 accepted=2 errs=0
2026-07-23T04:41:05.184242Z  INFO pack received peer=4bddbd8f incoming=2 accepted=2 errs=0
2026-07-23T04:41:05.197750Z  INFO pack received peer=ed0e45c4 incoming=2 accepted=2 errs=0
2026-07-23T04:41:05.210993Z  INFO pack received peer=b4a43d91 incoming=2 accepted=2 errs=0
2026-07-23T04:41:05.223825Z  INFO pack received peer=52d1b447 incoming=2 accepted=2 errs=0
2026-07-23T04:41:05.236733Z  INFO pack received peer=7173aef9 incoming=2 accepted=2 errs=0
2026-07-23T04:41:05.249666Z  INFO pack received peer=2c784c3e incoming=2 accepted=2 errs=0
2026-07-23T04:41:05.262583Z  INFO pack received peer=4bddbd8f incoming=2 accepted=2 errs=0
2026-07-23T04:41:05.276313Z  INFO pack received peer=ed0e45c4 incoming=2 accepted=2 errs=0
2026-07-23T04:41:05.289231Z  INFO pack received peer=b4a43d91 incoming=2 accepted=2 errs=0
2026-07-23T04:41:05.302492Z  INFO pack received peer=52d1b447 incoming=2 accepted=2 errs=0
2026-07-23T04:41:05.316072Z  INFO pack received peer=7173aef9 incoming=2 accepted=2 errs=0
2026-07-23T04:41:05.329651Z  INFO pack received peer=2c784c3e incoming=2 accepted=2 errs=0
2026-07-23T04:41:05.342589Z  INFO pack received peer=4bddbd8f incoming=2 accepted=2 errs=0
2026-07-23T04:41:05.355702Z  INFO pack received peer=ed0e45c4 incoming=2 accepted=2 errs=0
2026-07-23T04:41:05.369388Z  INFO pack received peer=b4a43d91 incoming=2 accepted=2 errs=0
2026-07-23T04:41:05.383465Z  INFO pack received peer=52d1b447 incoming=2 accepted=2 errs=0
2026-07-23T04:41:05.397479Z  INFO pack received peer=7173aef9 incoming=2 accepted=2 errs=0
2026-07-23T04:41:05.411310Z  INFO pack received peer=2c784c3e incoming=2 accepted=2 errs=0
2026-07-23T04:41:05.425010Z  INFO pack received peer=4bddbd8f incoming=2 accepted=2 errs=0
2026-07-23T04:41:05.490672Z  INFO pack received peer=ed0e45c4 incoming=1 accepted=1 errs=0
2026-07-23T04:41:05.501978Z  INFO pack received peer=b4a43d91 incoming=1 accepted=1 errs=0
2026-07-23T04:41:05.512433Z  INFO pack received peer=52d1b447 incoming=1 accepted=1 errs=0
2026-07-23T04:41:05.523031Z  INFO pack received peer=7173aef9 incoming=1 accepted=1 errs=0
2026-07-23T04:41:05.533321Z  INFO pack received peer=2c784c3e incoming=1 accepted=1 errs=0
2026-07-23T04:41:05.543760Z  INFO pack received peer=4bddbd8f incoming=1 accepted=1 errs=0
2026-07-23T04:41:05.553743Z  INFO pack received peer=ed0e45c4 incoming=1 accepted=1 errs=0
2026-07-23T04:41:05.563912Z  INFO pack received peer=b4a43d91 incoming=1 accepted=1 errs=0
2026-07-23T04:41:05.574073Z  INFO pack received peer=52d1b447 incoming=1 accepted=1 errs=0
2026-07-23T04:41:05.583942Z  INFO pack received peer=7173aef9 incoming=1 accepted=1 errs=0
2026-07-23T04:41:05.594234Z  INFO pack received peer=2c784c3e incoming=1 accepted=1 errs=0
2026-07-23T04:41:05.604949Z  INFO pack received peer=ed0e45c4 incoming=1 accepted=1 errs=0
2026-07-23T04:41:05.615196Z  INFO pack received peer=4bddbd8f incoming=1 accepted=1 errs=0
2026-07-23T04:41:05.625801Z  INFO pack received peer=b4a43d91 incoming=1 accepted=1 errs=0
2026-07-23T04:41:05.635903Z  INFO pack received peer=52d1b447 incoming=1 accepted=1 errs=0
2026-07-23T04:41:05.645958Z  INFO pack received peer=7173aef9 incoming=1 accepted=1 errs=0
2026-07-23T04:41:05.656460Z  INFO pack received peer=2c784c3e incoming=1 accepted=1 errs=0
2026-07-23T04:41:05.666994Z  INFO pack received peer=4bddbd8f incoming=1 accepted=1 errs=0
2026-07-23T04:41:05.677779Z  INFO pack received peer=ed0e45c4 incoming=1 accepted=1 errs=0
2026-07-23T04:41:05.688126Z  INFO pack received peer=b4a43d91 incoming=1 accepted=1 errs=0
2026-07-23T04:41:05.698369Z  INFO pack received peer=52d1b447 incoming=1 accepted=1 errs=0
2026-07-23T04:41:05.708702Z  INFO pack received peer=7173aef9 incoming=1 accepted=1 errs=0
2026-07-23T04:41:05.719020Z  INFO pack received peer=2c784c3e incoming=1 accepted=1 errs=0
2026-07-23T04:41:05.729606Z  INFO pack received peer=ed0e45c4 incoming=1 accepted=1 errs=0
2026-07-23T04:41:05.739901Z  INFO pack received peer=4bddbd8f incoming=1 accepted=1 errs=0
2026-07-23T04:41:05.750238Z  INFO pack received peer=7173aef9 incoming=1 accepted=1 errs=0
2026-07-23T04:41:05.760910Z  INFO pack received peer=b4a43d91 incoming=1 accepted=1 errs=0
2026-07-23T04:41:05.771002Z  INFO pack received peer=52d1b447 incoming=1 accepted=1 errs=0
2026-07-23T04:41:05.781367Z  INFO pack received peer=2c784c3e incoming=1 accepted=1 errs=0
2026-07-23T04:41:05.791956Z  INFO pack received peer=4bddbd8f incoming=1 accepted=1 errs=0
2026-07-23T04:41:05.851188Z  INFO peer connected room=bench-rust-integrated-hosted-server-6p-1784781665847-13-cf723f peer=a9ff608f
2026-07-23T04:41:05.852032Z  INFO peer connected room=bench-rust-integrated-hosted-server-6p-1784781665847-13-cf723f peer=26e6ae4e
2026-07-23T04:41:05.852060Z  INFO peer connected room=bench-rust-integrated-hosted-server-6p-1784781665847-13-cf723f peer=b5f3e490
2026-07-23T04:41:05.852073Z  INFO peer connected room=bench-rust-integrated-hosted-server-6p-1784781665847-13-cf723f peer=84ed177f
2026-07-23T04:41:05.852091Z  INFO peer connected room=bench-rust-integrated-hosted-server-6p-1784781665847-13-cf723f peer=a8637f8f
2026-07-23T04:41:05.852182Z  INFO peer connected room=bench-rust-integrated-hosted-server-6p-1784781665847-13-cf723f peer=220a11f5
2026-07-23T04:41:06.082733Z  INFO pack received peer=a9ff608f incoming=4 accepted=4 errs=0
2026-07-23T04:41:06.083457Z  INFO pack received peer=a9ff608f incoming=0 accepted=0 errs=0
2026-07-23T04:41:06.083624Z  INFO pack received peer=a9ff608f incoming=0 accepted=0 errs=0
2026-07-23T04:41:06.083782Z  INFO pack received peer=a9ff608f incoming=0 accepted=0 errs=0
2026-07-23T04:41:06.120361Z  INFO pack received peer=a9ff608f incoming=1 accepted=1 errs=0
2026-07-23T04:41:06.131807Z  INFO pack received peer=b5f3e490 incoming=1 accepted=1 errs=0
2026-07-23T04:41:06.141764Z  INFO pack received peer=a8637f8f incoming=1 accepted=1 errs=0
2026-07-23T04:41:06.151879Z  INFO pack received peer=26e6ae4e incoming=1 accepted=1 errs=0
2026-07-23T04:41:06.162726Z  INFO pack received peer=84ed177f incoming=1 accepted=1 errs=0
2026-07-23T04:41:06.173226Z  INFO pack received peer=220a11f5 incoming=1 accepted=1 errs=0
2026-07-23T04:41:06.183202Z  INFO pack received peer=a9ff608f incoming=1 accepted=1 errs=0
2026-07-23T04:41:06.193740Z  INFO pack received peer=b5f3e490 incoming=1 accepted=1 errs=0
2026-07-23T04:41:06.203655Z  INFO pack received peer=a8637f8f incoming=1 accepted=1 errs=0
2026-07-23T04:41:06.213926Z  INFO pack received peer=26e6ae4e incoming=1 accepted=1 errs=0
2026-07-23T04:41:06.223934Z  INFO pack received peer=84ed177f incoming=1 accepted=1 errs=0
2026-07-23T04:41:06.233942Z  INFO pack received peer=220a11f5 incoming=1 accepted=1 errs=0
2026-07-23T04:41:06.243859Z  INFO pack received peer=a9ff608f incoming=1 accepted=1 errs=0
2026-07-23T04:41:06.254469Z  INFO pack received peer=b5f3e490 incoming=1 accepted=1 errs=0
2026-07-23T04:41:06.264437Z  INFO pack received peer=a8637f8f incoming=1 accepted=1 errs=0
2026-07-23T04:41:06.274391Z  INFO pack received peer=26e6ae4e incoming=1 accepted=1 errs=0
2026-07-23T04:41:06.284510Z  INFO pack received peer=84ed177f incoming=1 accepted=1 errs=0
2026-07-23T04:41:06.294657Z  INFO pack received peer=220a11f5 incoming=1 accepted=1 errs=0
2026-07-23T04:41:06.304852Z  INFO pack received peer=a9ff608f incoming=1 accepted=1 errs=0
2026-07-23T04:41:06.315251Z  INFO pack received peer=b5f3e490 incoming=1 accepted=1 errs=0
2026-07-23T04:41:06.325387Z  INFO pack received peer=a8637f8f incoming=1 accepted=1 errs=0
2026-07-23T04:41:06.335830Z  INFO pack received peer=26e6ae4e incoming=1 accepted=1 errs=0
2026-07-23T04:41:06.345960Z  INFO pack received peer=84ed177f incoming=1 accepted=1 errs=0
2026-07-23T04:41:06.356666Z  INFO pack received peer=220a11f5 incoming=1 accepted=1 errs=0
2026-07-23T04:41:06.366829Z  INFO pack received peer=a9ff608f incoming=1 accepted=1 errs=0
2026-07-23T04:41:06.377472Z  INFO pack received peer=b5f3e490 incoming=1 accepted=1 errs=0
2026-07-23T04:41:06.388226Z  INFO pack received peer=a8637f8f incoming=1 accepted=1 errs=0
2026-07-23T04:41:06.399293Z  INFO pack received peer=26e6ae4e incoming=1 accepted=1 errs=0
2026-07-23T04:41:06.409636Z  INFO pack received peer=84ed177f incoming=1 accepted=1 errs=0
2026-07-23T04:41:06.419692Z  INFO pack received peer=220a11f5 incoming=1 accepted=1 errs=0
2026-07-23T04:41:06.459035Z  INFO pack received peer=a9ff608f incoming=2 accepted=2 errs=0
2026-07-23T04:41:06.473804Z  INFO pack received peer=b5f3e490 incoming=2 accepted=2 errs=0
2026-07-23T04:41:06.487965Z  INFO pack received peer=a8637f8f incoming=2 accepted=2 errs=0
2026-07-23T04:41:06.501258Z  INFO pack received peer=26e6ae4e incoming=2 accepted=2 errs=0
2026-07-23T04:41:06.514848Z  INFO pack received peer=84ed177f incoming=2 accepted=2 errs=0
2026-07-23T04:41:06.528246Z  INFO pack received peer=220a11f5 incoming=2 accepted=2 errs=0
2026-07-23T04:41:06.541588Z  INFO pack received peer=a9ff608f incoming=2 accepted=2 errs=0
2026-07-23T04:41:06.555098Z  INFO pack received peer=b5f3e490 incoming=2 accepted=2 errs=0
2026-07-23T04:41:06.568310Z  INFO pack received peer=a8637f8f incoming=2 accepted=2 errs=0
2026-07-23T04:41:06.581328Z  INFO pack received peer=26e6ae4e incoming=2 accepted=2 errs=0
2026-07-23T04:41:06.594567Z  INFO pack received peer=84ed177f incoming=2 accepted=2 errs=0
2026-07-23T04:41:06.607818Z  INFO pack received peer=220a11f5 incoming=2 accepted=2 errs=0
2026-07-23T04:41:06.620749Z  INFO pack received peer=a9ff608f incoming=2 accepted=2 errs=0
2026-07-23T04:41:06.634155Z  INFO pack received peer=b5f3e490 incoming=2 accepted=2 errs=0
2026-07-23T04:41:06.646907Z  INFO pack received peer=a8637f8f incoming=2 accepted=2 errs=0
2026-07-23T04:41:06.660031Z  INFO pack received peer=84ed177f incoming=2 accepted=2 errs=0
2026-07-23T04:41:06.673031Z  INFO pack received peer=26e6ae4e incoming=2 accepted=2 errs=0
2026-07-23T04:41:06.686512Z  INFO pack received peer=a9ff608f incoming=2 accepted=2 errs=0
2026-07-23T04:41:06.699566Z  INFO pack received peer=220a11f5 incoming=2 accepted=2 errs=0
2026-07-23T04:41:06.713052Z  INFO pack received peer=b5f3e490 incoming=2 accepted=2 errs=0
2026-07-23T04:41:06.725995Z  INFO pack received peer=a8637f8f incoming=2 accepted=2 errs=0
2026-07-23T04:41:06.739123Z  INFO pack received peer=26e6ae4e incoming=2 accepted=2 errs=0
2026-07-23T04:41:06.752598Z  INFO pack received peer=84ed177f incoming=2 accepted=2 errs=0
2026-07-23T04:41:06.765744Z  INFO pack received peer=a9ff608f incoming=2 accepted=2 errs=0
2026-07-23T04:41:06.778939Z  INFO pack received peer=220a11f5 incoming=2 accepted=2 errs=0
2026-07-23T04:41:06.791945Z  INFO pack received peer=b5f3e490 incoming=2 accepted=2 errs=0
2026-07-23T04:41:06.804496Z  INFO pack received peer=a8637f8f incoming=2 accepted=2 errs=0
2026-07-23T04:41:06.817582Z  INFO pack received peer=26e6ae4e incoming=2 accepted=2 errs=0
2026-07-23T04:41:06.830510Z  INFO pack received peer=84ed177f incoming=2 accepted=2 errs=0
2026-07-23T04:41:06.843838Z  INFO pack received peer=220a11f5 incoming=2 accepted=2 errs=0
2026-07-23T04:41:06.900290Z  INFO pack received peer=a9ff608f incoming=1 accepted=1 errs=0
2026-07-23T04:41:06.912062Z  INFO pack received peer=b5f3e490 incoming=1 accepted=1 errs=0
2026-07-23T04:41:06.921913Z  INFO pack received peer=a8637f8f incoming=1 accepted=1 errs=0
2026-07-23T04:41:06.931720Z  INFO pack received peer=26e6ae4e incoming=1 accepted=1 errs=0
2026-07-23T04:41:06.941905Z  INFO pack received peer=84ed177f incoming=1 accepted=1 errs=0
2026-07-23T04:41:06.952134Z  INFO pack received peer=220a11f5 incoming=1 accepted=1 errs=0
2026-07-23T04:41:06.962259Z  INFO pack received peer=a9ff608f incoming=1 accepted=1 errs=0
2026-07-23T04:41:06.972544Z  INFO pack received peer=b5f3e490 incoming=1 accepted=1 errs=0
2026-07-23T04:41:06.982461Z  INFO pack received peer=a8637f8f incoming=1 accepted=1 errs=0
2026-07-23T04:41:06.992498Z  INFO pack received peer=26e6ae4e incoming=1 accepted=1 errs=0
2026-07-23T04:41:07.002807Z  INFO pack received peer=84ed177f incoming=1 accepted=1 errs=0
2026-07-23T04:41:07.012970Z  INFO pack received peer=220a11f5 incoming=1 accepted=1 errs=0
2026-07-23T04:41:07.023329Z  INFO pack received peer=a9ff608f incoming=1 accepted=1 errs=0
2026-07-23T04:41:07.033793Z  INFO pack received peer=a8637f8f incoming=1 accepted=1 errs=0
2026-07-23T04:41:07.043811Z  INFO pack received peer=b5f3e490 incoming=1 accepted=1 errs=0
2026-07-23T04:41:07.053996Z  INFO pack received peer=84ed177f incoming=1 accepted=1 errs=0
2026-07-23T04:41:07.064416Z  INFO pack received peer=26e6ae4e incoming=1 accepted=1 errs=0
2026-07-23T04:41:07.075348Z  INFO pack received peer=a9ff608f incoming=1 accepted=1 errs=0
2026-07-23T04:41:07.085725Z  INFO pack received peer=220a11f5 incoming=1 accepted=1 errs=0
2026-07-23T04:41:07.095867Z  INFO pack received peer=b5f3e490 incoming=1 accepted=1 errs=0
2026-07-23T04:41:07.105798Z  INFO pack received peer=a8637f8f incoming=1 accepted=1 errs=0
2026-07-23T04:41:07.116431Z  INFO pack received peer=84ed177f incoming=1 accepted=1 errs=0
2026-07-23T04:41:07.127088Z  INFO pack received peer=26e6ae4e incoming=1 accepted=1 errs=0
2026-07-23T04:41:07.137639Z  INFO pack received peer=a9ff608f incoming=1 accepted=1 errs=0
2026-07-23T04:41:07.147640Z  INFO pack received peer=220a11f5 incoming=1 accepted=1 errs=0
2026-07-23T04:41:07.157954Z  INFO pack received peer=b5f3e490 incoming=1 accepted=1 errs=0
2026-07-23T04:41:07.168189Z  INFO pack received peer=a8637f8f incoming=1 accepted=1 errs=0
2026-07-23T04:41:07.178488Z  INFO pack received peer=26e6ae4e incoming=1 accepted=1 errs=0
2026-07-23T04:41:07.188872Z  INFO pack received peer=84ed177f incoming=1 accepted=1 errs=0
2026-07-23T04:41:07.199215Z  INFO pack received peer=220a11f5 incoming=1 accepted=1 errs=0
2026-07-23T04:41:07.232976Z  INFO peer connected room=bench-rust-integrated-hosted-server-6p-1784781667229-14-625469 peer=8af0672c
2026-07-23T04:41:07.233809Z  INFO peer connected room=bench-rust-integrated-hosted-server-6p-1784781667229-14-625469 peer=66a096b2
2026-07-23T04:41:07.233834Z  INFO peer connected room=bench-rust-integrated-hosted-server-6p-1784781667229-14-625469 peer=152b72d8
2026-07-23T04:41:07.233848Z  INFO peer connected room=bench-rust-integrated-hosted-server-6p-1784781667229-14-625469 peer=5a45345a
2026-07-23T04:41:07.233880Z  INFO peer connected room=bench-rust-integrated-hosted-server-6p-1784781667229-14-625469 peer=62b5324b
2026-07-23T04:41:07.233966Z  INFO peer connected room=bench-rust-integrated-hosted-server-6p-1784781667229-14-625469 peer=2f280069
2026-07-23T04:41:07.463258Z  INFO pack received peer=8af0672c incoming=4 accepted=4 errs=0
2026-07-23T04:41:07.463920Z  INFO pack received peer=8af0672c incoming=0 accepted=0 errs=0
2026-07-23T04:41:07.464094Z  INFO pack received peer=8af0672c incoming=0 accepted=0 errs=0
2026-07-23T04:41:07.464242Z  INFO pack received peer=8af0672c incoming=0 accepted=0 errs=0
2026-07-23T04:41:07.500628Z  INFO pack received peer=8af0672c incoming=1 accepted=1 errs=0
2026-07-23T04:41:07.511773Z  INFO pack received peer=152b72d8 incoming=1 accepted=1 errs=0
2026-07-23T04:41:07.521867Z  INFO pack received peer=5a45345a incoming=1 accepted=1 errs=0
2026-07-23T04:41:07.531766Z  INFO pack received peer=62b5324b incoming=1 accepted=1 errs=0
2026-07-23T04:41:07.542344Z  INFO pack received peer=2f280069 incoming=1 accepted=1 errs=0
2026-07-23T04:41:07.552999Z  INFO pack received peer=66a096b2 incoming=1 accepted=1 errs=0
2026-07-23T04:41:07.563006Z  INFO pack received peer=8af0672c incoming=1 accepted=1 errs=0
2026-07-23T04:41:07.573132Z  INFO pack received peer=152b72d8 incoming=1 accepted=1 errs=0
2026-07-23T04:41:07.583090Z  INFO pack received peer=5a45345a incoming=1 accepted=1 errs=0
2026-07-23T04:41:07.593199Z  INFO pack received peer=62b5324b incoming=1 accepted=1 errs=0
2026-07-23T04:41:07.603177Z  INFO pack received peer=2f280069 incoming=1 accepted=1 errs=0
2026-07-23T04:41:07.613521Z  INFO pack received peer=66a096b2 incoming=1 accepted=1 errs=0
2026-07-23T04:41:07.624228Z  INFO pack received peer=8af0672c incoming=1 accepted=1 errs=0
2026-07-23T04:41:07.634527Z  INFO pack received peer=152b72d8 incoming=1 accepted=1 errs=0
2026-07-23T04:41:07.644523Z  INFO pack received peer=5a45345a incoming=1 accepted=1 errs=0
2026-07-23T04:41:07.654540Z  INFO pack received peer=62b5324b incoming=1 accepted=1 errs=0
2026-07-23T04:41:07.664986Z  INFO pack received peer=2f280069 incoming=1 accepted=1 errs=0
2026-07-23T04:41:07.675336Z  INFO pack received peer=66a096b2 incoming=1 accepted=1 errs=0
2026-07-23T04:41:07.685675Z  INFO pack received peer=8af0672c incoming=1 accepted=1 errs=0
2026-07-23T04:41:07.696121Z  INFO pack received peer=152b72d8 incoming=1 accepted=1 errs=0
2026-07-23T04:41:07.706352Z  INFO pack received peer=5a45345a incoming=1 accepted=1 errs=0
2026-07-23T04:41:07.716314Z  INFO pack received peer=62b5324b incoming=1 accepted=1 errs=0
2026-07-23T04:41:07.726644Z  INFO pack received peer=2f280069 incoming=1 accepted=1 errs=0
2026-07-23T04:41:07.736549Z  INFO pack received peer=66a096b2 incoming=1 accepted=1 errs=0
2026-07-23T04:41:07.746907Z  INFO pack received peer=8af0672c incoming=1 accepted=1 errs=0
2026-07-23T04:41:07.756654Z  INFO pack received peer=152b72d8 incoming=1 accepted=1 errs=0
2026-07-23T04:41:07.766739Z  INFO pack received peer=5a45345a incoming=1 accepted=1 errs=0
2026-07-23T04:41:07.777316Z  INFO pack received peer=62b5324b incoming=1 accepted=1 errs=0
2026-07-23T04:41:07.787496Z  INFO pack received peer=2f280069 incoming=1 accepted=1 errs=0
2026-07-23T04:41:07.798108Z  INFO pack received peer=66a096b2 incoming=1 accepted=1 errs=0
2026-07-23T04:41:07.825819Z  INFO pack received peer=8af0672c incoming=2 accepted=2 errs=0
2026-07-23T04:41:07.840420Z  INFO pack received peer=152b72d8 incoming=2 accepted=2 errs=0
2026-07-23T04:41:07.854973Z  INFO pack received peer=5a45345a incoming=2 accepted=2 errs=0
2026-07-23T04:41:07.869226Z  INFO pack received peer=62b5324b incoming=2 accepted=2 errs=0
2026-07-23T04:41:07.882124Z  INFO pack received peer=2f280069 incoming=2 accepted=2 errs=0
2026-07-23T04:41:07.894737Z  INFO pack received peer=66a096b2 incoming=2 accepted=2 errs=0
2026-07-23T04:41:07.907404Z  INFO pack received peer=8af0672c incoming=2 accepted=2 errs=0
2026-07-23T04:41:07.920369Z  INFO pack received peer=152b72d8 incoming=2 accepted=2 errs=0
2026-07-23T04:41:07.933040Z  INFO pack received peer=5a45345a incoming=2 accepted=2 errs=0
2026-07-23T04:41:07.946072Z  INFO pack received peer=62b5324b incoming=2 accepted=2 errs=0
2026-07-23T04:41:07.959552Z  INFO pack received peer=2f280069 incoming=2 accepted=2 errs=0
2026-07-23T04:41:07.972655Z  INFO pack received peer=66a096b2 incoming=2 accepted=2 errs=0
2026-07-23T04:41:07.985783Z  INFO pack received peer=8af0672c incoming=2 accepted=2 errs=0
2026-07-23T04:41:07.999784Z  INFO pack received peer=152b72d8 incoming=2 accepted=2 errs=0
2026-07-23T04:41:08.013461Z  INFO pack received peer=5a45345a incoming=2 accepted=2 errs=0
2026-07-23T04:41:08.027238Z  INFO pack received peer=62b5324b incoming=2 accepted=2 errs=0
2026-07-23T04:41:08.040514Z  INFO pack received peer=2f280069 incoming=2 accepted=2 errs=0
2026-07-23T04:41:08.053448Z  INFO pack received peer=66a096b2 incoming=2 accepted=2 errs=0
2026-07-23T04:41:08.066186Z  INFO pack received peer=8af0672c incoming=2 accepted=2 errs=0
2026-07-23T04:41:08.080104Z  INFO pack received peer=152b72d8 incoming=2 accepted=2 errs=0
2026-07-23T04:41:08.093299Z  INFO pack received peer=5a45345a incoming=2 accepted=2 errs=0
2026-07-23T04:41:08.105980Z  INFO pack received peer=62b5324b incoming=2 accepted=2 errs=0
2026-07-23T04:41:08.119446Z  INFO pack received peer=2f280069 incoming=2 accepted=2 errs=0
2026-07-23T04:41:08.132578Z  INFO pack received peer=66a096b2 incoming=2 accepted=2 errs=0
2026-07-23T04:41:08.145841Z  INFO pack received peer=8af0672c incoming=2 accepted=2 errs=0
2026-07-23T04:41:08.159220Z  INFO pack received peer=152b72d8 incoming=2 accepted=2 errs=0
2026-07-23T04:41:08.171968Z  INFO pack received peer=5a45345a incoming=2 accepted=2 errs=0
2026-07-23T04:41:08.185088Z  INFO pack received peer=62b5324b incoming=2 accepted=2 errs=0
2026-07-23T04:41:08.198346Z  INFO pack received peer=2f280069 incoming=2 accepted=2 errs=0
2026-07-23T04:41:08.211684Z  INFO pack received peer=66a096b2 incoming=2 accepted=2 errs=0
2026-07-23T04:41:08.243917Z  INFO pack received peer=8af0672c incoming=1 accepted=1 errs=0
2026-07-23T04:41:08.254045Z  INFO pack received peer=152b72d8 incoming=1 accepted=1 errs=0
2026-07-23T04:41:08.264299Z  INFO pack received peer=5a45345a incoming=1 accepted=1 errs=0
2026-07-23T04:41:08.274598Z  INFO pack received peer=62b5324b incoming=1 accepted=1 errs=0
2026-07-23T04:41:08.285461Z  INFO pack received peer=2f280069 incoming=1 accepted=1 errs=0
2026-07-23T04:41:08.296068Z  INFO pack received peer=66a096b2 incoming=1 accepted=1 errs=0
2026-07-23T04:41:08.306331Z  INFO pack received peer=8af0672c incoming=1 accepted=1 errs=0
2026-07-23T04:41:08.316171Z  INFO pack received peer=152b72d8 incoming=1 accepted=1 errs=0
2026-07-23T04:41:08.325922Z  INFO pack received peer=5a45345a incoming=1 accepted=1 errs=0
2026-07-23T04:41:08.336264Z  INFO pack received peer=62b5324b incoming=1 accepted=1 errs=0
2026-07-23T04:41:08.346799Z  INFO pack received peer=66a096b2 incoming=1 accepted=1 errs=0
2026-07-23T04:41:08.357153Z  INFO pack received peer=2f280069 incoming=1 accepted=1 errs=0
2026-07-23T04:41:08.367293Z  INFO pack received peer=152b72d8 incoming=1 accepted=1 errs=0
2026-07-23T04:41:08.377331Z  INFO pack received peer=5a45345a incoming=1 accepted=1 errs=0
2026-07-23T04:41:08.387261Z  INFO pack received peer=8af0672c incoming=1 accepted=1 errs=0
2026-07-23T04:41:08.397754Z  INFO pack received peer=62b5324b incoming=1 accepted=1 errs=0
2026-07-23T04:41:08.408127Z  INFO pack received peer=66a096b2 incoming=1 accepted=1 errs=0
2026-07-23T04:41:08.418138Z  INFO pack received peer=2f280069 incoming=1 accepted=1 errs=0
2026-07-23T04:41:08.428515Z  INFO pack received peer=152b72d8 incoming=1 accepted=1 errs=0
2026-07-23T04:41:08.438762Z  INFO pack received peer=8af0672c incoming=1 accepted=1 errs=0
2026-07-23T04:41:08.448697Z  INFO pack received peer=5a45345a incoming=1 accepted=1 errs=0
2026-07-23T04:41:08.458986Z  INFO pack received peer=62b5324b incoming=1 accepted=1 errs=0
2026-07-23T04:41:08.469675Z  INFO pack received peer=66a096b2 incoming=1 accepted=1 errs=0
2026-07-23T04:41:08.480317Z  INFO pack received peer=2f280069 incoming=1 accepted=1 errs=0
2026-07-23T04:41:08.490481Z  INFO pack received peer=152b72d8 incoming=1 accepted=1 errs=0
2026-07-23T04:41:08.500599Z  INFO pack received peer=8af0672c incoming=1 accepted=1 errs=0
2026-07-23T04:41:08.510492Z  INFO pack received peer=5a45345a incoming=1 accepted=1 errs=0
2026-07-23T04:41:08.521626Z  INFO pack received peer=62b5324b incoming=1 accepted=1 errs=0
2026-07-23T04:41:08.534423Z  INFO pack received peer=2f280069 incoming=1 accepted=1 errs=0
2026-07-23T04:41:08.544235Z  INFO pack received peer=66a096b2 incoming=1 accepted=1 errs=0
